{"type": "FeatureCollection", "features": [{"type": "Feature", "properties": {"postcode": "2114", "name": "Postcode 2114", "region": "Other Endeavour", "flexibleExport": 84.6, "networkVisibility": 53.8, "connectionAssessment": 28.1, "derOrchestration": 71.8, "composite": 59.6, "solarKwTotal": 13293.14, "solarGrowthPct": 63.3177570093458, "batteryInstalls": 420.0, "meanAvailableKva": 400.635375, "distSubstationCount": 23}, "geometry": {"type": "Polygon", "coordinates": [[[151.0898169686588, -33.82104898130374], [151.1029828885669, -33.80731850087181], [151.0989126283028, -33.7992722711197], [151.09015203846315, -33.79289923127034], [151.07690191856508, -33.79889617100102], [151.07043415811387, -33.79966238118522], [151.0682390088345, -33.796294001294804], [151.06534740829167, -33.79681656106673], [151.06618153805044, -33.80298156147254], [151.0705159488222, -33.80706386154089], [151.06520990856106, -33.80970999152833], [151.06752218827205, -33.822651151448454], [151.0737458387313, -33.818448971200645], [151.0898169686588, -33.82104898130374]]]}}, {"type": "Feature", "properties": {"postcode": "2115", "name": "Postcode 2115", "region": "Other Endeavour", "flexibleExport": 82.9, "networkVisibility": 63.4, "connectionAssessment": 34.4, "derOrchestration": 63.0, "composite": 60.9, "solarKwTotal": 8542.07, "solarGrowthPct": 89.58333333333334, "batteryInstalls": 237.0, "meanAvailableKva": 262.20977586206897, "distSubstationCount": 63}, "geometry": {"type": "Polygon", "coordinates": [[[151.05751088843533, -33.80206185132176], [151.05011869867468, -33.80334821141011], [151.05313432871048, -33.80936598117248], [151.05110291805283, -33.82423821086062], [151.06752218827205, -33.822651151448454], [151.06520990856106, -33.80970999152833], [151.0702426786178, -33.806194200999606], [151.06618153805044, -33.80298156147254], [151.06520158836489, -33.79651244124981], [151.05699777882987, -33.798725580892444], [151.05751088843533, -33.80206185132176]]]}}, {"type": "Feature", "properties": {"postcode": "2116", "name": "Rydalmere", "region": "Other Endeavour", "flexibleExport": 62.4, "networkVisibility": 72.0, "connectionAssessment": 21.5, "derOrchestration": 34.3, "composite": 47.5, "solarKwTotal": 6548.31, "solarGrowthPct": 83.87096774193549, "batteryInstalls": 130.0, "meanAvailableKva": 2518.0195591397846, "distSubstationCount": 104}, "geometry": {"type": "Polygon", "coordinates": [[[151.04295720885546, -33.80644504135156], [151.0320250981233, -33.804657181405176], [151.02979523883963, -33.80935546134892], [151.02367951826682, -33.80917105148309], [151.0225547287164, -33.81435138107166], [151.03437587872907, -33.819009040829016], [151.0430992280103, -33.81801740090549], [151.05110291805283, -33.82423821086062], [151.05313432871048, -33.80936598117248], [151.0504854484659, -33.80351501150841], [151.04295720885546, -33.80644504135156]]]}}, {"type": "Feature", "properties": {"postcode": "2117", "name": "Postcode 2117", "region": "Other Endeavour", "flexibleExport": 82.7, "networkVisibility": 66.5, "connectionAssessment": 45.5, "derOrchestration": 63.1, "composite": 64.5, "solarKwTotal": 15942.71, "solarGrowthPct": 84.08644400785855, "batteryInstalls": 518.0, "meanAvailableKva": 133.11808035714287, "distSubstationCount": 127}, "geometry": {"type": "Polygon", "coordinates": [[[151.04140522816667, -33.806223981392726], [151.05751088843533, -33.80206185132176], [151.05699777882987, -33.798725580892444], [151.06520158836489, -33.79651244124981], [151.06584672875752, -33.79103145088331], [151.05574728802173, -33.789224611172656], [151.0590625484256, -33.78831693154652], [151.0542899879673, -33.78511800156806], [151.04442490870602, -33.789932831220455], [151.0341098687088, -33.78579075129936], [151.02231565827324, -33.78992848093453], [151.01412771837605, -33.795698520928134], [151.01582135799526, -33.798756700860565], [151.02449528825778, -33.80071659108452], [151.0237652885118, -33.80419892090833], [151.0291750680186, -33.80406990150664], [151.02800410865586, -33.80899608103695], [151.033061878827, -33.80430376115874], [151.04140522816667, -33.806223981392726]]]}}, {"type": "Feature", "properties": {"postcode": "2118", "name": "Carlingford", "region": "Other Endeavour", "flexibleExport": 81.2, "networkVisibility": 64.2, "connectionAssessment": 45.3, "derOrchestration": 67.5, "composite": 64.5, "solarKwTotal": 20245.26, "solarGrowthPct": 59.37940761636107, "batteryInstalls": 752.0, "meanAvailableKva": 236.26293571428573, "distSubstationCount": 152}, "geometry": {"type": "Polygon", "coordinates": [[[151.06530239820435, -33.78974921118683], [151.06466839871788, -33.78704610104124], [151.06957121848563, -33.78595390109869], [151.0640358886381, -33.78425701107095], [151.0634479781156, -33.78143300138204], [151.0601338882166, -33.783744061387765], [151.05990528853636, -33.775053481380176], [151.0568139987941, -33.776070000987595], [151.05636000821585, -33.77398200136629], [151.05811000813597, -33.768397991439535], [151.0615150183215, -33.7681870011669], [151.0650805583467, -33.76222077145569], [151.05451493869086, -33.76536621130634], [151.05395100869484, -33.762946581087654], [151.04959765874196, -33.76322247133118], [151.04970131803748, -33.766169931386486], [151.0476004882697, -33.766488901113576], [151.04893933826745, -33.7586382111903], [151.02934672798455, -33.76336270134459], [151.03214999808378, -33.772092000887874], [151.0301739982078, -33.77237499143763], [151.03133016860605, -33.77858089088277], [151.0212049983239, -33.782634000828565], [151.0267450083941, -33.78275790149557], [151.0277543788035, -33.78800938156117], [151.0341098687088, -33.78579075129936], [151.04442490870602, -33.789932831220455], [151.0542899879673, -33.78511800156806], [151.0590625484256, -33.78831693154652], [151.05548050814534, -33.788746531350554], [151.05574728802173, -33.789224611172656], [151.06204608884275, -33.79181311129725], [151.06530239820435, -33.78974921118683]]]}}, {"type": "Feature", "properties": {"postcode": "2121", "name": "Postcode 2121", "region": "Other Endeavour", "flexibleExport": 86.1, "networkVisibility": 59.2, "connectionAssessment": 40.4, "derOrchestration": 74.3, "composite": 65.0, "solarKwTotal": 20810.32, "solarGrowthPct": 60.36505867014341, "batteryInstalls": 812.0, "meanAvailableKva": 136.48856097560974, "distSubstationCount": 42}, "geometry": {"type": "Polygon", "coordinates": [[[151.0866741785013, -33.783355541530064], [151.09389000831038, -33.77840660159079], [151.09380397845229, -33.77072529154084], [151.0967782886799, -33.76577151160452], [151.10536717812943, -33.76118466114708], [151.10530895831587, -33.75747372154177], [151.09715200849934, -33.751765990983785], [151.08556497831432, -33.753570001363194], [151.08362426875433, -33.764188891212676], [151.06831934876362, -33.76065974129849], [151.0569253288039, -33.77054322088761], [151.0568139987941, -33.776070000987595], [151.05990528853636, -33.775053481380176], [151.06123326802086, -33.78035671130578], [151.0601338882166, -33.783744061387765], [151.0634479781156, -33.78143300138204], [151.0640358886381, -33.78425701107095], [151.069907898071, -33.78688904110258], [151.06959735856213, -33.78323089136224], [151.07271802860404, -33.781930211475014], [151.0866741785013, -33.783355541530064]]]}}, {"type": "Feature", "properties": {"postcode": "2122", "name": "Postcode 2122", "region": "Other Endeavour", "flexibleExport": 82.8, "networkVisibility": 52.0, "connectionAssessment": 36.1, "derOrchestration": 75.3, "composite": 61.5, "solarKwTotal": 18512.93, "solarGrowthPct": 64.7887323943662, "batteryInstalls": 712.0, "meanAvailableKva": 202.8164117647059, "distSubstationCount": 17}, "geometry": {"type": "Polygon", "coordinates": [[[151.11580200846976, -33.7847780010063], [151.1046926583354, -33.775104341584665], [151.10765002813335, -33.772282990899825], [151.10358998800226, -33.76933100146205], [151.1048659882695, -33.76782599108014], [151.10910097799714, -33.770883011368944], [151.1156062682643, -33.76120841090724], [151.10536717812943, -33.76118466114708], [151.0967782886799, -33.76577151160452], [151.09380397845229, -33.77072529154084], [151.0939356984224, -33.77829790141919], [151.09137646824652, -33.780951721214215], [151.0866741785013, -33.783355541530064], [151.07271802860404, -33.781930211475014], [151.06959735856213, -33.78323089136224], [151.0702874587364, -33.78674439088924], [151.06466839871788, -33.78704610104124], [151.06518505846537, -33.79647150153047], [151.0682390088345, -33.796294001294804], [151.07043415811387, -33.79966238118522], [151.07690191856508, -33.79889617100102], [151.09241598881184, -33.791273001409984], [151.102252008472, -33.795403000853206], [151.10623802832203, -33.79037599108078], [151.10967176842698, -33.79384559131432], [151.11202495831432, -33.79054201091201], [151.110703988384, -33.787907001528986], [151.11401299831005, -33.7889560114184], [151.11580200846976, -33.7847780010063]]]}}, {"type": "Feature", "properties": {"postcode": "2125", "name": "West Pennant Hills", "region": "Other Endeavour", "flexibleExport": 85.9, "networkVisibility": 56.3, "connectionAssessment": 37.1, "derOrchestration": 72.1, "composite": 62.8, "solarKwTotal": 23099.16, "solarGrowthPct": 56.00000000000001, "batteryInstalls": 818.0, "meanAvailableKva": 266.95997727272726, "distSubstationCount": 91}, "geometry": {"type": "Polygon", "coordinates": [[[151.04784130863104, -33.75296316092726], [151.0564726883935, -33.74171803133682], [151.05578473878603, -33.73858917125672], [151.0581258086035, -33.73822557134366], [151.05417898853747, -33.73182200126114], [151.04855298813513, -33.733335001564164], [151.04762099860423, -33.73714500120408], [151.03754097854664, -33.73981474123703], [151.02367440864947, -33.73226161123945], [151.0213945482388, -33.73505156130603], [151.02170011826752, -33.74182914139249], [151.00875400802448, -33.75385599133448], [151.00860099798217, -33.75711399125635], [151.02919181800542, -33.76344223085986], [151.04893933826745, -33.7586382111903], [151.04784130863104, -33.75296316092726]]]}}, {"type": "Feature", "properties": {"postcode": "2142", "name": "Granville", "region": "Other Endeavour", "flexibleExport": 52.0, "networkVisibility": 69.0, "connectionAssessment": 31.5, "derOrchestration": 27.6, "composite": 45.0, "solarKwTotal": 13640.13, "solarGrowthPct": 57.434402332361515, "batteryInstalls": 187.0, "meanAvailableKva": 4280.196397260274, "distSubstationCount": 258}, "geometry": {"type": "Polygon", "coordinates": [[[151.00382030866885, -33.87072891100481], [151.01462098868845, -33.869409991084865], [151.01393299865674, -33.860118000914866], [151.01793101820232, -33.85003400136814], [151.01636498876078, -33.84666500127843], [151.01796299822644, -33.838483011013764], [151.02358399860606, -33.83451200122445], [151.02978202821504, -33.83526800108561], [151.0460950088716, -33.829093001115496], [151.0500420086006, -33.82418400145798], [151.04441519881613, -33.81858137140998], [151.03437587872907, -33.819009040829016], [151.02274106805243, -33.81431301139785], [151.02212804871937, -33.81802796145829], [151.01369376831343, -33.82264538114615], [151.01297194862644, -33.826935161373356], [151.007365408428, -33.826875791112464], [151.00730499852182, -33.824503001358025], [150.99496485853183, -33.82415020116164], [150.99242087815622, -33.83297604116535], [151.00102549800468, -33.83656829120731], [151.00080638812713, -33.84003216080791], [151.0066354383265, -33.841907260879466], [151.00548072858885, -33.84768100086241], [151.00833531854195, -33.852172560936204], [151.0073388281771, -33.857444151055], [151.00499768829096, -33.858618571234224], [151.0070509181285, -33.85891748115838], [151.00543206864654, -33.86116108117416], [151.00729408848267, -33.863171940936134], [151.00382030866885, -33.87072891100481]]]}}, {"type": "Feature", "properties": {"postcode": "2145", "name": "Greystanes", "region": "Western Sydney", "flexibleExport": 62.9, "networkVisibility": 67.2, "connectionAssessment": 50.9, "derOrchestration": 51.1, "composite": 58.0, "solarKwTotal": 62161.01, "solarGrowthPct": 39.50563746747615, "batteryInstalls": 1564.0, "meanAvailableKva": 742.8033190789474, "distSubstationCount": 665}, "geometry": {"type": "Polygon", "coordinates": [[[150.97298261820214, -33.78650481131279], [150.9655746585167, -33.79868710119442], [150.96331836810236, -33.798383270947], [150.96389477839267, -33.79535864151185], [150.95282578866568, -33.795599861063515], [150.95084558826744, -33.790552761498205], [150.9390178383324, -33.79433301093797], [150.93387057799268, -33.807160930997746], [150.91596830871532, -33.80540066096103], [150.9182512781952, -33.80954771103229], [150.90890029848282, -33.82538186079622], [150.91440041886278, -33.8323069113273], [150.91241700878405, -33.8347420109191], [150.92485999868757, -33.84210000145241], [150.92741653840912, -33.84125099105498], [150.92498683811073, -33.83359832128188], [150.9579763080933, -33.83803949144747], [150.9603162487285, -33.83033068095481], [150.96948336845503, -33.82893234090158], [150.9693982881162, -33.824793251523786], [150.97156200803872, -33.82387317136356], [150.9806145485491, -33.82280200083462], [150.98186343855937, -33.81788918151012], [150.9882893680611, -33.82393501090192], [150.99014196816307, -33.821225721204584], [150.99410100801188, -33.821452000821445], [150.99396464824335, -33.815094951036734], [150.9900310082592, -33.81095301094206], [150.99566747852626, -33.803432921530366], [150.9989834683621, -33.80401910105291], [150.99621392820518, -33.79889511097718], [150.97908100847647, -33.8003180012956], [150.98365803803676, -33.79485580141451], [150.97298261820214, -33.78650481131279]]]}}, {"type": "Feature", "properties": {"postcode": "2146", "name": "Old Toongabbie", "region": "Western Sydney", "flexibleExport": 69.0, "networkVisibility": 54.5, "connectionAssessment": 47.5, "derOrchestration": 66.3, "composite": 59.3, "solarKwTotal": 15114.76, "solarGrowthPct": 31.35464231354642, "batteryInstalls": 430.0, "meanAvailableKva": 202.56946788990825, "distSubstationCount": 114}, "geometry": {"type": "Polygon", "coordinates": [[[150.9788700786579, -33.783928981482475], [150.97355501841292, -33.78116801113471], [150.9608249880301, -33.77926301111515], [150.9560089886379, -33.78071799114755], [150.95160920836125, -33.77675552147466], [150.94409100832243, -33.782370011061225], [150.94328399870216, -33.78706605091118], [150.92617969840006, -33.79781123119582], [150.9286530083123, -33.803465001222015], [150.93387057799268, -33.807160930997746], [150.9389250585332, -33.79446777093629], [150.94245241836214, -33.792134121439126], [150.95187299864443, -33.79060600151663], [150.95251400858342, -33.79546499086854], [150.96389477839267, -33.79535864151185], [150.96331836810236, -33.798383270947], [150.9655746585167, -33.79868710119442], [150.96730716823822, -33.796046671189345], [150.96943171802118, -33.79668499089194], [150.97093883864133, -33.78799097138122], [150.97298261820214, -33.78650481131279], [150.9772053486211, -33.78968335126214], [150.9790660084078, -33.788081991200585], [150.9788700786579, -33.783928981482475]]]}}, {"type": "Feature", "properties": {"postcode": "2147", "name": "Seven Hills", "region": "Western Sydney", "flexibleExport": 64.4, "networkVisibility": 65.5, "connectionAssessment": 50.4, "derOrchestration": 59.7, "composite": 60.0, "solarKwTotal": 39201.8, "solarGrowthPct": 35.598923283983844, "batteryInstalls": 927.0, "meanAvailableKva": 576.1390529595016, "distSubstationCount": 354}, "geometry": {"type": "Polygon", "coordinates": [[[150.92605924869355, -33.79686786148068], [150.94328399870216, -33.78706605091118], [150.94409100832243, -33.782370011061225], [150.95160920836125, -33.77675552147466], [150.9560089886379, -33.78071799114755], [150.9608249880301, -33.77926301111515], [150.96687850835434, -33.78112065109561], [150.9600619886722, -33.77220500112907], [150.95316801804285, -33.754662000986684], [150.93919000854146, -33.745851011429636], [150.91773983855785, -33.739333661347004], [150.9163426887965, -33.747700230928906], [150.92063603847492, -33.7479878710469], [150.9277363880576, -33.753025791125715], [150.92686800823202, -33.75549300093824], [150.92199215858406, -33.75465588104151], [150.9200655085565, -33.75762937082924], [150.91999699854134, -33.76060640126136], [150.92200701851542, -33.76084500099268], [150.91856498875705, -33.770828010970014], [150.92429402861754, -33.77472100126764], [150.92022132852904, -33.778371081538744], [150.92090942815526, -33.78412179150607], [150.92314402874695, -33.78547608150167], [150.9210096181572, -33.785530071288974], [150.91914103882291, -33.79264021083232], [150.92605924869355, -33.79686786148068]]]}}, {"type": "Feature", "properties": {"postcode": "2148", "name": "Arndell Park", "region": "Western Sydney", "flexibleExport": 48.0, "networkVisibility": 56.4, "connectionAssessment": 46.2, "derOrchestration": 46.3, "composite": 49.2, "solarKwTotal": 63407.44, "solarGrowthPct": 20.059246720270842, "batteryInstalls": 1194.0, "meanAvailableKva": 1236.1668968903439, "distSubstationCount": 699}, "geometry": {"type": "Polygon", "coordinates": [[[150.9199131587759, -33.78782494137735], [150.92314402874695, -33.78547608150167], [150.92090942815526, -33.78412179150607], [150.92022132852904, -33.778371081538744], [150.92429402861754, -33.77472100126764], [150.91856498875705, -33.770828010970014], [150.92200701851542, -33.76084500099268], [150.91999699854134, -33.76060640126136], [150.9200655085565, -33.75762937082924], [150.92199215858406, -33.75465588104151], [150.92686800823202, -33.75549300093824], [150.9277363880576, -33.753025791125715], [150.92063603847492, -33.7479878710469], [150.9163426887965, -33.747700230928906], [150.91790422845824, -33.73850242113024], [150.893889278507, -33.73518400083145], [150.8969446580957, -33.73755381149785], [150.89090196875893, -33.74319500128963], [150.88681597809583, -33.740215001264914], [150.8797990685283, -33.747352560891635], [150.88727671861514, -33.75218794131595], [150.88606600880104, -33.761181991249735], [150.88212035834158, -33.78105891127583], [150.87948425842853, -33.78072319084709], [150.87902026870282, -33.78335955093946], [150.87247600862037, -33.78325499115547], [150.87014463881127, -33.80044216078289], [150.88831740878695, -33.80003828086474], [150.88837390832674, -33.80563934119789], [150.88567177864704, -33.80704507105016], [150.87902760883705, -33.80530869142313], [150.87276318833858, -33.810738930949654], [150.8708819086228, -33.82386190107601], [150.87818591885681, -33.829002001034375], [150.88427710823584, -33.82750198118895], [150.8833261382014, -33.832267340858124], [150.8879649583785, -33.829739020850845], [150.8889588885448, -33.83400205097071], [150.89590797890165, -33.828552981011256], [150.90955000860535, -33.825219001079105], [150.9182512781952, -33.80954771103229], [150.91596830871532, -33.80540066096103], [150.93074602812706, -33.80564301142787], [150.92605924869355, -33.79686786148068], [150.91914103882291, -33.79264021083232], [150.9199131587759, -33.78782494137735]]]}}, {"type": "Feature", "properties": {"postcode": "2150", "name": "Parramatta", "region": "Western Sydney", "flexibleExport": 39.9, "networkVisibility": 68.2, "connectionAssessment": 41.8, "derOrchestration": 17.9, "composite": 41.9, "solarKwTotal": 6372.24, "solarGrowthPct": 43.57142857142857, "batteryInstalls": 81.0, "meanAvailableKva": 1000.4363113207546, "distSubstationCount": 360}, "geometry": {"type": "Polygon", "coordinates": [[[151.0291750680186, -33.80406990150664], [151.00698342859957, -33.80878508105795], [151.00792775828745, -33.80385493094261], [151.00308500886274, -33.8035739112972], [151.00175914850394, -33.80616611126523], [150.99566747852626, -33.803432921530366], [150.9900310082592, -33.81095301094206], [150.99396464824335, -33.815094951036734], [150.99410100801188, -33.821452000821445], [150.99014196816307, -33.821225721204584], [150.9882893680611, -33.82393501090192], [150.99427617859396, -33.82664957136928], [150.99496485853183, -33.82415020116164], [151.00730499852182, -33.824503001358025], [151.007365408428, -33.826875791112464], [151.01297194862644, -33.826935161373356], [151.01369376831343, -33.82264538114615], [151.02212804871937, -33.81802796145829], [151.02367951826682, -33.80917105148309], [151.02800410865586, -33.80899608103695], [151.0291750680186, -33.80406990150664]]]}}, {"type": "Feature", "properties": {"postcode": "2151", "name": "North Parramatta", "region": "Western Sydney", "flexibleExport": 61.3, "networkVisibility": 65.5, "connectionAssessment": 40.2, "derOrchestration": 48.0, "composite": 53.8, "solarKwTotal": 14962.13, "solarGrowthPct": 43.4, "batteryInstalls": 422.0, "meanAvailableKva": 889.3972597402596, "distSubstationCount": 177}, "geometry": {"type": "Polygon", "coordinates": [[[151.01887282811592, -33.80850244146876], [151.02449528825778, -33.80071659108452], [151.01582135799526, -33.798756700860565], [151.01412771837605, -33.795698520928134], [151.0277543788035, -33.78800938156117], [151.0267450083941, -33.78275790149557], [151.0212049983239, -33.782634000828565], [151.03133016860605, -33.77858089088277], [151.03154077862442, -33.7692125110256], [151.02927036849047, -33.76343032156368], [151.01175500809757, -33.758088001552885], [151.0087590080474, -33.765341001233814], [151.00508499824838, -33.767063001363056], [151.00692119870655, -33.77105197156113], [151.00454398876684, -33.77704301108497], [151.00743099802017, -33.77665401132248], [151.00968599845368, -33.78153701087165], [151.00609001811685, -33.787208000884235], [150.9991849883281, -33.7856620110076], [151.0012660686344, -33.79030268086374], [150.99732217797458, -33.7910649312977], [150.9992994184239, -33.79629997120202], [150.99570043861237, -33.800856081172114], [150.99984497877068, -33.805793011509195], [151.00792775828745, -33.80385493094261], [151.00698342859957, -33.80878508105795], [151.00947229823075, -33.8090940014446], [151.01887282811592, -33.80850244146876]]]}}, {"type": "Feature", "properties": {"postcode": "2152", "name": "Northmead", "region": "Western Sydney", "flexibleExport": 69.7, "networkVisibility": 73.9, "connectionAssessment": 29.1, "derOrchestration": 49.6, "composite": 55.6, "solarKwTotal": 8547.36, "solarGrowthPct": 73.4375, "batteryInstalls": 221.0, "meanAvailableKva": 1322.9869450549452, "distSubstationCount": 97}, "geometry": {"type": "Polygon", "coordinates": [[[150.99635659863856, -33.79862514113298], [150.99978526865206, -33.79336335142356], [150.99732217797458, -33.7910649312977], [151.0012660686344, -33.79030268086374], [150.99958400829917, -33.785130001176746], [151.00598800812813, -33.78724600120053], [151.00968599845368, -33.78153701087165], [151.00743099802017, -33.77665401132248], [151.00454398876684, -33.77704301108497], [151.00692119870655, -33.77105197156113], [151.00517145839947, -33.766949811380854], [151.00171990829574, -33.768984241322364], [151.00122562827693, -33.77547809106731], [150.99694056825197, -33.78164867111756], [150.9923470087921, -33.780808001008694], [150.98605699798614, -33.788598991256364], [150.98113201857691, -33.78403900126072], [150.9772053486211, -33.78968335126214], [150.98365803803676, -33.79485580141451], [150.97911199855713, -33.800333010833484], [150.99635659863856, -33.79862514113298]]]}}, {"type": "Feature", "properties": {"postcode": "2153", "name": "Baulkham Hills", "region": "Western Sydney", "flexibleExport": 75.7, "networkVisibility": 60.9, "connectionAssessment": 55.3, "derOrchestration": 67.2, "composite": 64.8, "solarKwTotal": 72035.04, "solarGrowthPct": 40.29017857142857, "batteryInstalls": 2255.0, "meanAvailableKva": 246.61020545073376, "distSubstationCount": 531}, "geometry": {"type": "Polygon", "coordinates": [[[151.00122562827693, -33.77547809106731], [151.00273150832368, -33.76728361132427], [151.0087590080474, -33.765341001233814], [151.00925299880868, -33.75527001095613], [151.00300500849676, -33.74992201143123], [150.9936910780017, -33.74749396118327], [150.99317708804722, -33.74311839087063], [150.98426787823206, -33.74086259121258], [150.9827483087587, -33.73660511144305], [150.97299075873522, -33.73408545098052], [150.97301733808783, -33.72596967102091], [150.96951048859347, -33.722615011424296], [150.9637148682991, -33.71967218117362], [150.9555789884676, -33.723053990895245], [150.95578082823386, -33.72717362103058], [150.9535949585513, -33.72792811093234], [150.95116700817104, -33.722286000991055], [150.9400579787353, -33.725551990838916], [150.95738000820435, -33.761949001168695], [150.9600619886722, -33.77220500112907], [150.96687850835434, -33.78112065109561], [150.97355501841292, -33.78116801113471], [150.97686899871746, -33.784956991474424], [150.98265099875547, -33.78411001126377], [150.98605699798614, -33.788598991256364], [150.9923470087921, -33.780808001008694], [150.99694056825197, -33.78164867111756], [151.00122562827693, -33.77547809106731]]]}}, {"type": "Feature", "properties": {"postcode": "2154", "name": "Castle Hill", "region": "Western Sydney", "flexibleExport": 75.8, "networkVisibility": 55.7, "connectionAssessment": 53.3, "derOrchestration": 67.8, "composite": 63.2, "solarKwTotal": 48307.22, "solarGrowthPct": 39.21222810111699, "batteryInstalls": 1540.0, "meanAvailableKva": 316.87525846153846, "distSubstationCount": 353}, "geometry": {"type": "Polygon", "coordinates": [[[150.98413398883054, -33.7034750010958], [150.98330485819628, -33.711194071502916], [150.9670549886801, -33.71605700135929], [150.96815801833938, -33.71792600110895], [150.96343998831372, -33.71935000146874], [150.97267956794772, -33.72528974091165], [150.97299075873522, -33.73408545098052], [150.9827483087587, -33.73660511144305], [150.98426787823206, -33.74086259121258], [150.99317708804722, -33.74311839087063], [150.9936910780017, -33.74749396118327], [151.00300500849676, -33.74992201143123], [151.00925299880868, -33.75527001095613], [151.01222300880102, -33.74984801154243], [151.02170011826752, -33.74182914139249], [151.0213945482388, -33.73505156130603], [151.03095370802663, -33.725733660943526], [151.0320906481896, -33.720398171597395], [151.02471761859567, -33.710355461176455], [151.0210990087985, -33.70990099160886], [151.018495018267, -33.713027990898986], [151.0210816686186, -33.71447904156569], [151.01899273793495, -33.7168760515772], [151.01612029845722, -33.714718911388296], [150.99481670837517, -33.71340493120424], [150.99432369857422, -33.71094295152105], [150.99760062876314, -33.71127891159222], [150.98876098807682, -33.703406991334184], [150.98413398883054, -33.7034750010958]]]}}, {"type": "Feature", "properties": {"postcode": "2155", "name": "North Kellyville", "region": "Western Sydney", "flexibleExport": 72.5, "networkVisibility": 56.0, "connectionAssessment": 47.4, "derOrchestration": 67.7, "composite": 60.9, "solarKwTotal": 118240.87, "solarGrowthPct": 13.507290867229472, "batteryInstalls": 3535.0, "meanAvailableKva": 622.1794455958549, "distSubstationCount": 633}, "geometry": {"type": "Polygon", "coordinates": [[[150.9830690684005, -33.71126518145477], [150.98426400828976, -33.7030330009531], [150.9816519984977, -33.69914800105979], [150.96968699856367, -33.69374600160223], [150.96205999817096, -33.679846001372006], [150.94911899844362, -33.67393400109297], [150.94675101869342, -33.66808100142228], [150.93992000828743, -33.6659560016012], [150.9344279987961, -33.65998100116588], [150.93007197815194, -33.66009000153946], [150.9298049880697, -33.656113001594825], [150.92716800870602, -33.65503501141558], [150.91539868879028, -33.66610857130105], [150.9128279682636, -33.664653360930764], [150.90863297871888, -33.66705100141874], [150.90631398859273, -33.67256500132459], [150.89302900867176, -33.66236800148157], [150.87891310867258, -33.670227240852995], [150.89485199850546, -33.68889400100164], [150.90253086852096, -33.684822711126884], [150.90813507848952, -33.69379956109386], [150.91759204862564, -33.6925766309778], [150.91931499847595, -33.697929991549444], [150.91271998807147, -33.69872899086995], [150.91442585825334, -33.70220895128978], [150.91086199807776, -33.71566400147267], [150.9199371384041, -33.71644927091346], [150.923626268646, -33.70509677104232], [150.93032298810357, -33.704207011374486], [150.9400579787353, -33.725551990838916], [150.95116700817104, -33.722286000991055], [150.9535949585513, -33.72792811093234], [150.95578082823386, -33.72717362103058], [150.9553949883446, -33.7232130013399], [150.96815801833938, -33.71792600110895], [150.9670549886801, -33.71605700135929], [150.9830690684005, -33.71126518145477]]]}}, {"type": "Feature", "properties": {"postcode": "2156", "name": "Kenthurst", "region": "Western Sydney", "flexibleExport": 50.3, "networkVisibility": 44.2, "connectionAssessment": 50.7, "derOrchestration": 44.3, "composite": 47.4, "solarKwTotal": 25418.21, "solarGrowthPct": 30.057803468208093, "batteryInstalls": 491.0, "meanAvailableKva": 116.06940174672489, "distSubstationCount": 240}, "geometry": {"type": "Polygon", "coordinates": [[[150.99521177845395, -33.68521330095502], [151.00955901799503, -33.68432500153895], [151.00911199834334, -33.68658700127762], [151.01239126864363, -33.68758026110175], [151.01708615806757, -33.68485856144445], [151.01319299796668, -33.68312900148071], [151.0147332179118, -33.67181654115812], [151.00961500819005, -33.6705580109546], [151.00999299860038, -33.657993011409076], [151.00841999823217, -33.657779001049036], [151.00920000808836, -33.6537790009092], [151.00524299843212, -33.65052001131017], [151.00664397860987, -33.64624299115986], [151.00399539840257, -33.63778542121889], [151.00092001872233, -33.63404700095589], [150.99236601804182, -33.631432761486096], [150.99324398828142, -33.62689000123508], [150.9866730087091, -33.626129001533876], [150.98538896852008, -33.619420011224655], [150.98128801821255, -33.61894700129986], [150.98176798806887, -33.61602001156366], [150.97755099878285, -33.61553199123293], [150.97819697820202, -33.61164100159152], [150.97552798827147, -33.61133000103585], [150.9759540187865, -33.60877200122986], [150.97142801802593, -33.60712300128512], [150.97241197868925, -33.60125099122221], [150.9689018880733, -33.60083920112044], [150.96822499852362, -33.60495701140316], [150.9528790084564, -33.60609799095925], [150.95269599827685, -33.59845899137997], [150.94952202849413, -33.598420991293004], [150.93954398878083, -33.58796100105561], [150.942328978164, -33.58464800129927], [150.93448701811027, -33.58653001099858], [150.93588799828805, -33.59238100113558], [150.93020297857146, -33.601774011393374], [150.93716301849332, -33.60648400096003], [150.9353180181386, -33.61173400094316], [150.92990798800187, -33.61454400111528], [150.93580700797867, -33.6188269912142], [150.93663299810268, -33.623256001296035], [150.93384600817132, -33.62631200156284], [150.93530100853874, -33.62869400110721], [150.93202399839967, -33.63009900128874], [150.9230070087167, -33.62820200148874], [150.9278540179525, -33.636523001482686], [150.92779499863835, -33.63834000141514], [150.92433501874388, -33.63837100157696], [150.92616801850477, -33.64172000111935], [150.9349560087572, -33.641244001009], [150.9378399879931, -33.64432101160109], [150.93659299791966, -33.64957695144097], [150.9278320182112, -33.64922501126095], [150.92687801815921, -33.654424011618644], [150.9298049880697, -33.656113001594825], [150.93007197815194, -33.66009000153946], [150.9368829884665, -33.661165001167966], [150.93992000828743, -33.6659560016012], [150.9468270179631, -33.66815700144202], [150.94911899844362, -33.67393400109297], [150.96205999817096, -33.679846001372006], [150.96862897809336, -33.6927149913245], [150.9813479879443, -33.6989330109249], [150.98413398883054, -33.7034750010958], [150.9926879481885, -33.70598386108755], [150.99760062876314, -33.71127891159222], [150.99432369857422, -33.71094295152105], [150.99481670837517, -33.71340493120424], [151.01612029845722, -33.714718911388296], [151.01914843843159, -33.71675961148125], [151.0210816686186, -33.71447904156569], [151.018495018267, -33.713027990898986], [151.02457336802564, -33.70943524101518], [151.01982799867267, -33.70567800129227], [151.0146499979839, -33.70565600129788], [151.00835998807628, -33.69541901140574], [151.00358900865288, -33.697488991270504], [151.0041837382867, -33.693020091556285], [150.99828040819315, -33.692208281354254], [150.99773100844686, -33.68897699149358], [150.99445761851842, -33.68894726154615], [150.99521177845395, -33.68521330095502]]]}}, {"type": "Feature", "properties": {"postcode": "2157", "name": "Glenorie", "region": "Western Sydney", "flexibleExport": 42.8, "networkVisibility": 50.6, "connectionAssessment": 48.4, "derOrchestration": 21.2, "composite": 40.8, "solarKwTotal": 8251.22, "solarGrowthPct": 50.73891625615764, "batteryInstalls": 153.0, "meanAvailableKva": 60.65427777777778, "distSubstationCount": 157}, "geometry": {"type": "Polygon", "coordinates": [[[151.03325298821716, -33.60507800146641], [151.03599100828743, -33.59482800167575], [151.0329079983171, -33.58946300142668], [151.03619999864333, -33.586364011209234], [151.03087698830814, -33.566050011541904], [151.0332520081552, -33.56266301121489], [151.02956097797647, -33.55700700102309], [151.03203899865403, -33.5532599916518], [151.02858602831378, -33.55020600163933], [151.03075500787233, -33.544745001279715], [151.0421689982791, -33.54260399157055], [151.04670196816969, -33.53219501138733], [151.05329200819568, -33.53521500125516], [151.06696099813766, -33.52345600125698], [151.0743630181624, -33.52398700110985], [151.0765469879081, -33.52665100146483], [151.0783489984866, -33.52394800143045], [151.08539101866126, -33.524176001438555], [151.0864189985701, -33.52190100169448], [151.09824799806174, -33.524993991350954], [151.1095120084436, -33.52105901141773], [151.11603002783835, -33.51084499128155], [151.11144898819856, -33.507042041510424], [151.11664443866172, -33.50470380118867], [151.13045303847696, -33.50533203154206], [151.12125901869922, -33.51059396106819], [151.12562397847884, -33.517852011107266], [151.12933704792476, -33.513347971058536], [151.13376504787777, -33.51337498140649], [151.14076311797717, -33.52437763123917], [151.1486539086531, -33.52293000150421], [151.15042627842044, -33.517586521216096], [151.14810020867148, -33.51722703144032], [151.14895189869748, -33.513505721168094], [151.1532244784282, -33.5142056216979], [151.15288283834587, -33.50428200167385], [151.1552750483542, -33.49895004144026], [151.14250690784377, -33.49662656119983], [151.13129407807685, -33.49126361133053], [151.13450592801843, -33.48806905148117], [151.1390399183952, -33.490875551190996], [151.1437600980893, -33.49049401162696], [151.15021661792136, -33.4746734613474], [151.15555295835705, -33.46782805160039], [151.15434042855617, -33.46506139165354], [151.1463020383909, -33.47297001160739], [151.1387798183912, -33.47539853180663], [151.1308591380708, -33.472061021704114], [151.12604197805524, -33.46666962172492], [151.12238401845542, -33.46663765164048], [151.12094686851108, -33.46821396164553], [151.1235230382182, -33.4694400310741], [151.11578120797938, -33.471369731298424], [151.10305307843163, -33.4841120110593], [151.0900448380087, -33.48063693169667], [151.0854944982938, -33.47530592138085], [151.08082201824297, -33.474544991051125], [151.07678701865032, -33.485093011091145], [151.06536200861, -33.48190000159443], [151.06268498863912, -33.47670400120581], [151.05276399823458, -33.47824701141358], [151.05512196805756, -33.47391000176024], [151.05202599809266, -33.47342700122379], [151.05325101806926, -33.4676850116101], [151.0558640079233, -33.46810799129895], [151.0567950182905, -33.463682001542324], [151.051966028361, -33.46265600175386], [151.05052398798816, -33.471795001709054], [151.0466819986209, -33.473810011200214], [151.03429199853943, -33.46592601108446], [151.0252510283299, -33.46728200146267], [151.02443199835272, -33.48462200131806], [151.02815101823913, -33.49134299163409], [151.02522499784794, -33.496825011516655], [151.02188783831411, -33.49652336140169], [151.0227593882943, -33.50479357123973], [151.01397697837643, -33.50792800109373], [151.00195599812884, -33.50568900152285], [150.99371699799087, -33.51027301143001], [150.98190701852877, -33.508411001729435], [150.97963299806577, -33.532366001319645], [150.97562200864408, -33.53222200162265], [150.97926299816987, -33.5381320109985], [150.97530161820976, -33.54220127098227], [150.9657759880398, -33.5442960010082], [150.964439978515, -33.54870600139942], [150.96146800839867, -33.54688501160688], [150.95776898860385, -33.55066800151964], [150.9509130086262, -33.54669801125239], [150.95103100862693, -33.54337300130238], [150.94670897843645, -33.54217899111052], [150.94133000844897, -33.565296001283265], [150.93785699849136, -33.564812011448744], [150.9411949880685, -33.57121900111534], [150.9357329885959, -33.572890991622806], [150.94173697851033, -33.57683601099244], [150.93960099856372, -33.57899801156061], [150.94336600859938, -33.58208300143419], [150.9421230079441, -33.58555700131315], [150.93989398858523, -33.58569399137621], [150.94003801816967, -33.58892100099315], [150.94952202849413, -33.598420991293004], [150.95269599827685, -33.59845899137997], [150.9522320085511, -33.60584301099011], [150.96822499852362, -33.60495701140316], [150.9689018880733, -33.60083920112044], [150.97241197868925, -33.60125099122221], [150.97142801802593, -33.60712300128512], [150.9759540187865, -33.60877200122986], [150.97552798827147, -33.61133000103585], [150.97819697820202, -33.61164100159152], [150.97755099878285, -33.61553199123293], [150.98176798806887, -33.61602001156366], [150.98128801821255, -33.61894700129986], [150.98538896852008, -33.619420011224655], [150.98601100873523, -33.62409799099551], [151.0110909985924, -33.62624701102674], [151.01229600859594, -33.62233600161587], [151.02355654788755, -33.62386095164742], [151.02251717823924, -33.63516847107737], [151.03072299820383, -33.63679401106033], [151.0285529981591, -33.6219980011848], [151.0316129780204, -33.61816900116429], [151.0302729485347, -33.613662861631724], [151.03514299865924, -33.61088600114631], [151.03325298821716, -33.60507800146641]]]}}, {"type": "Feature", "properties": {"postcode": "2158", "name": "Postcode 2158", "region": "Western Sydney", "flexibleExport": 73.5, "networkVisibility": 60.5, "connectionAssessment": 22.1, "derOrchestration": 58.0, "composite": 53.5, "solarKwTotal": 14446.68, "solarGrowthPct": 56.8, "batteryInstalls": 340.0, "meanAvailableKva": 1204.6551276595744, "distSubstationCount": 97}, "geometry": {"type": "Polygon", "coordinates": [[[151.01982799867267, -33.70567800129227], [151.03190194808099, -33.72027368092375], [151.0358260281939, -33.71341200159328], [151.04448600851833, -33.711430001245375], [151.0478079883205, -33.70640901159036], [151.06681700807903, -33.704164001574085], [151.07234321822983, -33.70104621122148], [151.07167321875835, -33.69943221135698], [151.07780908854298, -33.69776214139893], [151.07765805838753, -33.695769160932535], [151.08475083876561, -33.69220708098989], [151.08191789821086, -33.69028913144761], [151.08085782868346, -33.68219713123953], [151.08848599868267, -33.677625011375255], [151.08456899819257, -33.671437001381044], [151.0863389982042, -33.669967001310376], [151.08523800861894, -33.66636700124337], [151.08000894858776, -33.66490905132447], [151.0769819979828, -33.668704011348964], [151.07908497831738, -33.67037001146692], [151.07358800832912, -33.673541001383235], [151.05737102793213, -33.670361001213365], [151.0571529385407, -33.6677892813611], [151.04970499843526, -33.66329485137992], [151.05207286859098, -33.66068287127951], [151.04425401859626, -33.6629920015894], [151.03938648824607, -33.66082645104207], [151.03910879833052, -33.662831260946184], [151.03313600870254, -33.66201200132879], [151.03357444854495, -33.654557670928874], [151.03007898879008, -33.642981001521754], [151.0322429979702, -33.63920400128726], [151.03072299820383, -33.63679401106033], [151.02251717823924, -33.63516847107737], [151.02355654788755, -33.62386095164742], [151.01229600859594, -33.62233600161587], [151.0110909985924, -33.62624701102674], [150.98699299849477, -33.62421201111045], [150.9866730087091, -33.626129001533876], [150.99324398828142, -33.62689000123508], [150.99236601804182, -33.631432761486096], [151.00092001872233, -33.63404700095589], [151.00399539840257, -33.63778542121889], [151.0037654081303, -33.64151878142388], [151.00607600799165, -33.64183000132986], [151.00524299843212, -33.65052001131017], [151.00920000808836, -33.6537790009092], [151.00841999823217, -33.657779001049036], [151.00999299860038, -33.657993011409076], [151.00961500819005, -33.6705580109546], [151.0147332179118, -33.67181654115812], [151.01319299796668, -33.68312900148071], [151.01708615806757, -33.68485856144445], [151.01239126864363, -33.68758026110175], [151.00911199834334, -33.68658700127762], [151.00955901799503, -33.68432500153895], [150.99521177845395, -33.68521330095502], [150.99445761851842, -33.68894726154615], [150.99773100844686, -33.68897699149358], [150.99828040819315, -33.692208281354254], [151.0041837382867, -33.693020091556285], [151.00358900865288, -33.697488991270504], [151.00899800842197, -33.695836001090996], [151.0146499979839, -33.70565600129788], [151.01982799867267, -33.70567800129227]]]}}, {"type": "Feature", "properties": {"postcode": "2160", "name": "Merrylands", "region": "Western Sydney", "flexibleExport": 64.2, "networkVisibility": 66.4, "connectionAssessment": 54.5, "derOrchestration": 49.4, "composite": 58.6, "solarKwTotal": 19048.91, "solarGrowthPct": 49.09365558912387, "batteryInstalls": 386.0, "meanAvailableKva": 167.51747263681594, "distSubstationCount": 211}, "geometry": {"type": "Polygon", "coordinates": [[[150.99427617859396, -33.82664957136928], [150.98186343855937, -33.81788918151012], [150.9806145485491, -33.82280200083462], [150.97156200803872, -33.82387317136356], [150.9693982881162, -33.824793251523786], [150.96948336845503, -33.82893234090158], [150.9603162487285, -33.83033068095481], [150.9579763080933, -33.83803949144747], [150.9662209981602, -33.840769991323775], [150.96836989857556, -33.84453880096795], [150.9906320485579, -33.847907331318304], [150.99301246817814, -33.84563531083985], [150.99592067857054, -33.848470430958706], [151.00166665886064, -33.848319231453544], [151.0009665182164, -33.85178132140065], [151.005561168231, -33.85233817138374], [151.00662693846724, -33.841881230975254], [151.00080638812713, -33.84003216080791], [151.00102549800468, -33.83656829120731], [150.99242087815622, -33.83297604116535], [150.99427617859396, -33.82664957136928]]]}}, {"type": "Feature", "properties": {"postcode": "2161", "name": "Postcode 2161", "region": "Western Sydney", "flexibleExport": 61.0, "networkVisibility": 66.7, "connectionAssessment": 31.8, "derOrchestration": 49.1, "composite": 52.1, "solarKwTotal": 23363.37, "solarGrowthPct": 44.12568306010929, "batteryInstalls": 359.0, "meanAvailableKva": 2086.2311775700937, "distSubstationCount": 242}, "geometry": {"type": "Polygon", "coordinates": [[[150.97231839849115, -33.84476329092347], [150.96374808889664, -33.840841980926264], [150.95851299847493, -33.85008001096659], [150.95645198832864, -33.849716000961315], [150.95498100872908, -33.85716801096205], [150.96157100833088, -33.86341200100639], [150.95989499814908, -33.86458401108671], [150.96102700835772, -33.867414011212354], [150.96341089816994, -33.86730819140672], [150.96320204884947, -33.8693335912965], [150.98551799803593, -33.87049209143216], [150.99052083802403, -33.86407372114684], [151.003350218484, -33.87309036094638], [151.00494570817537, -33.86496168114434], [151.00729408848267, -33.863171940936134], [151.0052781881367, -33.8572437308534], [151.0073388281771, -33.857444151055], [151.00833531854195, -33.852172560936204], [151.0009665182164, -33.85178132140065], [151.00166665886064, -33.848319231453544], [150.99592067857054, -33.848470430958706], [150.99301246817814, -33.84563531083985], [150.9906320485579, -33.847907331318304], [150.97231839849115, -33.84476329092347]]]}}, {"type": "Feature", "properties": {"postcode": "2162", "name": "Postcode 2162", "region": "Western Sydney", "flexibleExport": 82.2, "networkVisibility": 50.7, "connectionAssessment": 37.8, "derOrchestration": 82.4, "composite": 63.3, "solarKwTotal": 14131.09, "solarGrowthPct": 59.73451327433629, "batteryInstalls": 316.0, "meanAvailableKva": 382.20275, "distSubstationCount": 13}, "geometry": {"type": "Polygon", "coordinates": [[[150.99052083802403, -33.86407372114684], [150.98141328827893, -33.87612980132665], [150.9886559381892, -33.872514051236415], [150.9936309286069, -33.87362745108122], [150.9940858282802, -33.88802909115892], [150.99240773849854, -33.88844385144961], [150.99521298848464, -33.891182990847355], [151.0014529882821, -33.892619001358455], [151.0021726187747, -33.89571757112977], [151.0080149586504, -33.89610658115464], [151.00839192857455, -33.89874010148848], [151.01445833882477, -33.89623675084828], [151.0163559382343, -33.88431581128868], [151.0121390181186, -33.87469600135308], [151.01316798886924, -33.86957000086637], [151.00382030866885, -33.87072891100481], [151.003350218484, -33.87309036094638], [150.99052083802403, -33.86407372114684]]]}}, {"type": "Feature", "properties": {"postcode": "2163", "name": "Postcode 2163", "region": "Western Sydney", "flexibleExport": 71.1, "networkVisibility": 59.4, "connectionAssessment": 23.2, "derOrchestration": 68.0, "composite": 55.4, "solarKwTotal": 8685.49, "solarGrowthPct": 45.40816326530612, "batteryInstalls": 119.0, "meanAvailableKva": 2364.747152173913, "distSubstationCount": 47}, "geometry": {"type": "Polygon", "coordinates": [[[150.97781142846856, -33.89153853128141], [150.99091988853786, -33.89630217078804], [150.9940858282802, -33.88802909115892], [150.9936309286069, -33.87362745108122], [150.9886559381892, -33.872514051236415], [150.9806012283301, -33.87724964107226], [150.97614151874586, -33.876655481475204], [150.97539297867073, -33.88066001128921], [150.96916599815677, -33.882013011328475], [150.96689084851138, -33.882266641353745], [150.96576310889364, -33.877351650885416], [150.96124900811554, -33.879305991177986], [150.95885182862708, -33.877949040939804], [150.9581550081561, -33.88484401084627], [150.9626329786934, -33.88685200095444], [150.95907801812743, -33.89004800089398], [150.96678097826393, -33.889836010872195], [150.96839066852326, -33.896463361201405], [150.97253060840902, -33.89808333120126], [150.9763624180675, -33.90360310127207], [150.98600512836336, -33.89984891134117], [150.97781142846856, -33.89153853128141]]]}}, {"type": "Feature", "properties": {"postcode": "2164", "name": "Smithfield", "region": "Western Sydney", "flexibleExport": 41.4, "networkVisibility": 60.8, "connectionAssessment": 45.0, "derOrchestration": 34.8, "composite": 45.5, "solarKwTotal": 38715.08, "solarGrowthPct": 28.45138055222089, "batteryInstalls": 345.0, "meanAvailableKva": 2879.7475110294117, "distSubstationCount": 653}, "geometry": {"type": "Polygon", "coordinates": [[[150.92498683811073, -33.83359832128188], [150.92741653840912, -33.84125099105498], [150.92490200840183, -33.842101991350845], [150.91241700878405, -33.8347420109191], [150.91440041886278, -33.8323069113273], [150.90890029848282, -33.82538186079622], [150.89590797890165, -33.828552981011256], [150.8889588885448, -33.83400205097071], [150.88808701876437, -33.82981300097458], [150.88345213859805, -33.83236733145624], [150.88437000840926, -33.82947900079275], [150.8827121783322, -33.829256701171744], [150.88078288815606, -33.835178131323474], [150.8783135182547, -33.834820891368956], [150.87345201829504, -33.8401300009126], [150.8727359981316, -33.8464705109988], [150.87838330836917, -33.851960770765515], [150.89633196844446, -33.85171678121911], [150.897370828748, -33.85649892135392], [150.94738235826833, -33.863127961365784], [150.95048701853526, -33.85414499109962], [150.95475101845673, -33.8555879912699], [150.96051746865723, -33.844203651137995], [150.96272276889934, -33.844704091217324], [150.96374808889664, -33.840841980926264], [150.96629165874216, -33.840969980862376], [150.95125300838475, -33.835958991487445], [150.94917998866148, -33.83739101092894], [150.92498683811073, -33.83359832128188]]]}}, {"type": "Feature", "properties": {"postcode": "2165", "name": "Fairfield", "region": "Western Sydney", "flexibleExport": 62.2, "networkVisibility": 75.2, "connectionAssessment": 49.7, "derOrchestration": 52.6, "composite": 59.9, "solarKwTotal": 27189.73, "solarGrowthPct": 55.751173708920184, "batteryInstalls": 549.0, "meanAvailableKva": 952.8415272727273, "distSubstationCount": 299}, "geometry": {"type": "Polygon", "coordinates": [[[150.94738235826833, -33.863127961365784], [150.9179140883668, -33.85909143115711], [150.9188504185571, -33.86251027124425], [150.91081315847245, -33.86533503142536], [150.91867401818143, -33.876085991020936], [150.92595299865664, -33.87443899107114], [150.93528899806336, -33.881390001020556], [150.93628391817313, -33.876141530858916], [150.9392113282581, -33.87676781110683], [150.9506399881534, -33.884203000889116], [150.95230799883763, -33.88179101097939], [150.95968990827814, -33.88135698106166], [150.95947199854976, -33.87761600084653], [150.96124900811554, -33.879305991177986], [150.96576310889364, -33.877351650885416], [150.96689084851138, -33.882266641353745], [150.97539297867073, -33.88066001128921], [150.97614151874586, -33.876655481475204], [150.9806012283301, -33.87724964107226], [150.98551799803593, -33.87049209143216], [150.96320204884947, -33.8693335912965], [150.9599009881154, -33.864630000912456], [150.96157100833088, -33.86341200100639], [150.95358498814997, -33.85391700087325], [150.95048701853526, -33.85414499109962], [150.94738235826833, -33.863127961365784]]]}}, {"type": "Feature", "properties": {"postcode": "2166", "name": "Cabramatta", "region": "Western Sydney", "flexibleExport": 68.0, "networkVisibility": 76.0, "connectionAssessment": 49.5, "derOrchestration": 60.5, "composite": 63.5, "solarKwTotal": 33606.95, "solarGrowthPct": 59.04499540863177, "batteryInstalls": 858.0, "meanAvailableKva": 891.8057849829352, "distSubstationCount": 328}, "geometry": {"type": "Polygon", "coordinates": [[[150.93421998850224, -33.8808290112441], [150.92595299865664, -33.87443899107114], [150.9209769886511, -33.87689200128314], [150.9165673484659, -33.87445794127444], [150.91540784891123, -33.88089089085241], [150.90084412886145, -33.89451738132406], [150.91440942806682, -33.89773584105767], [150.91242379825098, -33.908208080873685], [150.91499773833965, -33.908251941035736], [150.91743994857669, -33.903870030857526], [150.92794351890086, -33.907397831333014], [150.92871009804523, -33.90516999140165], [150.92975158861594, -33.90717591121928], [150.93353699849337, -33.906699091168846], [150.93620843812965, -33.903319471268944], [150.9414660088914, -33.90293051129842], [150.9418007786584, -33.904860930741904], [150.93917854873334, -33.9046907511889], [150.9409022980843, -33.90613702127195], [150.94931109867554, -33.902374961360486], [150.9497079186725, -33.905473691075336], [150.9607078881412, -33.898770401394984], [150.9665378186896, -33.90046959101841], [150.96652277819678, -33.902722390845184], [150.96010538808017, -33.90462036099006], [150.96809187807995, -33.91078641096263], [150.97350668815233, -33.90992963083485], [150.973667728235, -33.907009341028875], [150.9773852182904, -33.90916812120638], [150.97944465818156, -33.90635331140616], [150.97253060840902, -33.89808333120126], [150.96839066852326, -33.896463361201405], [150.96678097826393, -33.889836010872195], [150.95907801812743, -33.89004800089398], [150.9626329786934, -33.88685200095444], [150.9586350184366, -33.88580900120682], [150.95748099860518, -33.88168500092732], [150.95230799883763, -33.88179101097939], [150.9506399881534, -33.884203000889116], [150.93628391817313, -33.876141530858916], [150.93421998850224, -33.8808290112441]]]}}, {"type": "Feature", "properties": {"postcode": "2167", "name": "Postcode 2167", "region": "Western Sydney", "flexibleExport": 54.7, "networkVisibility": 38.3, "connectionAssessment": 43.2, "derOrchestration": 68.2, "composite": 51.1, "solarKwTotal": 9656.52, "solarGrowthPct": 2.231237322515213, "batteryInstalls": 282.0, "meanAvailableKva": 215.77084375, "distSubstationCount": 71}, "geometry": {"type": "Polygon", "coordinates": [[[150.90018081824556, -33.96256236111216], [150.8903719582497, -33.96102947103668], [150.88682411862894, -33.95818953114929], [150.8744849982268, -33.96689300115617], [150.87276898876038, -33.97494200127474], [150.8788929980883, -33.98126401072079], [150.88444416882757, -33.97635520078039], [150.89056416897435, -33.981863041141], [150.90294065839402, -33.98309255104419], [150.91095138853342, -33.97896499134864], [150.91324343818422, -33.964766800889564], [150.90303777885262, -33.963378340675696], [150.90074386879087, -33.965416351016586], [150.90018081824556, -33.96256236111216]]]}}, {"type": "Feature", "properties": {"postcode": "2168", "name": "Postcode 2168", "region": "Western Sydney", "flexibleExport": 64.0, "networkVisibility": 50.0, "connectionAssessment": 54.9, "derOrchestration": 72.5, "composite": 60.4, "solarKwTotal": 33276.67, "solarGrowthPct": 20.73170731707317, "batteryInstalls": 709.0, "meanAvailableKva": 150.10392896174864, "distSubstationCount": 193}, "geometry": {"type": "Polygon", "coordinates": [[[150.898728048395, -33.90772331088475], [150.86783998849194, -33.89584300132619], [150.8571319885586, -33.894386010727466], [150.85479299834088, -33.90985099123775], [150.85967501851658, -33.922973001245786], [150.85659809822565, -33.923081360940614], [150.85256901853074, -33.91890201127597], [150.8484181281817, -33.92437149107961], [150.87473775809664, -33.927793620923076], [150.89890276892112, -33.926343960889554], [150.90196000892087, -33.92040100110086], [150.90561500857186, -33.920484991375545], [150.90289601841258, -33.91556000072563], [150.9076799982548, -33.91413002142454], [150.898728048395, -33.90772331088475]]]}}, {"type": "Feature", "properties": {"postcode": "2170", "name": "Casula", "region": "Western Sydney", "flexibleExport": 48.5, "networkVisibility": 57.9, "connectionAssessment": 49.2, "derOrchestration": 49.9, "composite": 51.4, "solarKwTotal": 102009.63, "solarGrowthPct": 17.77359505243345, "batteryInstalls": 1880.0, "meanAvailableKva": 1686.3779174311926, "distSubstationCount": 1104}, "geometry": {"type": "Polygon", "coordinates": [[[150.96130528846643, -33.954381230920454], [150.96912409893525, -33.95438299093362], [150.97328352866947, -33.951404530790896], [150.96619741828232, -33.94361556103318], [150.96861729819804, -33.93820250119305], [150.9675222581549, -33.93284751133725], [150.97196010813502, -33.929161421274635], [150.97904698837834, -33.929161351211036], [150.97386088847895, -33.91850838134523], [150.97406575826267, -33.91026162106321], [150.96809187807995, -33.91078641096263], [150.96010538808017, -33.90462036099006], [150.96652277819678, -33.902722390845184], [150.9665378186896, -33.90046959101841], [150.95935738879086, -33.89892763087196], [150.9497079186725, -33.905473691075336], [150.94916998861575, -33.90237999112365], [150.94056755885998, -33.90608313075556], [150.93917854873334, -33.9046907511889], [150.9418007786584, -33.904860930741904], [150.94117943823096, -33.90287751122333], [150.93620843812965, -33.903319471268944], [150.93353699849337, -33.906699091168846], [150.92975158861594, -33.90717591121928], [150.92859529874175, -33.90518960131601], [150.92794351890086, -33.907397831333014], [150.91728011852473, -33.90389001087797], [150.91499773833965, -33.908251941035736], [150.91242379825098, -33.908208080873685], [150.91440942806682, -33.89773584105767], [150.90084412886145, -33.89451738132406], [150.88784355825433, -33.904097121206455], [150.898728048395, -33.90772331088475], [150.9076799982548, -33.91413002142454], [150.90288400883554, -33.91558200122903], [150.9053919982093, -33.917612001075334], [150.90505900890315, -33.92136600130373], [150.90196000892087, -33.92040100110086], [150.89890276892112, -33.926343960889554], [150.87035655857326, -33.927265671025694], [150.86671297830617, -33.93112701098434], [150.86069402874733, -33.931316011216275], [150.85902199810224, -33.932478011016734], [150.86056199885846, -33.93469801112024], [150.84939099824444, -33.94388100075985], [150.85134801851513, -33.94620601125711], [150.84874800841862, -33.94991400116102], [150.8765205680842, -33.95678229098004], [150.8744849982268, -33.96689300115617], [150.88682411862894, -33.95818953114929], [150.8903719582497, -33.96102947103668], [150.89929682839528, -33.96193537079603], [150.90074386879087, -33.965416351016586], [150.90303777885262, -33.963378340675696], [150.93156939876363, -33.964625381377786], [150.93775179858505, -33.94865121139644], [150.93730989843215, -33.94567410143284], [150.9310577785649, -33.94480841131229], [150.9318084287826, -33.94068984075915], [150.9456074381839, -33.94423187088639], [150.95813142827822, -33.958798071386106], [150.96130528846643, -33.954381230920454]]]}}, {"type": "Feature", "properties": {"postcode": "2171", "name": "Hoxton Park", "region": "Western Sydney", "flexibleExport": 65.8, "networkVisibility": 52.6, "connectionAssessment": 40.5, "derOrchestration": 70.0, "composite": 57.2, "solarKwTotal": 44786.27, "solarGrowthPct": 9.554777388694347, "batteryInstalls": 1011.0, "meanAvailableKva": 718.3204587155963, "distSubstationCount": 230}, "geometry": {"type": "Polygon", "coordinates": [[[150.87318023839575, -33.92758256106347], [150.8669636289317, -33.92604602138339], [150.85605600807077, -33.92646099104392], [150.8484181281817, -33.92437149107961], [150.85256901853074, -33.91890201127597], [150.85924398887695, -33.92420699093373], [150.85482500890774, -33.91014901123439], [150.85535399893078, -33.90162201081819], [150.8571319885586, -33.894386010727466], [150.86462474830853, -33.883470991104204], [150.85217200809092, -33.88340101070849], [150.83976700883912, -33.874744000973415], [150.82858000833164, -33.875595000962704], [150.8238919883247, -33.8787470013562], [150.82520901824424, -33.89050301074596], [150.83713294810184, -33.89654318082517], [150.84177439854608, -33.895263911141384], [150.84091463895396, -33.89942060122585], [150.84406571876488, -33.901594220864965], [150.84339601843234, -33.90503400127068], [150.83730398823016, -33.90504401127544], [150.83801098840993, -33.90920401113529], [150.83582434887126, -33.911389100804676], [150.83077898892572, -33.91067800133768], [150.828736998809, -33.9146219913962], [150.82954597843477, -33.92060001094773], [150.82078298829668, -33.92884000084747], [150.82243599891223, -33.934651000731776], [150.81925699856396, -33.937202000679015], [150.82166000811867, -33.93966800121984], [150.81939799813097, -33.94590599130713], [150.8228639985344, -33.951881991094176], [150.83636936843226, -33.949423971294515], [150.84918498849868, -33.951516010814636], [150.85134801851513, -33.94620601125711], [150.84939099824444, -33.94388100075985], [150.86058298889338, -33.93467399129315], [150.85903900860046, -33.93242401119768], [150.87318023839575, -33.92758256106347]]]}}, {"type": "Feature", "properties": {"postcode": "2172", "name": "Postcode 2172", "region": "Western Sydney", "flexibleExport": 57.0, "networkVisibility": 31.1, "connectionAssessment": 37.3, "derOrchestration": 72.9, "composite": 49.6, "solarKwTotal": 4255.16, "solarGrowthPct": -5.527638190954774, "batteryInstalls": 100.0, "meanAvailableKva": 229.70250000000001, "distSubstationCount": 14}, "geometry": {"type": "Polygon", "coordinates": [[[150.98280728854698, -33.955720430982815], [150.97328352866947, -33.951404530790896], [150.96514607858285, -33.95533428093821], [150.9683735089047, -33.965251790849706], [150.98282356871485, -33.97300797100434], [150.99180658860539, -33.981158431317844], [150.99157057872236, -33.97943260112147], [150.99452145819245, -33.97981601073033], [150.9974273688977, -33.974047340767015], [150.98888033824548, -33.96588840121287], [150.98115146889947, -33.96491548137099], [150.98280728854698, -33.955720430982815]]]}}, {"type": "Feature", "properties": {"postcode": "2173", "name": "Postcode 2173", "region": "Western Sydney", "flexibleExport": 61.3, "networkVisibility": 34.9, "connectionAssessment": 36.2, "derOrchestration": 63.9, "composite": 49.1, "solarKwTotal": 13480.27, "solarGrowthPct": 25.71428571428571, "batteryInstalls": 360.0, "meanAvailableKva": 182.3229516129032, "distSubstationCount": 64}, "geometry": {"type": "Polygon", "coordinates": [[[150.95958069829243, -34.0408445907489], [150.96386601882884, -34.02958900129543], [150.98274991853967, -34.015595271141656], [150.99483024868144, -34.0020159010156], [150.99666929859575, -33.99270361077151], [150.9925542483315, -33.988643141257775], [150.99117057868926, -33.980459290731], [150.98282356871485, -33.97300797100434], [150.9683735089047, -33.965251790849706], [150.96597443846255, -33.954636071064364], [150.9617293786205, -33.954025770844154], [150.95813142827822, -33.958798071386106], [150.9456074381839, -33.94423187088639], [150.9318084287826, -33.94068984075915], [150.9310577785649, -33.94480841131229], [150.93730989843215, -33.94567410143284], [150.93775179858505, -33.94865121139644], [150.93156939876363, -33.964625381377786], [150.91321361860832, -33.964943231296935], [150.90781993870812, -33.99035491139318], [150.9089561081165, -33.997837581066825], [150.91255029811097, -34.00028591129131], [150.90150094825108, -34.007225041145425], [150.90322308871933, -34.014466331089224], [150.90676899875888, -34.017749001124265], [150.89871249855744, -34.020872320736125], [150.89290767861627, -34.01950822118248], [150.89208168849223, -34.00488704086797], [150.88852906893587, -34.0055387612843], [150.88623496843132, -34.030014711134775], [150.89058408821748, -34.0383826813197], [150.8946392783444, -34.03923194119977], [150.89092996834796, -34.04460505119121], [150.89449499813, -34.04941100119333], [150.89107599848055, -34.04860900129371], [150.8922640087657, -34.05129899121242], [150.88245699840107, -34.05495200071265], [150.87881699881868, -34.06253099101674], [150.87407999817086, -34.05962599120016], [150.8759590186237, -34.06595900121046], [150.86916899834412, -34.072740000755786], [150.86422700843667, -34.08255500062669], [150.85978900843796, -34.08255900118213], [150.85528701874654, -34.07791600062995], [150.85280801890536, -34.084452991114134], [150.8490750185382, -34.08522000127069], [150.8462640085545, -34.08128699061216], [150.83586701884724, -34.092088000605706], [150.83333599846623, -34.092253000875765], [150.83417801902644, -34.0941680111178], [150.83021199836958, -34.09680100125801], [150.8325809887244, -34.10069300116882], [150.8274169783979, -34.10244800111291], [150.82457099879682, -34.110952000739914], [150.8185329789028, -34.108666000967254], [150.8140969884354, -34.11104001091048], [150.81483198820422, -34.11299799058323], [150.8507670088506, -34.117986001275035], [150.85334397895667, -34.12661601084143], [150.8496320090487, -34.13153599105644], [150.85053198891106, -34.13573299124181], [150.84691297846524, -34.13822900079924], [150.8504279990354, -34.14073301105526], [150.84856499823908, -34.143130000561605], [150.85155098836194, -34.14682001086941], [150.84733458837079, -34.151207390762494], [150.84716701843433, -34.154850011086275], [150.83486497869055, -34.16652700094785], [150.82945002848092, -34.16708900116925], [150.8227150084529, -34.162131000651904], [150.81629100853252, -34.16520801082844], [150.81663428893853, -34.17324163080697], [150.84505683900102, -34.17581226108966], [150.84568485840268, -34.17884625085183], [150.85189773895996, -34.1788681712583], [150.84863686885166, -34.18167821081498], [150.85419479851507, -34.18462713120789], [150.8535487490274, -34.1788831512399], [150.85557766865676, -34.17761411062938], [150.8626699881991, -34.18272399109706], [150.87006700820103, -34.1817530011896], [150.87419701900794, -34.187453000704295], [150.89935500868296, -34.18961301063736], [150.8942670182873, -34.183816991244534], [150.88833200820696, -34.18226900102223], [150.88770299886184, -34.17434000082277], [150.89453200871975, -34.1651350112321], [150.89335199883047, -34.16232301073649], [150.89951297832394, -34.160732010662805], [150.90064202858375, -34.15223200116849], [150.90584499884415, -34.149829000644964], [150.90701500868764, -34.13933100110616], [150.91324701886896, -34.12593600076827], [150.9118070185702, -34.12254801085721], [150.91658000842318, -34.11748900071693], [150.9166660086369, -34.11261700115137], [150.91941500881487, -34.110531000842826], [150.92531011842524, -34.09335138089937], [150.93659518891064, -34.0951293813012], [150.9336379987757, -34.109435000740476], [150.94015795853144, -34.1120549211498], [150.9487109989129, -34.10491299065281], [150.95309800873952, -34.106241001337246], [150.95622798892103, -34.103702001082], [150.9603309981672, -34.10589100122533], [150.96067098894264, -34.101231990991295], [150.96445698901323, -34.10012299126482], [150.96220800819037, -34.09782600118164], [150.96359098882482, -34.095783000887735], [150.97104600855306, -34.100064991135405], [150.97555499881543, -34.09734200129137], [150.972893998501, -34.095994000864785], [150.9737860282731, -34.08658401105698], [150.98179499861283, -34.07977601082136], [150.9848409988917, -34.06737901086802], [150.996517968403, -34.062026001091375], [150.99449002883557, -34.058089991117114], [150.98837499816887, -34.058476990737795], [150.9815830087822, -34.05482900132128], [150.96772899823105, -34.05245800125448], [150.96237400877007, -34.04809999099632], [150.95958069829243, -34.0408445907489]]]}}, {"type": "Feature", "properties": {"postcode": "2174", "name": "Denham Court", "region": "Western Sydney", "flexibleExport": 63.7, "networkVisibility": 49.5, "connectionAssessment": 43.2, "derOrchestration": 58.9, "composite": 53.8, "solarKwTotal": 19638.65, "solarGrowthPct": -12.712623097582812, "batteryInstalls": 466.0, "meanAvailableKva": 167.96250980392156, "distSubstationCount": 121}, "geometry": {"type": "Polygon", "coordinates": [[[150.8501559981505, -33.97813900125087], [150.8744849982268, -33.96689300115617], [150.8765205680842, -33.95678229098004], [150.8419897786186, -33.95014388092729], [150.84126094847912, -33.95616171081409], [150.8501559981505, -33.97813900125087]]]}}, {"type": "Feature", "properties": {"postcode": "2175", "name": "Horsley Park", "region": "Western Sydney", "flexibleExport": 20.7, "networkVisibility": 41.2, "connectionAssessment": 21.5, "derOrchestration": 22.8, "composite": 26.6, "solarKwTotal": 6655.92, "solarGrowthPct": -2.6785714285714284, "batteryInstalls": 60.0, "meanAvailableKva": 4474.089869565217, "distSubstationCount": 123}, "geometry": {"type": "Polygon", "coordinates": [[[150.85181455855795, -33.82074574093123], [150.81290654820737, -33.822358811113574], [150.81170510810873, -33.82540437111857], [150.82077729836766, -33.82667214105816], [150.81898842834514, -33.83522319082819], [150.82349938861296, -33.835900131159896], [150.82004137872394, -33.85347047140664], [150.82852897863359, -33.856963011232985], [150.8291874087026, -33.85986732099981], [150.84054853864478, -33.86149749077281], [150.86334600817966, -33.864537000813975], [150.86780400826987, -33.85999900135642], [150.87097811818975, -33.856457311351335], [150.86810202885695, -33.84958301109366], [150.87160299887776, -33.84801300133243], [150.87345201829504, -33.8401300009126], [150.8783135182547, -33.834820891368956], [150.88078288815606, -33.835178131323474], [150.88468787817087, -33.82803802076387], [150.87818591885681, -33.829002001034375], [150.87365221863593, -33.82466234078663], [150.85181455855795, -33.82074574093123]]]}}, {"type": "Feature", "properties": {"postcode": "2176", "name": "Bossley Park", "region": "Western Sydney", "flexibleExport": 64.8, "networkVisibility": 49.9, "connectionAssessment": 57.3, "derOrchestration": 74.7, "composite": 61.7, "solarKwTotal": 45860.1, "solarGrowthPct": 20.881542699724516, "batteryInstalls": 1002.0, "meanAvailableKva": 210.46776446280992, "distSubstationCount": 260}, "geometry": {"type": "Polygon", "coordinates": [[[150.91391291842947, -33.882290731140465], [150.9165673484659, -33.87445794127444], [150.91081315847245, -33.86533503142536], [150.9188504185571, -33.86251027124425], [150.9179140883668, -33.85909143115711], [150.897370828748, -33.85649892135392], [150.89633196844446, -33.85171678121911], [150.87822675806626, -33.85192196139766], [150.8727359981316, -33.8464705109988], [150.86810202885695, -33.84958301109366], [150.87074601867315, -33.85690900087686], [150.86334600817966, -33.864537000813975], [150.85366682807992, -33.8631609309405], [150.85237899879704, -33.86965401138245], [150.84244799846522, -33.87624900140177], [150.85217200809092, -33.88340101070849], [150.86491794853575, -33.88342850082965], [150.8824337185605, -33.888920831008946], [150.8903830183075, -33.8825557011928], [150.90291696892163, -33.89113437111191], [150.9071186284573, -33.88968414115111], [150.91391291842947, -33.882290731140465]]]}}, {"type": "Feature", "properties": {"postcode": "2177", "name": "Bonnyrigg", "region": "Western Sydney", "flexibleExport": 67.8, "networkVisibility": 53.3, "connectionAssessment": 53.4, "derOrchestration": 71.2, "composite": 61.4, "solarKwTotal": 15246.82, "solarGrowthPct": 29.383116883116884, "batteryInstalls": 335.0, "meanAvailableKva": 241.39556043956043, "distSubstationCount": 101}, "geometry": {"type": "Polygon", "coordinates": [[[150.90271504830704, -33.89096601124052], [150.8903830183075, -33.8825557011928], [150.8824337185605, -33.888920831008946], [150.86478749878347, -33.88340474098912], [150.8571319885586, -33.894386010727466], [150.86783998849194, -33.89584300132619], [150.88784355825433, -33.904097121206455], [150.8955789385895, -33.89663435128545], [150.90066279853144, -33.89498226145094], [150.90271504830704, -33.89096601124052]]]}}, {"type": "Feature", "properties": {"postcode": "2178", "name": "Kemps Creek", "region": "Western Sydney", "flexibleExport": 30.1, "networkVisibility": 55.1, "connectionAssessment": 38.5, "derOrchestration": 19.5, "composite": 35.8, "solarKwTotal": 11056.48, "solarGrowthPct": 29.943502824858758, "batteryInstalls": 101.0, "meanAvailableKva": 1245.0299528795813, "distSubstationCount": 254}, "geometry": {"type": "Polygon", "coordinates": [[[150.79642007861503, -33.906091680831736], [150.8070780082511, -33.907481990989076], [150.80762699836566, -33.90462500068646], [150.8184009984213, -33.900251011099016], [150.82474400893068, -33.909839000933125], [150.83582434887126, -33.911389100804676], [150.83801098840993, -33.90920401113529], [150.83730398823016, -33.90504401127544], [150.84339601843234, -33.90503400127068], [150.84406571876488, -33.901594220864965], [150.84091463895396, -33.89942060122585], [150.84190414851082, -33.89547753108987], [150.83713294810184, -33.89654318082517], [150.82520901824424, -33.89050301074596], [150.8238919883247, -33.8787470013562], [150.82940800888522, -33.87540801097547], [150.84269298880616, -33.87620101083195], [150.85237899879704, -33.86965401138245], [150.85366682807992, -33.8631609309405], [150.8291874087026, -33.85986732099981], [150.82852897863359, -33.856963011232985], [150.82004137872394, -33.85347047140664], [150.82349938861296, -33.835900131159896], [150.81898842834514, -33.83522319082819], [150.82077729836766, -33.82667214105816], [150.81170510810873, -33.82540437111857], [150.81290654820737, -33.822358811113574], [150.76638874828666, -33.829222790946], [150.7657479988591, -33.83517200071585], [150.7689369983548, -33.83783700139807], [150.76538291813773, -33.84935235124182], [150.76952399888395, -33.85365301095864], [150.76959600873542, -33.866758000744056], [150.77604800824494, -33.87120900139797], [150.77366498890026, -33.87220701135033], [150.77478302850963, -33.87486499074446], [150.7723790281132, -33.87324800098696], [150.76794397818182, -33.87554899094024], [150.76887899862848, -33.87780400103887], [150.7664479984678, -33.87982499111902], [150.76881001879443, -33.88050999118191], [150.76650500825073, -33.88338600083909], [150.76870000840984, -33.88543800081955], [150.76551001807232, -33.88651900083061], [150.76788499839353, -33.88875100070046], [150.77135297868386, -33.888120000771345], [150.7718929883405, -33.89390601121041], [150.76933999876096, -33.89434599104871], [150.771110028417, -33.89665899102679], [150.76324701814124, -33.901383011108784], [150.76461200821544, -33.90412100128539], [150.76294099895483, -33.907068000994585], [150.7591529983361, -33.90631699083585], [150.75571001816016, -33.91322301127532], [150.7654718387745, -33.911132411307044], [150.79474997844954, -33.91604529120979], [150.79642007861503, -33.906091680831736]]]}}, {"type": "Feature", "properties": {"postcode": "2179", "name": "Leppington", "region": "Western Sydney", "flexibleExport": 78.1, "networkVisibility": 63.7, "connectionAssessment": 54.8, "derOrchestration": 56.6, "composite": 63.3, "solarKwTotal": 50118.11, "solarGrowthPct": 131.54947106409458, "batteryInstalls": 1114.0, "meanAvailableKva": 241.80564183381088, "distSubstationCount": 413}, "geometry": {"type": "Polygon", "coordinates": [[[150.80840159856717, -33.984936940837336], [150.8084654589024, -33.98088589125171], [150.812287558671, -33.97790056114851], [150.8094799281494, -33.975919521189375], [150.81511198858672, -33.967865990759705], [150.82038999871605, -33.97523201095039], [150.82193240875384, -33.97447081110423], [150.8258110089605, -33.96006822105373], [150.82807086838145, -33.9616186309728], [150.84126517864584, -33.95617061128696], [150.8419897786186, -33.95014388092729], [150.82301098896605, -33.952023001089], [150.81945599875556, -33.94608700138855], [150.82166000811867, -33.93966800121984], [150.81925699856396, -33.937202000679015], [150.82243599891223, -33.934651000731776], [150.82078298829668, -33.92884000084747], [150.82954597843477, -33.92060001094773], [150.82878498860813, -33.91429099101442], [150.83110398861575, -33.912243001282974], [150.82474400893068, -33.909839000933125], [150.8184009984213, -33.900251011099016], [150.80762699836566, -33.90462500068646], [150.8070780082511, -33.907481990989076], [150.79632097826953, -33.90607499073632], [150.79260399845714, -33.92732900097641], [150.78981999811913, -33.92695400117456], [150.7869609884548, -33.93121300086487], [150.78910897887678, -33.94798400111558], [150.79164499838237, -33.94832899117572], [150.79005199882104, -33.956923000769514], [150.7841172088279, -33.95575051093322], [150.77817697863745, -33.961943991263425], [150.7594079887228, -33.95855200087231], [150.771491998364, -33.98553000061368], [150.77504158880126, -33.98873251118432], [150.77672398869967, -33.98651566071658], [150.7889235989415, -33.99154938096431], [150.78745198872454, -33.99330000070037], [150.7958893781997, -34.00383869103426], [150.80692712811432, -33.98363583067373], [150.80840159856717, -33.984936940837336]]]}}, {"type": "Feature", "properties": {"postcode": "2500", "name": "Wollongong", "region": "Illawarra", "flexibleExport": 38.9, "networkVisibility": 73.0, "connectionAssessment": 73.4, "derOrchestration": 43.2, "composite": 57.1, "solarKwTotal": 22808.36, "solarGrowthPct": 26.42857142857143, "batteryInstalls": 429.0, "meanAvailableKva": 432.8033599088838, "distSubstationCount": 484}, "geometry": {"type": "Polygon", "coordinates": [[[150.89681898917735, -34.44062200062538], [150.90042299865624, -34.44246599067772], [150.9055969784858, -34.42573300111092], [150.91077599876238, -34.42216000043318], [150.90218601875813, -34.417073001002], [150.9025110184481, -34.404885000526825], [150.9058749989814, -34.3969929906312], [150.89877468892456, -34.39608886058265], [150.89831511891, -34.39831585109618], [150.89477476854375, -34.398866600946306], [150.89201901842483, -34.40926800082415], [150.8898550083464, -34.40519900054382], [150.88371197898894, -34.404494720882695], [150.88098842898128, -34.40168798049094], [150.86228998915584, -34.39888441102915], [150.858208298728, -34.39504753071349], [150.8605970385444, -34.37472600068571], [150.84455795870966, -34.397954990631895], [150.83276600843533, -34.40200599050858], [150.82992798880596, -34.408180000882666], [150.83635698874932, -34.40960000044883], [150.83609802870734, -34.41416401108044], [150.8364849986773, -34.41202200109663], [150.84755485887172, -34.41343846045567], [150.8578384488508, -34.41876440108254], [150.86128261839622, -34.42539430106039], [150.8594083491329, -34.42901653038833], [150.8640163984183, -34.43348953052062], [150.8664660287396, -34.43346600052941], [150.8669693988108, -34.42936131083315], [150.8680213287034, -34.435939040603465], [150.86091707863577, -34.44521912045131], [150.85884700897984, -34.453595000413536], [150.8700841184122, -34.46532306053308], [150.87798600867183, -34.466346990432356], [150.87605800847643, -34.453633000954], [150.8797209986419, -34.44401200047622], [150.88740143891252, -34.44167010042144], [150.8961489888075, -34.44295600094183], [150.89681898917735, -34.44062200062538]]]}}, {"type": "Feature", "properties": {"postcode": "2502", "name": "Warrawong", "region": "Illawarra", "flexibleExport": 28.5, "networkVisibility": 50.5, "connectionAssessment": 70.0, "derOrchestration": 52.6, "composite": 50.4, "solarKwTotal": 9881.02, "solarGrowthPct": -14.038461538461538, "batteryInstalls": 157.0, "meanAvailableKva": 154.56945454545453, "distSubstationCount": 130}, "geometry": {"type": "Polygon", "coordinates": [[[150.87638613879523, -34.499548330493916], [150.87490489863836, -34.49800197064262], [150.87305985875776, -34.49987199067046], [150.87143308883, -34.515862080571], [150.88267479853494, -34.51757575087076], [150.89778021887074, -34.50072332083685], [150.88950033909916, -34.49812086074253], [150.89166445877203, -34.49605923050732], [150.89035997921542, -34.493325010488945], [150.89439096872854, -34.48996750092473], [150.88693357834632, -34.47930391105247], [150.88339198920326, -34.48042599070858], [150.8823199783708, -34.47732201098603], [150.87347902883906, -34.4781560107], [150.87517440849498, -34.46611441051103], [150.86780498833184, -34.466696020554586], [150.86581880874704, -34.464760750837954], [150.86012374856057, -34.466412060880195], [150.8587055386957, -34.47408758039611], [150.8642310185161, -34.47481000070484], [150.8598409786721, -34.48377299059447], [150.861186738511, -34.485842520868694], [150.8584864988867, -34.485430960979166], [150.85815194920684, -34.487921970459155], [150.8724489585505, -34.49257200059233], [150.88660489915682, -34.49159496069385], [150.88684897860608, -34.49780101098487], [150.87638613879523, -34.499548330493916]]]}}, {"type": "Feature", "properties": {"postcode": "2505", "name": "Port Kembla", "region": "Illawarra", "flexibleExport": 42.1, "networkVisibility": 68.9, "connectionAssessment": 46.0, "derOrchestration": 38.5, "composite": 48.9, "solarKwTotal": 5594.78, "solarGrowthPct": 42.4390243902439, "batteryInstalls": 108.0, "meanAvailableKva": 3283.43242, "distSubstationCount": 133}, "geometry": {"type": "MultiPolygon", "coordinates": [[[[150.91593301839941, -34.48577211062686], [150.91357901912994, -34.48051000101083], [150.9154559986104, -34.47783000098054], [150.91306097867192, -34.47480701036883], [150.9138140085268, -34.471232990503104], [150.91364398888456, -34.46480001056526], [150.91284602889237, -34.47419601093535], [150.9079360091276, -34.47551201059296], [150.90278287919583, -34.47262241093586], [150.9049569791515, -34.47254029076983], [150.9039681289581, -34.469737420655555], [150.9010598988028, -34.469432280643225], [150.9045589086996, -34.467503790993334], [150.90078378902382, -34.46847136077994], [150.90066814889727, -34.46816791064934], [150.9017172688597, -34.46791292050314], [150.90260235914624, -34.46696975058357], [150.9004880384794, -34.467588890416486], [150.90002893918216, -34.464796930994055], [150.88695693903523, -34.45734698090434], [150.88417596871463, -34.45812604055776], [150.88634315882916, -34.45266303102459], [150.89293008888765, -34.45607602067452], [150.89489601864926, -34.451031951046765], [150.89875705858879, -34.462018970769904], [150.90981002865925, -34.46476301052432], [150.901875988594, -34.46205000081021], [150.90042299865624, -34.44246599067772], [150.89681898917735, -34.44062200062538], [150.8961489888075, -34.44295600094183], [150.88740143891252, -34.44167010042144], [150.8797209986419, -34.44401200047622], [150.87605800847643, -34.453633000954], [150.87798600867183, -34.466346990432356], [150.87517440849498, -34.46611441051103], [150.87347902883906, -34.4781560107], [150.8823199783708, -34.47732201098603], [150.88339198920326, -34.48042599070858], [150.88693357834632, -34.47930391105247], [150.89439096872854, -34.48996750092473], [150.89035997921542, -34.493325010488945], [150.89166445877203, -34.49605923050732], [150.88950033909916, -34.49812086074253], [150.89778021887074, -34.50072332083685], [150.9092279985086, -34.49304000049899], [150.92066399853812, -34.49477001068931], [150.9213680091246, -34.49210401064584], [150.91674400845474, -34.48909900087314], [150.9186990191941, -34.48661201087626], [150.91593301839941, -34.48577211062686]]], [[[150.92989199888814, -34.45429800057575], [150.9291540086277, -34.45711100051234], [150.93092600918746, -34.45685000055861], [150.92989199888814, -34.45429800057575]]], [[[150.945461988363, -34.46549699059665], [150.94569500865273, -34.46395800060985], [150.944311978611, -34.464312991038696], [150.945461988363, -34.46549699059665]]], [[[150.9235589992043, -34.48981500062741], [150.92343299880753, -34.49067200061079], [150.92440301851596, -34.49030599097013], [150.9235589992043, -34.48981500062741]]], [[[150.9266779884983, -34.49234701097903], [150.93112799897236, -34.49090001041679], [150.93460400840468, -34.49393601049556], [150.93571199856098, -34.4929139909866], [150.92781098865044, -34.48844400105846], [150.9266779884983, -34.49234701097903]]], [[[150.93659598841126, -34.49455100108083], [150.93831700868031, -34.495140010571866], [150.9388780083719, -34.49441501063933], [150.93870400919297, -34.493819990804745], [150.93659598841126, -34.49455100108083]]]]}}, {"type": "Feature", "properties": {"postcode": "2506", "name": "Berkeley", "region": "Illawarra", "flexibleExport": 38.2, "networkVisibility": 49.0, "connectionAssessment": 65.1, "derOrchestration": 56.4, "composite": 52.2, "solarKwTotal": 6083.16, "solarGrowthPct": 0.911854103343465, "batteryInstalls": 104.0, "meanAvailableKva": 162.29907692307694, "distSubstationCount": 68}, "geometry": {"type": "Polygon", "coordinates": [[[150.8462640085545, -34.48441602047613], [150.85430385848215, -34.48364301074694], [150.861186738511, -34.485842520868694], [150.8598409786721, -34.48377299059447], [150.8642310185161, -34.47481000070484], [150.8587055386957, -34.47408758039611], [150.8603039883358, -34.46539201047081], [150.8520693683832, -34.462042470499306], [150.83872091889413, -34.46791722048455], [150.8238343488228, -34.480530630547285], [150.8274400085068, -34.482861000757744], [150.82426497871214, -34.484082000417445], [150.8268039887093, -34.48941000046263], [150.82617396875946, -34.49647101039968], [150.8376441685502, -34.50048499042844], [150.8318740586133, -34.493454010528716], [150.83160983893544, -34.48753597105298], [150.8371930983949, -34.488811990621336], [150.8462640085545, -34.48441602047613]]]}}, {"type": "Feature", "properties": {"postcode": "2508", "name": "Darkes Forest", "region": "Illawarra", "flexibleExport": 44.5, "networkVisibility": 64.2, "connectionAssessment": 48.8, "derOrchestration": 35.0, "composite": 48.1, "solarKwTotal": 9698.44, "solarGrowthPct": 41.370558375634516, "batteryInstalls": 263.0, "meanAvailableKva": 890.2214480000001, "distSubstationCount": 144}, "geometry": {"type": "Polygon", "coordinates": [[[150.97714898832018, -34.24515700111232], [150.9932839983458, -34.227982010586686], [150.9987500186776, -34.22732000090856], [151.00435801863838, -34.22097800057653], [151.01083001823937, -34.218945001061066], [151.01287500872922, -34.21310501104797], [151.02127799901717, -34.20405499108657], [151.03309998895458, -34.196075001025015], [151.03863400816013, -34.19491200119896], [151.04525400879746, -34.18619300100853], [151.05481299880378, -34.185158000925895], [151.05419599813737, -34.18052900078574], [151.06079698862672, -34.17890800119306], [151.06615835882118, -34.17232927093009], [151.05516310820263, -34.1677199606355], [151.0544781787311, -34.17152594127133], [151.0159230086579, -34.16644000068365], [151.01408099879473, -34.16325300065214], [151.01579598867335, -34.159489990932016], [151.02213100866825, -34.15571299129613], [150.99110698874694, -34.14603400110506], [150.97987199844033, -34.138410000884], [150.95374898818153, -34.13463800109231], [150.95569698846833, -34.12759000108139], [150.95236398813432, -34.12113000104574], [150.9457279983832, -34.1194640006308], [150.94125700865405, -34.114567001271794], [150.93713808844754, -34.11479510108797], [150.9398749389113, -34.111727561230936], [150.9336379987757, -34.109435000740476], [150.93659518891064, -34.0951293813012], [150.92531011842524, -34.09335138089937], [150.91941500881487, -34.110531000842826], [150.9166660086369, -34.11261700115137], [150.91658000842318, -34.11748900071693], [150.9118070185702, -34.12254801085721], [150.91324701886896, -34.12593600076827], [150.90701500868764, -34.13933100110616], [150.90584499884415, -34.149829000644964], [150.90064202858375, -34.15223200116849], [150.89951297832394, -34.160732010662805], [150.89335199883047, -34.16232301073649], [150.89453200871975, -34.1651350112321], [150.88770299886184, -34.17434000082277], [150.88833200820696, -34.18226900102223], [150.8942670182873, -34.183816991244534], [150.89935500868296, -34.18961301063736], [150.87419701900794, -34.187453000704295], [150.8698609984552, -34.181669990936996], [150.85764699899912, -34.1823110007919], [150.85760699881618, -34.19290301064103], [150.86358398896638, -34.192207000647166], [150.86521498906086, -34.20020100082762], [150.87447101864436, -34.199772000899536], [150.87865099823895, -34.202747010538026], [150.88091998903474, -34.208845990567774], [150.89132898831912, -34.215084010642066], [150.89361800885078, -34.22117700084985], [150.8914619883885, -34.22945901095572], [150.9056700187049, -34.23331400113468], [150.90869900848554, -34.23831500110331], [150.92216399821302, -34.23919800068905], [150.93451997909474, -34.251516001236034], [150.92714398865363, -34.266335000772635], [150.92846499900818, -34.28152800115135], [150.92638000833537, -34.28796500057097], [150.9029460186413, -34.30505301087084], [150.89798993865864, -34.31106334115358], [150.91604550903256, -34.29996819070466], [150.92562430868745, -34.29668311088436], [150.9481419988254, -34.26879500101521], [150.96183256899548, -34.26129375068052], [150.96436445894568, -34.251340731037985], [150.97018598844946, -34.25215200104858], [150.97114834822344, -34.25700061057424], [150.97411700894628, -34.25644799097967], [150.9726959882528, -34.254842010865964], [150.97738400825972, -34.25169000061171], [150.9757819887147, -34.24986800099192], [150.97871698866547, -34.24930599111453], [150.97714898832018, -34.24515700111232]]]}}, {"type": "Feature", "properties": {"postcode": "2515", "name": "Wombarra", "region": "Illawarra", "flexibleExport": 68.1, "networkVisibility": 65.9, "connectionAssessment": 68.5, "derOrchestration": 60.7, "composite": 65.8, "solarKwTotal": 13402.85, "solarGrowthPct": 47.9646017699115, "batteryInstalls": 398.0, "meanAvailableKva": 116.45551327433628, "distSubstationCount": 119}, "geometry": {"type": "Polygon", "coordinates": [[[150.94962601836974, -34.28652699065803], [150.95672701833269, -34.280991001126274], [150.9562310189385, -34.27832800069571], [150.9638999985028, -34.26865901091675], [150.9679670086622, -34.26724500092857], [150.96807300896745, -34.26253601119485], [150.97369002891196, -34.258473001205864], [150.97114834822344, -34.25700061057424], [150.97018598844946, -34.25215200104858], [150.96436445894568, -34.251340731037985], [150.96183256899548, -34.26129375068052], [150.9481419988254, -34.26879500101521], [150.92562430868745, -34.29668311088436], [150.91604550903256, -34.29996819070466], [150.89772491858187, -34.31127816070838], [150.89466898832583, -34.32145200083806], [150.90105699904106, -34.316194001093386], [150.90096227888085, -34.319174910786224], [150.9043680589226, -34.31943367087636], [150.90551313872035, -34.32243165085176], [150.92476794832038, -34.323536481017356], [150.93534900911757, -34.30678499078959], [150.94341802824084, -34.30132200071821], [150.94174000852777, -34.29755100052748], [150.95003700839206, -34.28999800073247], [150.94962601836974, -34.28652699065803]]]}}, {"type": "Feature", "properties": {"postcode": "2516", "name": "Bulli", "region": "Illawarra", "flexibleExport": 55.8, "networkVisibility": 51.0, "connectionAssessment": 66.5, "derOrchestration": 60.8, "composite": 58.5, "solarKwTotal": 7795.75, "solarGrowthPct": 11.019283746556475, "batteryInstalls": 198.0, "meanAvailableKva": 110.4471923076923, "distSubstationCount": 63}, "geometry": {"type": "Polygon", "coordinates": [[[150.9186478790033, -34.341468150656695], [150.9196766386498, -34.344398160520136], [150.92300499828704, -34.34477001088692], [150.92753698901402, -34.339655000639176], [150.9251759783938, -34.33489400101331], [150.93028499835017, -34.33108201052044], [150.9246580089026, -34.327926000778184], [150.92476794832038, -34.323536481017356], [150.90551313872035, -34.32243165085176], [150.9043680589226, -34.31943367087636], [150.90096227888085, -34.319174910786224], [150.90105699904106, -34.316194001093386], [150.89466898832583, -34.32145200083806], [150.89672098836982, -34.31187901071491], [150.88774219864592, -34.32121662082374], [150.87748201876312, -34.325576001033134], [150.87679811876095, -34.328853990525765], [150.88102882891457, -34.335323020590636], [150.87681683875311, -34.34496498084521], [150.8740632787268, -34.345930770760674], [150.88007986841134, -34.34777892043252], [150.88767668900383, -34.336091380446184], [150.88734398895517, -34.33785500069501], [150.88994599870153, -34.33826100097401], [150.89087200904584, -34.33384999055264], [150.90284319837218, -34.33528178107155], [150.90497483855765, -34.337857090980584], [150.9186478790033, -34.341468150656695]]]}}, {"type": "Feature", "properties": {"postcode": "2517", "name": "Woonona", "region": "Illawarra", "flexibleExport": 57.7, "networkVisibility": 59.4, "connectionAssessment": 69.3, "derOrchestration": 72.7, "composite": 64.8, "solarKwTotal": 12923.8, "solarGrowthPct": 14.19656786271451, "batteryInstalls": 290.0, "meanAvailableKva": 116.5792, "distSubstationCount": 105}, "geometry": {"type": "Polygon", "coordinates": [[[150.92300499828704, -34.34477001088692], [150.89547910881197, -34.334033960586794], [150.89087200904584, -34.33384999055264], [150.88994599870153, -34.33826100097401], [150.88734398895517, -34.33785500069501], [150.88767668900383, -34.336091380446184], [150.87985900861563, -34.34772801114963], [150.88158245882752, -34.35684564054381], [150.91013418842448, -34.36249290079085], [150.91639440840066, -34.360864121075195], [150.91833901844564, -34.36407000054488], [150.9201240185259, -34.36374699085716], [150.9213169785283, -34.36505500044305], [150.92250801883083, -34.36544200108593], [150.92328633895596, -34.365276660937376], [150.91941200844184, -34.35854200062622], [150.92132201897533, -34.3491620011081], [150.92432698870357, -34.347907000815745], [150.92300499828704, -34.34477001088692]]]}}, {"type": "Feature", "properties": {"postcode": "2518", "name": "Tarrawanna", "region": "Illawarra", "flexibleExport": 53.8, "networkVisibility": 67.3, "connectionAssessment": 55.1, "derOrchestration": 66.6, "composite": 60.7, "solarKwTotal": 16219.65, "solarGrowthPct": 18.024032042723633, "batteryInstalls": 304.0, "meanAvailableKva": 874.5756541353384, "distSubstationCount": 144}, "geometry": {"type": "Polygon", "coordinates": [[[150.9165713289009, -34.38292518084462], [150.92169698835139, -34.37721299101045], [150.92667598884844, -34.37568301097958], [150.93071802853794, -34.36777899088491], [150.92655699890426, -34.36831901054852], [150.91639440840066, -34.360864121075195], [150.91013418842448, -34.36249290079085], [150.88158245882752, -34.35684564054381], [150.87596762897567, -34.36724873109856], [150.87160175830437, -34.368289760885624], [150.86159962847012, -34.37779042066338], [150.89512180839932, -34.3827630504692], [150.89437041886814, -34.38634380106314], [150.91135700842688, -34.38902001048727], [150.91652299864032, -34.38611801073971], [150.9165713289009, -34.38292518084462]]]}}, {"type": "Feature", "properties": {"postcode": "2519", "name": "Mount Ousley", "region": "Illawarra", "flexibleExport": 52.3, "networkVisibility": 62.0, "connectionAssessment": 73.3, "derOrchestration": 67.6, "composite": 63.8, "solarKwTotal": 14787.85, "solarGrowthPct": 14.437689969604865, "batteryInstalls": 318.0, "meanAvailableKva": 115.98513333333334, "distSubstationCount": 143}, "geometry": {"type": "Polygon", "coordinates": [[[150.89512180839932, -34.3827630504692], [150.86159962847012, -34.37779042066338], [150.85787614844833, -34.38745084041363], [150.858208298728, -34.39504753071349], [150.86228998915584, -34.39888441102915], [150.8898550083464, -34.40519900054382], [150.89201901842483, -34.40926800082415], [150.89477476854375, -34.398866600946306], [150.89831511891, -34.39831585109618], [150.89877468892456, -34.39608886058265], [150.9058749989814, -34.3969929906312], [150.91135700842688, -34.38902001048727], [150.89437041886814, -34.38634380106314], [150.89512180839932, -34.3827630504692]]]}}, {"type": "Feature", "properties": {"postcode": "2525", "name": "Figtree", "region": "Illawarra", "flexibleExport": 46.3, "networkVisibility": 49.5, "connectionAssessment": 68.0, "derOrchestration": 72.8, "composite": 59.2, "solarKwTotal": 12215.21, "solarGrowthPct": -10.612855007473842, "batteryInstalls": 315.0, "meanAvailableKva": 165.600679245283, "distSubstationCount": 108}, "geometry": {"type": "Polygon", "coordinates": [[[150.86030759866495, -34.446755070383624], [150.86828014860816, -34.434440541012854], [150.8669693988108, -34.42936131083315], [150.86513599840129, -34.43387999048672], [150.86006253915374, -34.43041233040413], [150.861278098972, -34.42536774037519], [150.8578384488508, -34.41876440108254], [150.84755485887172, -34.41343846045567], [150.8364849986773, -34.41202200109663], [150.8317947086276, -34.433796760855465], [150.8370939989477, -34.436019000763665], [150.84235101904213, -34.444090990584144], [150.85400400892522, -34.449168600992486], [150.86030759866495, -34.446755070383624]]]}}, {"type": "Feature", "properties": {"postcode": "2526", "name": "Kembla Grange", "region": "Illawarra", "flexibleExport": 32.6, "networkVisibility": 51.5, "connectionAssessment": 47.7, "derOrchestration": 47.3, "composite": 44.8, "solarKwTotal": 23553.28, "solarGrowthPct": 6.199186991869919, "batteryInstalls": 424.0, "meanAvailableKva": 2075.8323003802284, "distSubstationCount": 315}, "geometry": {"type": "Polygon", "coordinates": [[[150.81981299913093, -34.48143700036528], [150.8520693683832, -34.462042470499306], [150.86012374856057, -34.466412060880195], [150.87004988900668, -34.465303480417155], [150.86008874840047, -34.45657191085656], [150.86049498902986, -34.44667600056617], [150.85400400892522, -34.449168600992486], [150.84543778846185, -34.44612821096991], [150.8370939989477, -34.436019000763665], [150.8317947086276, -34.433796760855465], [150.83651401875252, -34.40991800040302], [150.82989499907544, -34.40783199064739], [150.83276600843533, -34.40200599050858], [150.83943700912624, -34.40124699076412], [150.84567598843753, -34.394613000910496], [150.84151801846568, -34.393017010392974], [150.84019200898658, -34.38662700091414], [150.83386600897543, -34.381252010995446], [150.82151700890185, -34.362013010609104], [150.8139940289274, -34.36047199066831], [150.80520299877605, -34.350860000728595], [150.79803198861137, -34.34775101048132], [150.7950309984199, -34.341100990463175], [150.7804400091113, -34.333256000761196], [150.77181199892948, -34.3240730006054], [150.75798601851008, -34.321315000896085], [150.7490198285564, -34.31453018107277], [150.74567697909362, -34.33741611077868], [150.70793732838135, -34.40762983039523], [150.75355498853963, -34.41425201061912], [150.75240698921726, -34.419359970813126], [150.75472714894994, -34.41972222102523], [150.75191598894756, -34.43417799062174], [150.76521998889805, -34.435384010931855], [150.76410301918222, -34.447002010477], [150.78320316853473, -34.44460957054846], [150.78467499883894, -34.43974399075581], [150.7909229990323, -34.436517000793906], [150.79144300859744, -34.4396329906155], [150.7870000085758, -34.44210700092641], [150.78737931861127, -34.44695570037556], [150.77159784865054, -34.46552197060941], [150.76920385907962, -34.47911799053698], [150.79775601896958, -34.48296900078591], [150.79923502860956, -34.47904401053886], [150.79955111880855, -34.48089900083357], [150.8048880090132, -34.48065600046784], [150.80909802916926, -34.47755200042223], [150.81022798852413, -34.47998701067824], [150.81981299913093, -34.48143700036528]]]}}, {"type": "Feature", "properties": {"postcode": "2527", "name": "Albion Park", "region": "Illawarra", "flexibleExport": 48.5, "networkVisibility": 59.5, "connectionAssessment": 59.4, "derOrchestration": 57.6, "composite": 56.2, "solarKwTotal": 39015.16, "solarGrowthPct": 11.619891678975874, "batteryInstalls": 715.0, "meanAvailableKva": 801.513606557377, "distSubstationCount": 355}, "geometry": {"type": "Polygon", "coordinates": [[[150.7599906692537, -34.60595443082368], [150.7794681685178, -34.61003002042341], [150.78668797876188, -34.61524101029263], [150.78593880896779, -34.61917131024641], [150.7945601886845, -34.621017130832456], [150.79542012883803, -34.61682111057973], [150.8026729988812, -34.618286000633105], [150.805331988766, -34.61677099065727], [150.80374701924498, -34.613199990828825], [150.80051402924983, -34.61235601091733], [150.80201599893016, -34.611029000414014], [150.80749501878242, -34.613899000904325], [150.81423700883872, -34.61113501029336], [150.81118698859896, -34.606668990367034], [150.80250498877027, -34.605583010572694], [150.80426100919945, -34.59629299047824], [150.8203679792118, -34.59835101068738], [150.81950701857212, -34.60256701029137], [150.8346910190374, -34.60400901086257], [150.837023988746, -34.599011330848136], [150.8432338788118, -34.59544902062791], [150.84516400891272, -34.58659200047519], [150.8317290085427, -34.57657401027797], [150.80314297857325, -34.56554033058641], [150.80512897849496, -34.56293499091167], [150.80912017892925, -34.563724760405925], [150.80755301850877, -34.56123000039369], [150.80112729921282, -34.56021888083924], [150.79518535863005, -34.55374493031683], [150.80636512859783, -34.5546918202916], [150.80935603879362, -34.55141279088482], [150.80728203900833, -34.55053879098708], [150.81035796845754, -34.54925077074417], [150.8094429885266, -34.54754579053526], [150.8046739288029, -34.54581302033148], [150.80667799923492, -34.55041401079653], [150.8008359989224, -34.55291900036719], [150.7905020089643, -34.54490600087488], [150.780952988461, -34.54716600058815], [150.77688198888342, -34.55172801043087], [150.77075400900188, -34.55351200082802], [150.75471597839936, -34.55013399049392], [150.7467399986884, -34.55373700063044], [150.73857600877503, -34.54903600036003], [150.7287319986004, -34.54964600069579], [150.72003597876505, -34.54597000046233], [150.7128350088874, -34.548982000253154], [150.70980999864344, -34.546783000660454], [150.69459576897054, -34.54606381074564], [150.69324581849082, -34.547796830253446], [150.68943386878664, -34.54570785052957], [150.68701990876866, -34.54887189050534], [150.68224493902872, -34.54325991087089], [150.6799175191119, -34.546427240337245], [150.68539985913745, -34.5494453705502], [150.6781111687723, -34.56143698049734], [150.68701698924394, -34.562990000619216], [150.68578299869097, -34.569628000606535], [150.67642099844673, -34.573539010883515], [150.65499600913887, -34.57038900028543], [150.65218499915514, -34.57201200055825], [150.65124198909237, -34.576988000836444], [150.64537000930395, -34.57668601086789], [150.64396198902932, -34.579036010646554], [150.65562398901463, -34.582312010340154], [150.66365501928283, -34.58090501069799], [150.66320799873284, -34.58393299027729], [150.66775089860056, -34.59126806024977], [150.67940399897634, -34.60031900055329], [150.69379098896874, -34.60392700023927], [150.6987000187901, -34.60079600084769], [150.7017560191147, -34.60631500049491], [150.70142050913586, -34.61101146036276], [150.70855716862238, -34.615880020537865], [150.71619887892786, -34.61902703067773], [150.72760009888455, -34.61908499063299], [150.72343631860943, -34.620044750509436], [150.71745425926608, -34.626694970721154], [150.72631806912514, -34.62475043079701], [150.72750610905473, -34.61948999062337], [150.74419901868586, -34.62209899076714], [150.74663699875623, -34.61143500084637], [150.75813077842488, -34.61302247066998], [150.7599906692537, -34.60595443082368]]]}}, {"type": "Feature", "properties": {"postcode": "2528", "name": "Warilla", "region": "Illawarra", "flexibleExport": 44.0, "networkVisibility": 59.1, "connectionAssessment": 73.6, "derOrchestration": 61.5, "composite": 59.5, "solarKwTotal": 18712.96, "solarGrowthPct": 11.902231668437832, "batteryInstalls": 320.0, "meanAvailableKva": 137.4991329787234, "distSubstationCount": 196}, "geometry": {"type": "MultiPolygon", "coordinates": [[[[150.86528506843283, -34.53931369098295], [150.85324298855582, -34.53770403036368], [150.84820700881855, -34.54190601098762], [150.8371640091494, -34.54273901091475], [150.83448698917852, -34.55335000097826], [150.84381098888966, -34.5589840105516], [150.84263798855457, -34.56776399090524], [150.8479630084211, -34.56623301087427], [150.85951700845135, -34.57076099063733], [150.86175270858104, -34.56998620038093], [150.86085086920605, -34.56825948095124], [150.87450905870338, -34.56284318074503], [150.8733670385675, -34.56016519056464], [150.86987406894264, -34.56079621093032], [150.86828408861896, -34.55650221061198], [150.87365184853005, -34.54444116095787], [150.87023092918076, -34.544958170830846], [150.86528506843283, -34.53931369098295]]], [[[150.88267479853494, -34.51757575087076], [150.87125424862992, -34.5158384509253], [150.86902868868322, -34.525382160338964], [150.86274185881172, -34.529093220879794], [150.87463609845085, -34.5422790906584], [150.8760106690576, -34.53122209098535], [150.88267479853494, -34.51757575087076]]], [[[150.87679679913575, -34.5449841104012], [150.87911275924452, -34.546802090322096], [150.88180770869013, -34.54582608062439], [150.87987298909638, -34.544496010490974], [150.87679679913575, -34.5449841104012]]]]}}, {"type": "Feature", "properties": {"postcode": "2529", "name": "Shellharbour", "region": "Illawarra", "flexibleExport": 45.3, "networkVisibility": 54.6, "connectionAssessment": 49.6, "derOrchestration": 63.7, "composite": 53.3, "solarKwTotal": 33144.79, "solarGrowthPct": 1.2903225806451613, "batteryInstalls": 587.0, "meanAvailableKva": 1804.0959556451612, "distSubstationCount": 282}, "geometry": {"type": "Polygon", "coordinates": [[[150.87425621888354, -34.57609023034495], [150.8687232587917, -34.57271226042272], [150.86877271913295, -34.566499170592394], [150.86085086920605, -34.56825948095124], [150.86175270858104, -34.56998620038093], [150.85951700845135, -34.57076099063733], [150.8479630084211, -34.56623301087427], [150.84263798855457, -34.56776399090524], [150.84381098888966, -34.5589840105516], [150.83454399896138, -34.5527960008802], [150.8327356786164, -34.556610550965345], [150.8260827888598, -34.55805762071829], [150.81640400851037, -34.55354201060285], [150.81426200895308, -34.55800075082626], [150.80759498869716, -34.55752001073662], [150.80674753871935, -34.56103362086211], [150.80913901839736, -34.5642080005135], [150.8051870186454, -34.56292101081613], [150.80314297857325, -34.56554033058641], [150.8317290085427, -34.57657401027797], [150.8438099989462, -34.584511010668784], [150.84526499841527, -34.58895900086818], [150.8432338788118, -34.59544902062791], [150.837023988746, -34.599011330848136], [150.8346910190374, -34.60400901086257], [150.81950701857212, -34.60256701029137], [150.8203679792118, -34.59835101068738], [150.80426100919945, -34.59629299047824], [150.80250498877027, -34.605583010572694], [150.81118698859896, -34.606668990367034], [150.81423700883872, -34.61113501029336], [150.80749501878242, -34.613899000904325], [150.80201599893016, -34.611029000414014], [150.80051402924983, -34.61235601091733], [150.80374701924498, -34.613199990828825], [150.805331988766, -34.61677099065727], [150.8026729988812, -34.618286000633105], [150.79542012883803, -34.61682111057973], [150.7930030184283, -34.628734000345396], [150.79927517881114, -34.62957914053031], [150.79695235916697, -34.64132823060443], [150.80350826860203, -34.64323817055344], [150.81276400892799, -34.6417839903196], [150.81494700849316, -34.64081909037698], [150.8152099489701, -34.636828080348835], [150.81964688895684, -34.640334060882765], [150.82673171924463, -34.639418030852646], [150.82751968907257, -34.637432000298595], [150.83247364903116, -34.63902196023872], [150.835438508982, -34.633207910482824], [150.84509329892342, -34.630973810643404], [150.84279540842664, -34.636369880936144], [150.84631531852693, -34.636412830725206], [150.85004715916904, -34.62829575041224], [150.83792459922572, -34.61456502095046], [150.83777464884523, -34.61156526033325], [150.84255319926987, -34.61490775080769], [150.8489500386277, -34.614326660868926], [150.8495870789114, -34.617814690487826], [150.8601330191743, -34.628517660536396], [150.8555489486188, -34.615622620686594], [150.86158279853325, -34.61037952068938], [150.8659397291708, -34.609905500302816], [150.86521169853197, -34.605193470656175], [150.87148758872, -34.60385944040146], [150.8768845088435, -34.608024420756884], [150.88535633882833, -34.60621636052273], [150.88117040879322, -34.60385537073483], [150.88742928848302, -34.602735320512444], [150.88754721841516, -34.59833830026897], [150.89552111852623, -34.60124124084728], [150.90302292880267, -34.59893017082803], [150.89971901861247, -34.59712819061387], [150.90436988879085, -34.59719712097234], [150.9013079389241, -34.59460716082453], [150.90293185849748, -34.59336013077295], [150.89834993850877, -34.59264718049711], [150.89577504890087, -34.59501122054923], [150.87819029904213, -34.59218531027998], [150.87351800853585, -34.58432501059521], [150.87730119867624, -34.579955240301146], [150.87294528852476, -34.579828270601254], [150.8708002885944, -34.57673625039666], [150.87425621888354, -34.57609023034495]]]}}, {"type": "Feature", "properties": {"postcode": "2530", "name": "Dapto", "region": "South Coast", "flexibleExport": 36.8, "networkVisibility": 46.1, "connectionAssessment": 77.3, "derOrchestration": 58.3, "composite": 54.6, "solarKwTotal": 45309.75, "solarGrowthPct": -9.5, "batteryInstalls": 854.0, "meanAvailableKva": 86.70885526315789, "distSubstationCount": 438}, "geometry": {"type": "Polygon", "coordinates": [[[150.80909802916926, -34.47755200042223], [150.79955111880855, -34.48089900083357], [150.79923502860956, -34.47904401053886], [150.79775601896958, -34.48296900078591], [150.76920385907962, -34.47911799053698], [150.77159784865054, -34.46552197060941], [150.78737931861127, -34.44695570037556], [150.7870000085758, -34.44210700092641], [150.79144300859744, -34.4396329906155], [150.79065500912515, -34.4363049908487], [150.78467499883894, -34.43974399075581], [150.78320316853473, -34.44460957054846], [150.76426098882322, -34.447043000903236], [150.75638599861483, -34.44159701032426], [150.7485529884763, -34.443323000583035], [150.7443418085952, -34.44624132043433], [150.7439448286981, -34.44977131068399], [150.74737630864183, -34.46156781067894], [150.73121089872865, -34.478225010758464], [150.72770984875774, -34.488932830772505], [150.72433655898325, -34.49101014054684], [150.7255567487185, -34.494067670508095], [150.70894600888468, -34.50114000078826], [150.70981597872833, -34.50810099078862], [150.70695802907608, -34.51659804031037], [150.7093839986711, -34.519434000748745], [150.7084459886312, -34.52291500079523], [150.7118731189323, -34.523555040690745], [150.7101809786013, -34.52833300091846], [150.69129697917748, -34.535635010657714], [150.68169593903275, -34.542972920647415], [150.68514289874537, -34.54477390027657], [150.68353794889586, -34.54696491089973], [150.68701990876866, -34.54887189050534], [150.68943386878664, -34.54570785052957], [150.69324581849082, -34.547796830253446], [150.69459576897054, -34.54606381074564], [150.7097099892029, -34.54677201078462], [150.7128350088874, -34.548982000253154], [150.72003597876505, -34.54597000046233], [150.7287319986004, -34.54964600069579], [150.73857600877503, -34.54903600036003], [150.74669798897418, -34.55373200074009], [150.75471597839936, -34.55013399049392], [150.7644630190323, -34.55369101094996], [150.7768269886318, -34.55176099066805], [150.780952988461, -34.54716600058815], [150.7906519791077, -34.54491200093574], [150.79923499896518, -34.55231899068349], [150.80456001883167, -34.55219201059535], [150.80667799923492, -34.55041401079653], [150.80678205917908, -34.547860970717835], [150.8049500592432, -34.54707304096032], [150.8055890991767, -34.55012382084742], [150.80083617858548, -34.55142587027533], [150.7969332286447, -34.545754910845154], [150.80536596843996, -34.54280581093922], [150.81334972845954, -34.53438572032429], [150.80764375913225, -34.52507278033822], [150.80806069869658, -34.524842751006695], [150.80975786869493, -34.52765499096705], [150.81207193874826, -34.53004701041441], [150.81257304865812, -34.53027596043076], [150.8089296884783, -34.52489076082956], [150.81323182907008, -34.519364020778276], [150.8194324188777, -34.51823265052101], [150.8117479290017, -34.50736296099889], [150.81836796916488, -34.50108996065959], [150.8284969384224, -34.504784020437306], [150.83016698918055, -34.50155301041423], [150.835436899201, -34.500694460986885], [150.82617396875946, -34.49647101039968], [150.8268039887093, -34.48941000046263], [150.82426497871214, -34.484082000417445], [150.8274400085068, -34.482861000757744], [150.82472301889575, -34.48073999054504], [150.81037300895036, -34.48001700103748], [150.80909802916926, -34.47755200042223]]]}}, {"type": "Feature", "properties": {"postcode": "2533", "name": "Jamberoo", "region": "South Coast", "flexibleExport": 28.9, "networkVisibility": 45.6, "connectionAssessment": 56.9, "derOrchestration": 34.7, "composite": 41.5, "solarKwTotal": 23325.36, "solarGrowthPct": 1.1608623548922055, "batteryInstalls": 588.0, "meanAvailableKva": 1001.9953088685015, "distSubstationCount": 377}, "geometry": {"type": "Polygon", "coordinates": [[[150.86075599902725, -34.6885370103515], [150.85949700925823, -34.68189501088189], [150.85532202878815, -34.68009300043728], [150.85528399861056, -34.67592500055906], [150.8587985089377, -34.675234900390286], [150.85891749888188, -34.672427890294564], [150.86470237891868, -34.67163783054383], [150.86040442896774, -34.66946188045795], [150.85676950845993, -34.67119688023105], [150.8549084489229, -34.66065588092904], [150.85781300856192, -34.65453800045399], [150.86316324863003, -34.65396078087807], [150.86264100854805, -34.65134100052921], [150.86547814872668, -34.64888975085379], [150.86004223902492, -34.64905077076597], [150.8565942687076, -34.64602980083179], [150.85610421885548, -34.63912576070472], [150.8617940589319, -34.63246168078167], [150.8620509887812, -34.62868065074589], [150.85872104900736, -34.628074660930125], [150.8495870789114, -34.617814690487826], [150.8489500386277, -34.614326660868926], [150.84255319926987, -34.61490775080769], [150.83839321886842, -34.611572730553554], [150.83747567873888, -34.6130222503526], [150.85004715916904, -34.62829575041224], [150.84631531852693, -34.636412830725206], [150.84279540842664, -34.636369880936144], [150.84509329892342, -34.630973810643404], [150.835438508982, -34.633207910482824], [150.83247364903116, -34.63902196023872], [150.82751968907257, -34.637432000298595], [150.82673171924463, -34.639418030852646], [150.81964688895684, -34.640334060882765], [150.8152099489701, -34.636828080348835], [150.81494700849316, -34.64081909037698], [150.80728400901376, -34.642920000434565], [150.79695235916697, -34.64132823060443], [150.79927517881114, -34.62957914053031], [150.7930030184283, -34.628734000345396], [150.7945601886845, -34.621017130832456], [150.78593880896779, -34.61917131024641], [150.78668797876188, -34.61524101029263], [150.7794681685178, -34.61003002042341], [150.760081668592, -34.60589242023008], [150.75813077842488, -34.61302247066998], [150.74663699875623, -34.61143500084637], [150.74419901868586, -34.62209899076714], [150.72750610905473, -34.61948999062337], [150.72631806912514, -34.62475043079701], [150.71745425926608, -34.626694970721154], [150.7180185189438, -34.624748930189405], [150.70924300898557, -34.6335490008131], [150.702857438993, -34.633722170862065], [150.70244509880283, -34.63583301039211], [150.7079279787159, -34.636532010914785], [150.7086338191706, -34.64027569080131], [150.71135003892553, -34.641462960345805], [150.7078252689396, -34.64347526067438], [150.70365901919575, -34.657303000659724], [150.71036000924414, -34.66826700080529], [150.72265299846146, -34.67192700059656], [150.72254714907322, -34.675063010897446], [150.7328024385276, -34.67927232033768], [150.74686497859892, -34.67761000046512], [150.74600178923905, -34.681800990530114], [150.75734598863306, -34.68332900063284], [150.76313598906705, -34.68881900086538], [150.77561200912518, -34.69266900040385], [150.77475801851384, -34.69849700039949], [150.78345100923005, -34.69963601069828], [150.78816698930018, -34.70757900058878], [150.79641200904882, -34.70869899071235], [150.7972350086812, -34.704670010635056], [150.80306898883487, -34.705138000797675], [150.8036300289506, -34.70238799051473], [150.80876999856352, -34.703097010408996], [150.81505901852765, -34.710274010428165], [150.81421597927795, -34.705945010512245], [150.82254746905917, -34.704578510816994], [150.8392931987308, -34.70672676061882], [150.84043308896108, -34.71149503024179], [150.84829080905814, -34.712717930536364], [150.8485168593196, -34.71548302051624], [150.85037400849023, -34.71511699020792], [150.8497800091867, -34.70830000051123], [150.85258298913004, -34.70657401086413], [150.84998200885303, -34.703602000825796], [150.8560189992777, -34.70053799052563], [150.8519559991977, -34.69745501040203], [150.8571680092048, -34.69508900069575], [150.85453198924185, -34.690020000519226], [150.86075599902725, -34.6885370103515]]]}}, {"type": "Feature", "properties": {"postcode": "2534", "name": "Gerringong", "region": "South Coast", "flexibleExport": 34.0, "networkVisibility": 48.8, "connectionAssessment": 68.3, "derOrchestration": 25.8, "composite": 44.2, "solarKwTotal": 8954.84, "solarGrowthPct": 32.32044198895028, "batteryInstalls": 194.0, "meanAvailableKva": 82.58103703703704, "distSubstationCount": 200}, "geometry": {"type": "Polygon", "coordinates": [[[150.82309000926998, -34.78091700017199], [150.82302098901172, -34.772958000328124], [150.82849802897712, -34.76919199081808], [150.82790899915375, -34.76172101080985], [150.83700701867198, -34.7545470107623], [150.83220701917332, -34.75114201033656], [150.83614499891866, -34.74610599079412], [150.83329901931756, -34.73864400070337], [150.83930899919827, -34.729890000165824], [150.84603499924253, -34.72544601019529], [150.84829080905814, -34.712717930536364], [150.84043308896108, -34.71149503024179], [150.8392931987308, -34.70672676061882], [150.82254746905917, -34.704578510816994], [150.81421597927795, -34.705945010512245], [150.81438398849056, -34.71017100062279], [150.80876999856352, -34.703097010408996], [150.8036300289506, -34.70238799051473], [150.80306898883487, -34.705138000797675], [150.7972350086812, -34.704670010635056], [150.79641200904882, -34.70869899071235], [150.78816698930018, -34.70757900058878], [150.78345100923005, -34.69963601069828], [150.77475801851384, -34.69849700039949], [150.77561200912518, -34.69266900040385], [150.76899999900232, -34.69095448052694], [150.7520761190369, -34.69098898022954], [150.74474640890082, -34.69578829027293], [150.74084480912796, -34.69451499070616], [150.7348781585866, -34.69703226080121], [150.7346590091832, -34.70652700031682], [150.7317240092324, -34.70625599017187], [150.73374526892735, -34.71378296053234], [150.73068700933976, -34.71842200051502], [150.73692799908065, -34.73831599071286], [150.73448501898736, -34.74916600019199], [150.75070097889824, -34.75167000049211], [150.75424768933672, -34.76554020057369], [150.78133681881894, -34.79218274078406], [150.79365399876858, -34.78143300073335], [150.8074719886735, -34.774119010360465], [150.81631297862938, -34.773016000155536], [150.82109600895234, -34.78048800080429], [150.82508301874583, -34.78256300028374], [150.82309000926998, -34.78091700017199]]]}}, {"type": "Feature", "properties": {"postcode": "2535", "name": "Berry", "region": "South Coast", "flexibleExport": 14.3, "networkVisibility": 36.6, "connectionAssessment": 62.1, "derOrchestration": 28.8, "composite": 35.5, "solarKwTotal": 15192.4, "solarGrowthPct": 0.6896551724137931, "batteryInstalls": 291.0, "meanAvailableKva": 35.87758762886598, "distSubstationCount": 453}, "geometry": {"type": "Polygon", "coordinates": [[[150.7270429987796, -34.86539501074448], [150.7413070094096, -34.860030010501006], [150.74955089907766, -34.86061886022528], [150.7511529985728, -34.8474980003533], [150.76054699860416, -34.82064601031836], [150.78133681881894, -34.79218274078406], [150.75424768933672, -34.76554020057369], [150.75070097889824, -34.75167000049211], [150.73448501898736, -34.74916600019199], [150.73692799908065, -34.73831599071286], [150.73180000850212, -34.726304000663404], [150.7307889887858, -34.716733010422914], [150.71974200868158, -34.715188000813974], [150.72080598857548, -34.71021100043823], [150.71397402865023, -34.70736599034365], [150.697462999118, -34.714132000570494], [150.69788799926542, -34.709214990638486], [150.7149449987762, -34.69782501035986], [150.71949880868303, -34.690195310592195], [150.69405600904557, -34.69137200071108], [150.69772692864004, -34.68318481052538], [150.69590097885754, -34.680300030766624], [150.6973420292869, -34.6764270008072], [150.695118998996, -34.67459900034844], [150.69829800922568, -34.671652000680865], [150.69780598846987, -34.6692739902108], [150.70996201874237, -34.670294010321435], [150.71040800892473, -34.66637700042065], [150.70528202877577, -34.66237299063217], [150.70365901919575, -34.657303000659724], [150.7078252689396, -34.64347526067438], [150.71135003892553, -34.641462960345805], [150.7086338191706, -34.64027569080131], [150.7079279787159, -34.636532010914785], [150.68891600888995, -34.63305701043734], [150.67845963874572, -34.62415821057355], [150.66746064844065, -34.62280691053737], [150.66609598894647, -34.62980500030584], [150.67000400897874, -34.63034300087327], [150.66678499856602, -34.646461990204465], [150.65837638931592, -34.64519506017921], [150.65565402867776, -34.65738700018379], [150.65034601930947, -34.66638699033699], [150.6486211785055, -34.677469380360066], [150.64329100859752, -34.67933899064946], [150.6450089889677, -34.684436000524016], [150.6322169793218, -34.688330990407366], [150.63387079931945, -34.69974569014471], [150.62311307853338, -34.699172840223326], [150.61336556897982, -34.70203857079778], [150.60448234922248, -34.714952770702205], [150.59685698915337, -34.7210870002261], [150.597039999333, -34.723124000475416], [150.60574400878448, -34.72429000015315], [150.601352978997, -34.74597000078569], [150.59705623907672, -34.745399900273256], [150.59465796903345, -34.750723000522], [150.59342401890464, -34.74713100066734], [150.59183888858524, -34.75487135017238], [150.5887758086379, -34.75444570051793], [150.587976969195, -34.75846801052766], [150.59093617874274, -34.75889384018886], [150.58950299935194, -34.76604300009338], [150.5929280186121, -34.769618990114424], [150.59082557906328, -34.77362730030277], [150.5976094288152, -34.781424030353996], [150.60333197924604, -34.782266780620226], [150.60840799869217, -34.7734640006296], [150.62020701870776, -34.77850870056783], [150.6161658485875, -34.7830856403609], [150.61654497895992, -34.79284574036705], [150.63001270854897, -34.79461453007269], [150.62511995889554, -34.810309800399665], [150.62814416874053, -34.81051889062796], [150.62683527935417, -34.81764346046698], [150.6293060290678, -34.816581000583554], [150.63908364925135, -34.826130350562785], [150.64771100905284, -34.81724001025854], [150.66457999925953, -34.818081000613454], [150.66384700902194, -34.82726200060617], [150.65935001935352, -34.829128000065985], [150.65923402888404, -34.82428299039702], [150.65663098877005, -34.827528010115785], [150.6576079892865, -34.828427990405984], [150.66556301938675, -34.832546000161074], [150.66872099915733, -34.84333300074053], [150.6746820289399, -34.844447000440596], [150.6785159891652, -34.84908400066518], [150.67781201900294, -34.85713400044969], [150.68608302880932, -34.86311499013356], [150.70357601935504, -34.87046199029141], [150.71595801904064, -34.872708000294026], [150.72288797887518, -34.870837010187365], [150.7270429987796, -34.86539501074448]]]}}, {"type": "Feature", "properties": {"postcode": "2538", "name": "Postcode 2538", "region": "South Coast", "flexibleExport": 17.3, "networkVisibility": 38.5, "connectionAssessment": 51.5, "derOrchestration": 13.4, "composite": 30.2, "solarKwTotal": 4890.78, "solarGrowthPct": 12.554112554112553, "batteryInstalls": 84.0, "meanAvailableKva": 47.74152564102564, "distSubstationCount": 207}, "geometry": {"type": "Polygon", "coordinates": [[[150.42452701923267, -35.304093000378884], [150.4216478289155, -35.31815989993847], [150.42619699902394, -35.31882099997024], [150.42535100970682, -35.32312799997058], [150.42318600968494, -35.32751600004014], [150.41979898916128, -35.327052000039934], [150.41851199890488, -35.33328001019119], [150.40973002916144, -35.332413009891035], [150.40882183959567, -35.33725917009855], [150.4005739991371, -35.33605600981328], [150.40017297951616, -35.332372010302485], [150.39263400952967, -35.33135501011618], [150.38937901889486, -35.341928000019976], [150.3718440096518, -35.33954598998209], [150.37021501908862, -35.35246198962336], [150.3680810091474, -35.35218900975898], [150.36739002952243, -35.35575199994062], [150.3695280190003, -35.35602600005292], [150.3674770088998, -35.36645201027763], [150.34355198929168, -35.36250699003459], [150.33942700905033, -35.37315799990947], [150.33095199902937, -35.372110010037126], [150.3285540290234, -35.37834299025748], [150.32462801932925, -35.37825999981698], [150.32108499916998, -35.37601400981341], [150.32289699901443, -35.37244899994252], [150.31820499947082, -35.37148499968651], [150.30391601926914, -35.38349101028653], [150.3034929792457, -35.387171009908315], [150.2972059993555, -35.38667600012078], [150.29388099941738, -35.390582999980154], [150.29455901904777, -35.38626900021342], [150.28497999930562, -35.381716999743226], [150.28556300951826, -35.37814900005173], [150.28121699969952, -35.377557999978016], [150.28127498954441, -35.386379000113784], [150.27484299910947, -35.39012798984615], [150.2726099993156, -35.397270010256534], [150.26614701969834, -35.39834199010272], [150.2665270196399, -35.394794009878865], [150.2602609893605, -35.39563100018736], [150.26000497938603, -35.39368999970835], [150.254369999424, -35.397094000279374], [150.253436989407, -35.39494400010902], [150.25567501976647, -35.392999999681834], [150.2532299995992, -35.39138299984841], [150.24248399913267, -35.39650798957915], [150.23585599899772, -35.395762999666374], [150.23241200911536, -35.39844799958448], [150.231973999566, -35.40420598964531], [150.22767999950727, -35.40685199001489], [150.22667098932232, -35.41067799993493], [150.22214097938055, -35.40996599991762], [150.22090300929088, -35.41445498988527], [150.21712799920954, -35.41461799996888], [150.2159199897312, -35.41017099980545], [150.21433599937382, -35.412203999943664], [150.21102898909757, -35.411232999630066], [150.2075799991924, -35.41505399969662], [150.20443299952947, -35.41311000976847], [150.2030300197019, -35.42093699979054], [150.20025999894634, -35.41989099967508], [150.20019998968868, -35.41631199958717], [150.19695199962496, -35.41787199976084], [150.1987940094881, -35.42173500011122], [150.19703101903056, -35.427219989835415], [150.19273500944058, -35.430497009636234], [150.19796600983284, -35.4319430096966], [150.19204201938604, -35.436611999716135], [150.1986550194524, -35.4357500096682], [150.19899800970254, -35.44117100991733], [150.19602000919576, -35.44366299969122], [150.18836799970552, -35.44126799988619], [150.18653401898436, -35.445865989808], [150.1827689793043, -35.44282200002483], [150.17623200905038, -35.444209999997625], [150.16995298913193, -35.45318299998702], [150.1676350194919, -35.44931999994264], [150.16182497944064, -35.45094699984796], [150.1654150192185, -35.455348999899535], [150.15869598920256, -35.45692999002036], [150.15673399945175, -35.46365799959932], [150.15339796910027, -35.46472301020206], [150.1500020094412, -35.47201699953449], [150.14741499976353, -35.47299599977331], [150.14953601916733, -35.47845200966585], [150.14555700976982, -35.48218500972415], [150.14519999951295, -35.488605009514295], [150.14267999966384, -35.488439009909655], [150.14331101943856, -35.494748009597004], [150.14054799925395, -35.49645299971851], [150.14812200982468, -35.50379999963474], [150.14213998910893, -35.50736899956768], [150.14646599973443, -35.514278989815686], [150.12315501904715, -35.510630999656655], [150.12259598936103, -35.514039990110405], [150.1249100198885, -35.51524799969313], [150.1215309898793, -35.52049300001414], [150.12189299926067, -35.53421399960108], [150.1824440191402, -35.542774009630776], [150.17754600985077, -35.54740001006941], [150.177621999239, -35.55047999968687], [150.18917760905023, -35.55445337012914], [150.19221312958305, -35.54976790010995], [150.19565073963025, -35.554093029746994], [150.19890839915968, -35.55337274974315], [150.19763545945267, -35.550715949842], [150.20377523960371, -35.546487479856495], [150.2030498697747, -35.543368169610034], [150.21245161957205, -35.54936999981294], [150.21427788915477, -35.54799146946875], [150.21334691921172, -35.54429642982613], [150.22128993973493, -35.55051741011946], [150.223417199735, -35.54507771956971], [150.23200031930548, -35.55010567002202], [150.23468627931007, -35.55426356002198], [150.23771745918336, -35.54937611949314], [150.24135347922908, -35.5582216701521], [150.24682333985868, -35.5592661298808], [150.24608241929383, -35.561899619903826], [150.25191515977238, -35.56668474008825], [150.25389082906833, -35.56429929007028], [150.25547952929267, -35.56838627970867], [150.25861100966074, -35.56395700985481], [150.2578160096174, -35.56154698975193], [150.26470099978883, -35.55620198947206], [150.26580001936867, -35.54344999946702], [150.27027502905878, -35.54281001001599], [150.27019899924645, -35.540097999587985], [150.27418599915845, -35.53986199991498], [150.27361801955712, -35.53672301008706], [150.27859698951156, -35.53479499015039], [150.28217401898914, -35.52998500019393], [150.28193198949543, -35.524095999727024], [150.2879659894285, -35.522630999744564], [150.29432600953777, -35.529475010134966], [150.29579001910915, -35.52641299998137], [150.30142098899174, -35.527145000170336], [150.30170498957213, -35.52708398962612], [150.3078180098092, -35.49763999952336], [150.3150129996021, -35.498659999898145], [150.31854798972097, -35.49289000002298], [150.31732300927035, -35.483876999583416], [150.31072001913122, -35.48043399965041], [150.32081697961846, -35.47306600958107], [150.31503299969353, -35.46708400003545], [150.3225477690663, -35.45216984993045], [150.32169600897177, -35.44996399983677], [150.3290449897672, -35.45255299962329], [150.32812200944036, -35.45034298959433], [150.3388239996445, -35.45232199013143], [150.3391300089494, -35.4505469895615], [150.34733998901208, -35.451643009903805], [150.34814700941217, -35.44754898957769], [150.35321002933784, -35.44821399982384], [150.3550209790517, -35.43870899001712], [150.35067597893934, -35.438123999905955], [150.35399999971386, -35.42146599021845], [150.35977999920374, -35.422227009975735], [150.36090079933595, -35.41689150008419], [150.39566602932777, -35.422062010225176], [150.3941479995668, -35.429335999896495], [150.41175799927154, -35.430290989864474], [150.41830398950924, -35.42228601016833], [150.43357361918407, -35.39063123030777], [150.44031530920304, -35.38765542975136], [150.43404289908844, -35.3783663997178], [150.4395350190725, -35.376598999689705], [150.4322880096382, -35.37015900000527], [150.4337399790898, -35.36714200003731], [150.4365679995717, -35.36915001021895], [150.44323600887284, -35.36683398979445], [150.4409880090103, -35.361057999920256], [150.44572000963518, -35.35350699986134], [150.435732989464, -35.35319998970899], [150.43646601922742, -35.34945700036915], [150.43889699962514, -35.33843299972294], [150.4481640191978, -35.33960900993284], [150.45212995900633, -35.332357710092516], [150.45676136898064, -35.333090220123765], [150.4568009792948, -35.32459699995102], [150.45313801967205, -35.32393700989416], [150.4557885294606, -35.31078800017244], [150.45813989936116, -35.30853992986421], [150.45559787910955, -35.30817712024037], [150.45600300942118, -35.30618200037224], [150.4593849894978, -35.302426999887736], [150.45613802890333, -35.296285000012475], [150.4605409793346, -35.294146999792986], [150.45525001909215, -35.2906920098052], [150.44274299907187, -35.29219401013179], [150.4411399895833, -35.287793000224035], [150.4350559894215, -35.2926770002293], [150.4311583691853, -35.30029143981458], [150.4221699890475, -35.29434806989819], [150.42068648962768, -35.29065238000797], [150.4025990191798, -35.288339990127554], [150.40403598946114, -35.28118400972529], [150.39823697892484, -35.28044999997452], [150.39204099927127, -35.28396101004511], [150.3877739989768, -35.28246799984767], [150.38889001917335, -35.280173000289345], [150.3869140192974, -35.279671000203216], [150.3806180293049, -35.281780000329974], [150.38114300924858, -35.2793270002932], [150.3746210094188, -35.27477998997205], [150.3626119992223, -35.26971899978622], [150.3626749890901, -35.265616000111024], [150.3562650091763, -35.2646959900161], [150.35702398947163, -35.26211499984956], [150.35101298910476, -35.25374200027079], [150.35477901962653, -35.241791990126195], [150.34452700902295, -35.24189400035302], [150.34179399885707, -35.236847999896774], [150.34332498951093, -35.23324599020507], [150.33982898897025, -35.23149899976753], [150.334007019292, -35.23382301017281], [150.32523401922668, -35.22953100973738], [150.3186320091495, -35.2161450004178], [150.31994301945832, -35.207057999824556], [150.3163290090354, -35.2128620102783], [150.3065199990209, -35.21686400010958], [150.30165699887473, -35.22196298990823], [150.32090000910358, -35.226501000122035], [150.32023297946236, -35.22910501018092], [150.30887300924522, -35.23876699989642], [150.29415598899726, -35.23580501011864], [150.2922820089915, -35.23917101036815], [150.29444999950488, -35.24523599028538], [150.28881599960482, -35.25053899983277], [150.29408199925888, -35.2533019897481], [150.289040988956, -35.26500999024296], [150.29226597945353, -35.26545000028169], [150.2970440088553, -35.26090801005623], [150.30579598924126, -35.26605001012009], [150.30875697924986, -35.26500999024296], [150.308518009418, -35.261544999785116], [150.31365698908743, -35.26022999970743], [150.31748098969115, -35.25568899034548], [150.3211479890377, -35.25819100972323], [150.3211850095089, -35.2620220003521], [150.32780099916852, -35.26204000026317], [150.32515598886613, -35.268335999885934], [150.3187950192376, -35.27170199979696], [150.32004897933933, -35.274695999894064], [150.31371297928246, -35.28172500030161], [150.30935498953116, -35.28424998975658], [150.3013999989568, -35.28262299014319], [150.30481402912613, -35.29010500024773], [150.3147459996384, -35.2839649998985], [150.3218470094828, -35.28631000973416], [150.3230520194864, -35.2899400001512], [150.31771998916747, -35.29775299994755], [150.32008602945496, -35.29970699992224], [150.31783901953588, -35.300501999871244], [150.31891499912527, -35.30277201012908], [150.32582896894783, -35.303126009890185], [150.32483500913708, -35.30593900978167], [150.37876908893944, -35.313072029860194], [150.3755790195502, -35.311709009884765], [150.38262300883193, -35.3028000000561], [150.3913280091252, -35.302449000289336], [150.39372897950423, -35.306409000058004], [150.39729998937108, -35.307286010157064], [150.39875199924688, -35.304200009703194], [150.39612596944818, -35.3034050101638], [150.398182009216, -35.30178899003781], [150.4194120191914, -35.30877499989246], [150.42100301910287, -35.30765900991727], [150.41924199954917, -35.30533700014206], [150.42452701923267, -35.304093000378884]]]}}, {"type": "Feature", "properties": {"postcode": "2539", "name": "Ulladulla", "region": "South Coast", "flexibleExport": 21.9, "networkVisibility": 32.8, "connectionAssessment": 61.8, "derOrchestration": 26.9, "composite": 35.9, "solarKwTotal": 33484.61, "solarGrowthPct": 0.2702702702702703, "batteryInstalls": 488.0, "meanAvailableKva": 108.57427964205817, "distSubstationCount": 535}, "geometry": {"type": "MultiPolygon", "coordinates": [[[[150.30384699901094, -35.383565999834424], [150.31820499947082, -35.37148499968651], [150.32271599926446, -35.37234998968428], [150.32121697965152, -35.37622600017269], [150.3284799997591, -35.378410000286486], [150.3306990190723, -35.37220601003906], [150.34068899919237, -35.37241499985888], [150.34355198929168, -35.36250699003459], [150.3674770088998, -35.36645201027763], [150.3695280190003, -35.35602600005292], [150.36739002952243, -35.35575199994062], [150.3680810091474, -35.35218900975898], [150.37021501908862, -35.35246198962336], [150.3718440096518, -35.33954598998209], [150.38937901889486, -35.341928000019976], [150.39263400952967, -35.33135501011618], [150.40017297951616, -35.332372010302485], [150.4005739991371, -35.33605600981328], [150.40882183959567, -35.33725917009855], [150.40973002916144, -35.332413009891035], [150.41851199890488, -35.33328001019119], [150.41979898916128, -35.327052000039934], [150.42318600968494, -35.32751600004014], [150.42535100970682, -35.32312799997058], [150.42619699902394, -35.31882099997024], [150.4216478289155, -35.31815989993847], [150.42452701923267, -35.304093000378884], [150.41924199954917, -35.30533700014206], [150.41993001922523, -35.3088009901294], [150.399572989348, -35.30193399988286], [150.39622400888337, -35.30283600007767], [150.39875199924688, -35.304200009703194], [150.39729998937108, -35.307286010157064], [150.39372897950423, -35.306409000058004], [150.3913280091252, -35.302449000289336], [150.38328602929207, -35.30263898984606], [150.3755790195502, -35.311709009884765], [150.37876908893944, -35.313072029860194], [150.2748859996655, -35.29931799978504], [150.27518200892465, -35.30384701020982], [150.206713999004, -35.29396701025877], [150.20377599957845, -35.295752000221384], [150.2049660095134, -35.299750999999134], [150.19883499961446, -35.30136298971959], [150.19326600899495, -35.300806999798255], [150.19548301967512, -35.28988399965983], [150.18767698953783, -35.29051700005137], [150.18389700907792, -35.287270010031484], [150.16260797889007, -35.301500999619684], [150.15665800916528, -35.310477999590674], [150.1570580091983, -35.31428400008123], [150.15019502954803, -35.312792000026604], [150.14209198942828, -35.31522701016019], [150.13708301933673, -35.32081300965502], [150.1385129791655, -35.323173989698], [150.13419101904358, -35.331008000141196], [150.12842298960487, -35.33234999019134], [150.1262229894229, -35.33577498965261], [150.12705697904445, -35.34049298999874], [150.1315799893135, -35.34190400989838], [150.1237320096491, -35.355541999888366], [150.12176400927072, -35.35389101001509], [150.12007697945535, -35.355753989800135], [150.11999900928194, -35.361794999853196], [150.10716995940194, -35.37343295983455], [150.1075820094363, -35.380495009869044], [150.1045589997405, -35.38445201009061], [150.0962110097041, -35.386297990201584], [150.09478499976754, -35.390014989566225], [150.09053299954164, -35.39142501010724], [150.0828190197715, -35.40359299015898], [150.08087298949005, -35.41208199975446], [150.07229402911938, -35.41753899957879], [150.0619609796974, -35.429510999610784], [150.0592449791314, -35.43767700968673], [150.06073801955776, -35.44320800964652], [150.05803200915608, -35.44283298952322], [150.0575790094195, -35.45028700003046], [150.06532098967708, -35.4605209897648], [150.04915699910208, -35.471227000103305], [150.03741100933254, -35.48841499973359], [150.03238298956697, -35.502821999861425], [150.02719297930122, -35.50966999968016], [150.04994601906049, -35.509415989849536], [150.0530760091235, -35.51446398965584], [150.06255297935112, -35.51537700991892], [150.06224900922186, -35.50763798994459], [150.06970700956018, -35.5033330097754], [150.07230898966213, -35.49759298954366], [150.0772769992718, -35.4972179999015], [150.0829729793331, -35.50323800992431], [150.08978000921263, -35.50525700955732], [150.0960169798909, -35.50266900011177], [150.09821299963787, -35.49717499971157], [150.104775989594, -35.50232899011753], [150.1149790195567, -35.50452000005808], [150.10979200966398, -35.50754798971691], [150.11085101917942, -35.51101699972632], [150.12137400928336, -35.51005200009466], [150.14598098943108, -35.51479499987492], [150.14213998910893, -35.50736899956768], [150.14812200982468, -35.50379999963474], [150.14433699969757, -35.498318009996225], [150.14046700984292, -35.49700800999827], [150.14331101943856, -35.494748009597004], [150.14267999966384, -35.488439009909655], [150.14519999951295, -35.488605009514295], [150.14555700976982, -35.48218500972415], [150.14953601916733, -35.47845200966585], [150.1472960098193, -35.473207989638155], [150.1500020094412, -35.47201699953449], [150.15339796910027, -35.46472301020206], [150.15673399945175, -35.46365799959932], [150.15869598920256, -35.45692999002036], [150.16532397945608, -35.455509009778055], [150.16191601920315, -35.45087300015119], [150.1676350194919, -35.44931999994264], [150.16995298913193, -35.45318299998702], [150.17623200905038, -35.444209999997625], [150.1827689793043, -35.44282200002483], [150.18653401898436, -35.445865989808], [150.18836799970552, -35.44126799988619], [150.19602000919576, -35.44366299969122], [150.19890602940401, -35.4412909995277], [150.1986550194524, -35.4357500096682], [150.19204201938604, -35.436611999716135], [150.19796600983284, -35.4319430096966], [150.19273500944058, -35.430497009636234], [150.19703101903056, -35.427219989835415], [150.1987940094881, -35.42173500011122], [150.19685402936003, -35.41794599977706], [150.20019998968868, -35.41631199958717], [150.20025999894634, -35.41989099967508], [150.2030300197019, -35.42093699979054], [150.20443299952947, -35.41311000976847], [150.2075799991924, -35.41505399969662], [150.21102898909757, -35.411232999630066], [150.21433599937382, -35.412203999943664], [150.2159199897312, -35.41017099980545], [150.21712799920954, -35.41461799996888], [150.22090300929088, -35.41445498988527], [150.22214097938055, -35.40996599991762], [150.22667098932232, -35.41067799993493], [150.22767999950727, -35.40685199001489], [150.231973999566, -35.40420598964531], [150.23241200911536, -35.39844799958448], [150.23585599899772, -35.395762999666374], [150.24248399913267, -35.39650798957915], [150.2532299995992, -35.39138299984841], [150.25567501976647, -35.392999999681834], [150.253436989407, -35.39494400010902], [150.254369999424, -35.397094000279374], [150.26000497938603, -35.39368999970835], [150.2602609893605, -35.39563100018736], [150.2665270196399, -35.394794009878865], [150.26614701969834, -35.39834199010272], [150.2726099993156, -35.397270010256534], [150.27484299910947, -35.39012798984615], [150.28127498954441, -35.386379000113784], [150.28121699969952, -35.377557999978016], [150.28556300951826, -35.37814900005173], [150.28497999930562, -35.381716999743226], [150.29455901904777, -35.38626900021342], [150.29388099941738, -35.390582999980154], [150.2972059993555, -35.38667600012078], [150.3034929792457, -35.387171009908315], [150.30384699901094, -35.383565999834424]]], [[[150.4905889895812, -35.361433990380895], [150.48339100929678, -35.359062999670364], [150.47900099909714, -35.35963798996101], [150.47888602911382, -35.35594600001999], [150.47690199919757, -35.35798800034134], [150.47488201960192, -35.356554009711914], [150.47830600939272, -35.35300001032061], [150.48503415910548, -35.35328360010875], [150.48466514915305, -35.35058260003485], [150.47558602929007, -35.34644600012606], [150.47842298890737, -35.34114799976431], [150.47441700939004, -35.33918001017284], [150.47589901940304, -35.33028098978371], [150.4808710094477, -35.324778999919424], [150.4850159888822, -35.326791000152056], [150.48731197944215, -35.32449100999329], [150.48545000901342, -35.32144799995109], [150.47516200920458, -35.31946399970768], [150.4719009890776, -35.31654700026577], [150.47282300910547, -35.30779399979209], [150.4766010590858, -35.30418651972994], [150.4735580196541, -35.302369010263725], [150.47518897932437, -35.297077009963644], [150.48135882968123, -35.28791543979432], [150.49552199903076, -35.275939000152405], [150.50768200883994, -35.26821600972732], [150.51308006892552, -35.269890170292236], [150.5151629791001, -35.262841149957055], [150.52227200910335, -35.258974000296895], [150.52714201880366, -35.2598760001511], [150.52682169933632, -35.255794030251636], [150.53128600919308, -35.25227700019563], [150.54522601905964, -35.248435989932446], [150.54187002904084, -35.24651500975922], [150.54204299964883, -35.242952000393565], [150.53508799927573, -35.2449680004395], [150.53180098909095, -35.24244198984671], [150.53019998913373, -35.235074000414706], [150.53187898890877, -35.2294770103515], [150.49931401961035, -35.22434499977434], [150.50081796917752, -35.21722099974515], [150.48647598927244, -35.21516899991029], [150.48731500945962, -35.211181010335544], [150.4603960092141, -35.21019901019642], [150.46496434937066, -35.19861829007761], [150.44553655928112, -35.19706202978509], [150.43822166955076, -35.19395018028834], [150.43697449891587, -35.18970711000112], [150.42657900939514, -35.18828500021545], [150.42494300927777, -35.20257198985769], [150.33553800904758, -35.190461009890114], [150.33682401924202, -35.196542990042005], [150.32126201938328, -35.20465500005227], [150.31893101968004, -35.20991500033624], [150.3187150089902, -35.21640300016096], [150.32542900933893, -35.22976100019678], [150.334007019292, -35.23382301017281], [150.33982898897025, -35.23149899976753], [150.34332498951093, -35.23324599020507], [150.34179399885707, -35.236847999896774], [150.34475002926698, -35.2419860002027], [150.35477901962653, -35.241791990126195], [150.35101298910476, -35.25374200027079], [150.35702398947163, -35.26211499984956], [150.3562650091763, -35.2646959900161], [150.3626749890901, -35.265616000111024], [150.3626119992223, -35.26971899978622], [150.3746210094188, -35.27477998997205], [150.38114300924858, -35.2793270002932], [150.3806180293049, -35.281780000329974], [150.3869140192974, -35.279671000203216], [150.38889001917335, -35.280173000289345], [150.3877739989768, -35.28246799984767], [150.39204099927127, -35.28396101004511], [150.39823697892484, -35.28044999997452], [150.40403598946114, -35.28118400972529], [150.4025990191798, -35.288339990127554], [150.42068648962768, -35.29065238000797], [150.4221699890475, -35.29434806989819], [150.4311583691853, -35.30029143981458], [150.4350559894215, -35.2926770002293], [150.4411399895833, -35.287793000224035], [150.44274299907187, -35.29219401013179], [150.45525001909215, -35.2906920098052], [150.4605409793346, -35.294146999792986], [150.45613802890333, -35.296285000012475], [150.4593849894978, -35.302426999887736], [150.45600300942118, -35.30618200037224], [150.45559787910955, -35.30817712024037], [150.45813989936116, -35.30853992986421], [150.4557885294606, -35.31078800017244], [150.45313801967205, -35.32393700989416], [150.4568009792948, -35.32459699995102], [150.45676136898064, -35.333090220123765], [150.45212995900633, -35.332357710092516], [150.4481640191978, -35.33960900993284], [150.43889699962514, -35.33843299972294], [150.435732989464, -35.35319998970899], [150.44572000963518, -35.35350699986134], [150.4409880090103, -35.361057999920256], [150.44353099944243, -35.366138999951744], [150.43671100956837, -35.36913899968242], [150.4337399790898, -35.36714200003731], [150.4322659991171, -35.370387989737694], [150.4395350190725, -35.376598999689705], [150.43404289908844, -35.3783663997178], [150.4403719991857, -35.38749100003098], [150.43357361918407, -35.39063123030777], [150.41276299937712, -35.42947200004616], [150.40761802974131, -35.43117898994389], [150.3941479995668, -35.429335999896495], [150.39566602932777, -35.422062010225176], [150.36090079933595, -35.41689150008419], [150.35977999920374, -35.422227009975735], [150.35399999971386, -35.42146599021845], [150.35067597893934, -35.438123999905955], [150.3550209790517, -35.43870899001712], [150.35321002933784, -35.44821399982384], [150.34814700941217, -35.44754898957769], [150.34733998901208, -35.451643009903805], [150.3391300089494, -35.4505469895615], [150.3388239996445, -35.45232199013143], [150.32812200944036, -35.45034298959433], [150.3290449897672, -35.45255299962329], [150.32169600897177, -35.44996399983677], [150.3225477690663, -35.45216984993045], [150.31503299969353, -35.46708400003545], [150.32081697961846, -35.47306600958107], [150.31072001913122, -35.48043399965041], [150.31732300927035, -35.483876999583416], [150.31854798972097, -35.49289000002298], [150.3150129996021, -35.498659999898145], [150.3078180098092, -35.49763999952336], [150.30170498957213, -35.52708398962612], [150.29579001910915, -35.52641299998137], [150.29432600953777, -35.529475010134966], [150.2879659894285, -35.522630999744564], [150.28193198949543, -35.524095999727024], [150.28217401898914, -35.52998500019393], [150.27859698951156, -35.53479499015039], [150.27361801955712, -35.53672301008706], [150.27418599915845, -35.53986199991498], [150.27019899924645, -35.540097999587985], [150.27027502905878, -35.54281001001599], [150.26580001936867, -35.54344999946702], [150.26629100975688, -35.55085398994252], [150.26245796940648, -35.558065999684835], [150.2695489998664, -35.55892500986514], [150.26841698965777, -35.55633700988254], [150.27077299935678, -35.55533800971065], [150.28709900917812, -35.557606989542975], [150.29546301976933, -35.57002600959126], [150.29847298952046, -35.570407000005225], [150.31285099905492, -35.58387798973484], [150.32223901900144, -35.588361999702464], [150.32278899905938, -35.59294098978538], [150.3256400092261, -35.59331198997209], [150.32640300948228, -35.589820009558686], [150.33073683904405, -35.59037106997209], [150.334440998999, -35.5873420101608], [150.3500220090058, -35.58792500015405], [150.36557699931038, -35.57032000975274], [150.37680202909712, -35.57180200964889], [150.37905399951325, -35.56843999997429], [150.3755639790574, -35.566477999512855], [150.37574698923697, -35.5636230097982], [150.3796740292987, -35.56161499971574], [150.38408800924503, -35.563766989873606], [150.3870129795057, -35.56257699990137], [150.38748798976337, -35.559065000205486], [150.38162498953443, -35.5559930001538], [150.38504200929702, -35.546132000051905], [150.38807501903855, -35.542899989711024], [150.39249198947655, -35.544512009704334], [150.3904500290042, -35.54033400953105], [150.39461599937192, -35.53421999981942], [150.40265099929536, -35.53171200980805], [150.40344399968882, -35.534513999733385], [150.4058099995522, -35.53441800019324], [150.40515901921182, -35.531404000088806], [150.40766999907714, -35.529615989847045], [150.40174400898056, -35.521861999600766], [150.40218196912258, -35.51844800964916], [150.39862099972564, -35.51593900022577], [150.40162300950504, -35.51398498961555], [150.3978769790747, -35.50888800022723], [150.40158398938402, -35.50619199967292], [150.39366097973218, -35.505663009667515], [150.39116097907623, -35.499858999726605], [150.39116327966167, -35.49540303983486], [150.39566518940302, -35.49288701957954], [150.39078126929044, -35.49182502972403], [150.3894332492903, -35.4886400299379], [150.3913161396854, -35.48286204021455], [150.39571102953363, -35.479957040215126], [150.39465300906335, -35.475798049786015], [150.39078207957084, -35.473473059765595], [150.3928469497779, -35.46460906972851], [150.39975800905884, -35.45672500011199], [150.4037489894059, -35.458114989838876], [150.40086169897984, -35.452788069731184], [150.4060905389238, -35.44587105989111], [150.41573434965585, -35.44542204966164], [150.41062941972893, -35.441504060235864], [150.41074537965574, -35.43652208975797], [150.42308398891643, -35.42097505987384], [150.43750951932944, -35.40989104004314], [150.4450173896408, -35.410865969830304], [150.4455813097553, -35.40735398976747], [150.44909830931408, -35.40675695964676], [150.44681427892382, -35.401783990110324], [150.4503471894429, -35.40028195964182], [150.44730301903226, -35.39492201023946], [150.45209305890936, -35.389967949643356], [150.45893990930875, -35.385647869783696], [150.46644700886563, -35.376430000347995], [150.47199197943274, -35.37529201022696], [150.47854434950563, -35.367844699952364], [150.4859089888348, -35.36573299967208], [150.4922929894706, -35.36680799990223], [150.4905889895812, -35.361433990380895]]], [[[150.35298299901442, -35.5859129901389], [150.3545639997784, -35.58723900008582], [150.35517098961932, -35.586907000150866], [150.35298299901442, -35.5859129901389]]], [[[150.35944400952457, -35.58612001003498], [150.35931501953462, -35.58669401010677], [150.3598310190203, -35.58643701003992], [150.35944400952457, -35.58612001003498]]], [[[150.3623489796937, -35.57643700011227], [150.36431299963704, -35.57820200980098], [150.36510399948236, -35.578269989554755], [150.36436201980376, -35.57670400980264], [150.3623489796937, -35.57643700011227]]], [[[150.38855998981612, -35.553238999668544], [150.3903060093012, -35.55486599997728], [150.3920309992255, -35.55456200010264], [150.39062099906397, -35.55289098985526], [150.38855998981612, -35.553238999668544]]], [[[150.4129902794322, -35.532445939842866], [150.42109900948094, -35.5315800095471], [150.4207799997572, -35.52604798984461], [150.41496098912947, -35.526869999812725], [150.41133328927992, -35.53027396987421], [150.4129902794322, -35.532445939842866]]], [[[150.51439304923974, -35.27068815982749], [150.51677203964033, -35.27361814039727], [150.51764197894124, -35.272499130277204], [150.51439304923974, -35.27068815982749]]]]}}, {"type": "Feature", "properties": {"postcode": "2540", "name": "Bolong", "region": "South Coast", "flexibleExport": 22.1, "networkVisibility": 44.4, "connectionAssessment": 65.1, "derOrchestration": 36.0, "composite": 41.9, "solarKwTotal": 73525.79, "solarGrowthPct": 3.286878779910597, "batteryInstalls": 1337.0, "meanAvailableKva": 362.73650892018776, "distSubstationCount": 1323}, "geometry": {"type": "MultiPolygon", "coordinates": [[[[150.6906550188209, -35.015073990548586], [150.7091409891154, -35.00743400024774], [150.71742600904702, -35.007156990317036], [150.714108998725, -35.00892001019168], [150.7170969992776, -35.01059200049033], [150.7283969988647, -35.0075490100212], [150.72482915915242, -34.99816895024106], [150.73969199932722, -34.992116000262946], [150.76034898925428, -34.99221099007494], [150.7739300188586, -35.00174600057705], [150.7716540292884, -35.00499399022968], [150.77827099900998, -35.002448000276296], [150.7761649886579, -35.011350000585864], [150.76725201939323, -35.015173010471614], [150.77077400909337, -35.02193999051189], [150.7750799890847, -35.02364401015146], [150.7753039893907, -35.02670700050369], [150.78501199912284, -35.03078801023454], [150.78716199907606, -35.03817400052796], [150.7819820292802, -35.04467100010361], [150.77924799862814, -35.053844000264284], [150.7757380086236, -35.054143999976525], [150.77347898912743, -35.07946101002329], [150.77699101920606, -35.07848900012487], [150.77657100920004, -35.08296900049506], [150.78157997929165, -35.077331010400734], [150.78123501903602, -35.07290899009942], [150.7862589891963, -35.07254201024572], [150.78877598867228, -35.0773900099666], [150.7936430087794, -35.07660300029669], [150.79225100905958, -35.078979010126034], [150.79529200931552, -35.08162701030999], [150.79892499934377, -35.08032499006837], [150.79951198909313, -35.0906299899311], [150.8039780291051, -35.09459501044184], [150.80858599933876, -35.092147990270355], [150.81002997917426, -35.08809699023948], [150.81955698915647, -35.08358800038008], [150.82560602868406, -35.075916000504755], [150.83375800902039, -35.074355010157646], [150.8324310194793, -35.07300501017506], [150.83891899921093, -35.06400500009449], [150.8380100092463, -35.06162099022766], [150.84020397903774, -35.0612430006249], [150.8429830188788, -35.05063601032304], [150.83670997904522, -35.04949301023257], [150.83164600870202, -35.0411840106482], [150.83533699935484, -35.03963201033363], [150.8352669891532, -35.032089000052615], [150.83839299878116, -35.02985500061071], [150.8395730086704, -35.02365800062995], [150.84983600926316, -35.01337801048383], [150.84653599865965, -35.011848000536766], [150.8465869888318, -35.00838401065118], [150.8430260194348, -35.00443500012233], [150.84087298946412, -35.00678300014802], [150.83519402888416, -35.00309101065668], [150.83064499891293, -35.00518201055384], [150.82984600945147, -35.00290701052087], [150.82734499908915, -35.01022099998755], [150.821423019072, -35.01474499007264], [150.8102380289941, -35.0124560002014], [150.79805001869744, -35.003854000701665], [150.78471802903937, -34.986574010718115], [150.7794329788132, -34.97307500043305], [150.78108700901657, -34.96437101046478], [150.77701298930293, -34.95916000019455], [150.77632499927122, -34.9478370003459], [150.78000993887235, -34.934466050368144], [150.78575280919497, -34.93042900043798], [150.7749649786772, -34.93158910073451], [150.76862098900415, -34.92604800042506], [150.7658759989056, -34.90992900054412], [150.77182900942765, -34.898877990169424], [150.77054799925608, -34.89555700033979], [150.76004899866177, -34.900442000713575], [150.7514670091719, -34.890586000333315], [150.74867500933627, -34.878541000074016], [150.74955089907766, -34.86061886022528], [150.7374999887614, -34.86106100077399], [150.71671498890638, -34.87270199006124], [150.70357601935504, -34.87046199029141], [150.68608302880932, -34.86311499013356], [150.67781201900294, -34.85713400044969], [150.6785159891652, -34.84908400066518], [150.6746820289399, -34.844447000440596], [150.66872099915733, -34.84333300074053], [150.66556301938675, -34.832546000161074], [150.6576079892865, -34.828427990405984], [150.65663098877005, -34.827528010115785], [150.65923402888404, -34.82428299039702], [150.65935001935352, -34.829128000065985], [150.66384700902194, -34.82726200060617], [150.66457999925953, -34.818081000613454], [150.64771100905284, -34.81724001025854], [150.63908364925135, -34.826130350562785], [150.6293060290678, -34.816581000583554], [150.62683527935417, -34.81764346046698], [150.62814416874053, -34.81051889062796], [150.62511995889554, -34.810309800399665], [150.63001270854897, -34.79461453007269], [150.59269853858288, -34.792893420342374], [150.58306600889415, -34.798825000090616], [150.5837969985836, -34.79539401020989], [150.58165199865317, -34.795244010713226], [150.5776910193417, -34.80092301076537], [150.57472199929276, -34.794721990626336], [150.56808698870535, -34.79093099019172], [150.5561240090824, -34.78969601015731], [150.5466060092025, -34.80015400072575], [150.54663900881448, -34.79585099075528], [150.5441240089882, -34.795527000496186], [150.54780098861758, -34.78672899022584], [150.5368380288403, -34.784780000472296], [150.5364559789432, -34.782299000755934], [150.53169699921534, -34.781425010175035], [150.53234801908155, -34.7784979900362], [150.48789597869998, -34.772310000273016], [150.48735198860825, -34.775097010120575], [150.48231198891008, -34.77675799051561], [150.48124202893138, -34.781258010280375], [150.49209599881024, -34.784232990061575], [150.50760897940054, -34.78198001052864], [150.51417802939164, -34.78829500055395], [150.51123801863815, -34.79539900069677], [150.50397900861003, -34.795828000705285], [150.50278399865215, -34.80248700040974], [150.5044176290138, -34.802691460485846], [150.48967900877477, -34.812127000158604], [150.4909350089505, -34.81936200030153], [150.49895799929695, -34.827222000698654], [150.49806900942374, -34.83363301063988], [150.49020098924365, -34.83993400025298], [150.4833469891529, -34.83411900015272], [150.47105600946688, -34.83269400062399], [150.46354598858878, -34.827933010095606], [150.4625330087485, -34.832251000512414], [150.45087501884257, -34.828129000685706], [150.44979099933133, -34.832180000614116], [150.44394099862294, -34.8351150003738], [150.44118199929756, -34.84068100997988], [150.44002699940415, -34.836928000267434], [150.43646601922742, -34.83760100063072], [150.4314919792273, -34.83477599003138], [150.43061400898773, -34.83896201033224], [150.41798800890467, -34.838390000540635], [150.41377699880522, -34.836820000468144], [150.41461999942737, -34.83284300067679], [150.41765402875677, -34.83325600060631], [150.41204799880146, -34.828745990524034], [150.41644098871285, -34.8136200002629], [150.4222460188598, -34.8127239905934], [150.42377901904499, -34.80566800011823], [150.42822300901008, -34.806319000501965], [150.43116497898916, -34.80493399027342], [150.4320169986968, -34.80099499063903], [150.43634600879707, -34.80160300012732], [150.4386520092842, -34.79637800002333], [150.4429940090235, -34.796974000233675], [150.44551604894662, -34.78576542059319], [150.45313699918586, -34.78882401020317], [150.45221799929408, -34.793322010678956], [150.44855697913397, -34.79282301063027], [150.44772214868934, -34.796873530647254], [150.45850201923537, -34.79690299058494], [150.4623310189636, -34.7912930004037], [150.4692799988277, -34.792288000199875], [150.47000499944906, -34.78832900001402], [150.47506199886573, -34.78904100015561], [150.4729940186912, -34.78623401025339], [150.47376299903226, -34.78224800041442], [150.4636249792483, -34.77942000042802], [150.46295800889592, -34.78303301069962], [150.45862097863684, -34.78241400005046], [150.46093499928284, -34.77788500014481], [150.45052600898165, -34.776420000321686], [150.44987899919494, -34.77990000053358], [150.44281300927355, -34.77901699028481], [150.44328600910154, -34.77653400063134], [150.4402789894178, -34.7761390006658], [150.43959100926753, -34.77988399034381], [150.4316369987552, -34.78307101047975], [150.42179298858062, -34.7798489905928], [150.41559498861596, -34.783209000059045], [150.40816702883905, -34.78223801047056], [150.4119609789999, -34.773031000027935], [150.41419700881124, -34.773323010725605], [150.41730129897232, -34.757526840726285], [150.41108201881687, -34.75754201020851], [150.411859988599, -34.753845000087516], [150.4071729791968, -34.752430990162615], [150.4028440086224, -34.74534901073293], [150.3966640090994, -34.74787900070645], [150.39511100882277, -34.75547900072533], [150.3898250090773, -34.75114400022123], [150.3820699987565, -34.74914700061727], [150.38271900909143, -34.745594000367426], [150.3741320186804, -34.74121900039318], [150.35765999938775, -34.74855600028097], [150.338211018939, -34.7484349905997], [150.32888098883737, -34.76079601006726], [150.31359099884668, -34.769921010225275], [150.31474800916965, -34.77416700000363], [150.30556289888293, -34.76726596039332], [150.28782002936452, -34.76469072041693], [150.26786499917017, -34.77437399039228], [150.25642097898177, -34.79107999053194], [150.23670699911753, -34.7936110001988], [150.23398898902022, -34.80068401051991], [150.21802800871623, -34.80477999997188], [150.20936699892243, -34.814607999978755], [150.19370897904133, -34.819724999984835], [150.17595697904636, -34.81850400039028], [150.1639050087181, -34.884287010311404], [150.25336599914334, -34.89705600014199], [150.255440988872, -34.90010101027694], [150.25683199954676, -34.906528000065215], [150.25376201874138, -34.92339601051296], [150.25051501951936, -34.929518009985074], [150.24466399922315, -34.93039800043595], [150.24572099920726, -34.93323099003621], [150.2406359993032, -34.938497000033436], [150.23615799912147, -34.94139601022743], [150.23161600924718, -34.940910989844696], [150.2304889990614, -34.94497699044633], [150.22645501905666, -34.94402301015589], [150.22525800944896, -34.946753990051484], [150.21994199878648, -34.94764399003696], [150.21662899944226, -34.95856401007], [150.20499199957123, -34.958258000233855], [150.2021429890544, -34.96121900037271], [150.20221299925603, -34.9658569998429], [150.2145489791479, -34.971625010509825], [150.2127540194461, -34.98337499985389], [150.20680600894698, -34.98706300008127], [150.2851989995887, -34.9982740004978], [150.27665620898463, -35.0435534901315], [150.28200097921092, -35.04428799049568], [150.280665009212, -35.05152401047591], [150.27535001903564, -35.05081299986193], [150.2630629892419, -35.10371747034731], [150.26923101961202, -35.10389200038103], [150.27298299958446, -35.1013750000903], [150.28415199965028, -35.10518599986095], [150.2991860191924, -35.11459401034319], [150.32025801910257, -35.11250999997537], [150.32355998893178, -35.09590100044531], [150.34383098895094, -35.09871499004439], [150.34172497949714, -35.109704990490506], [150.35329901914486, -35.107329999984486], [150.3586660190811, -35.11084399991907], [150.36322599951572, -35.10671999979689], [150.37225496913135, -35.089687120374215], [150.37210151891446, -35.08594457039729], [150.38189585944036, -35.08198274021375], [150.3865489888817, -35.0822890099748], [150.38381695877777, -35.09538560016627], [150.40885975928052, -35.102952990428285], [150.38584000881505, -35.10051501038719], [150.38134999905628, -35.10825500043113], [150.38404599953077, -35.113359000042216], [150.3760609989378, -35.1163050003352], [150.37737499883988, -35.12096500017539], [150.36449900929136, -35.121640009766466], [150.35797400908854, -35.12542700026308], [150.35613298916888, -35.12966498983418], [150.358251009098, -35.135320999828195], [150.34970602929957, -35.136004999871076], [150.35206301906055, -35.14232501033918], [150.35619999899748, -35.14480799997624], [150.3502749988443, -35.145938999793444], [150.3482700094358, -35.14947898997795], [150.3435470189132, -35.14925200034614], [150.34005101927087, -35.15279401019162], [150.34463501885944, -35.15540300998678], [150.3437620091169, -35.160588999770376], [150.347387009529, -35.164056990121615], [150.3570809992545, -35.159824009997415], [150.3632759988461, -35.16271999984206], [150.3651030095389, -35.17140501044225], [150.37041298891262, -35.17412600976561], [150.3640589991938, -35.179636009807695], [150.3575409789008, -35.18150701034729], [150.35475901953504, -35.17809499977774], [150.34686202958534, -35.1773700001198], [150.3419809894717, -35.18189300988764], [150.3305399894192, -35.18569200033333], [150.33553800904758, -35.190461009890114], [150.42494300927777, -35.20257198985769], [150.42657900939514, -35.18828500021545], [150.43697449891587, -35.18970711000112], [150.43822166955076, -35.19395018028834], [150.44553655928112, -35.19706202978509], [150.46496434937066, -35.19861829007761], [150.4603960092141, -35.21019901019642], [150.48731500945962, -35.211181010335544], [150.48647598927244, -35.21516899991029], [150.50081796917752, -35.21722099974515], [150.49931401961035, -35.22434499977434], [150.5319072094834, -35.22957045003258], [150.53576897885497, -35.2230450000901], [150.54055401960747, -35.21999799982852], [150.53950701877085, -35.2166139903724], [150.55360400923334, -35.20871699028622], [150.56697297893834, -35.19633400018007], [150.58702099913765, -35.18839800051604], [150.59596400896376, -35.191258000058454], [150.59725099922017, -35.189561999890664], [150.59368998939902, -35.18846700038191], [150.59338199930897, -35.185946010381635], [150.60102798918848, -35.17786201037608], [150.63262300884705, -35.16642200022447], [150.65495198899498, -35.1630970100914], [150.66144497952928, -35.16323300011166], [150.66377801930648, -35.165392010148715], [150.67197299930052, -35.16387601043027], [150.6770449987858, -35.167668010338396], [150.68510000958048, -35.16613599994635], [150.68621598935286, -35.16820301036486], [150.6815509994549, -35.17025399012205], [150.69005199953364, -35.16975499002611], [150.6914260086933, -35.172195000112644], [150.68844599955352, -35.177075000332465], [150.69579296902106, -35.17724200045559], [150.69351598950746, -35.181280990424675], [150.69636098904655, -35.1827419905307], [150.69443400933733, -35.18648201048146], [150.69573099874117, -35.19006799005325], [150.69096701899048, -35.193507000026614], [150.69483002893543, -35.20085601026484], [150.70763397898804, -35.191360000398696], [150.71039198926832, -35.18571899036571], [150.72486897877403, -35.17295100026563], [150.73108700937289, -35.175200010509876], [150.7308350193593, -35.178762990564], [150.73882099911597, -35.179817990429655], [150.74148100948688, -35.17546499992759], [150.74616702894568, -35.17515798998246], [150.7510249895431, -35.17009900019886], [150.75560000867384, -35.170751000091265], [150.75772897906626, -35.16755399058309], [150.75552996882774, -35.16836004022567], [150.754681088732, -35.167653990206446], [150.7577489890392, -35.167168010343694], [150.76035599880842, -35.16278501026797], [150.7580889789164, -35.15566000989291], [150.76259997871003, -35.15267500008528], [150.76520699925902, -35.124730010180045], [150.75454800871262, -35.12360699993813], [150.7459889792631, -35.13566301048553], [150.73567600898434, -35.13708801016395], [150.7275000094939, -35.1340000103856], [150.72186601947536, -35.13567500045826], [150.7086911289908, -35.12243349000916], [150.69973697915685, -35.12154499038577], [150.69412798925265, -35.107305999933274], [150.6944479889198, -35.09216300025896], [150.69160798940356, -35.08316101024043], [150.69795898952913, -35.07113501056709], [150.68888899924428, -35.07215600010784], [150.67682800893223, -35.06902601029627], [150.67428698940387, -35.0615129904357], [150.67951002892602, -35.04925900050518], [150.6762429891883, -35.04775700012169], [150.677647989327, -35.04271901045713], [150.67113002922102, -35.03715301042288], [150.67673500904587, -35.026730990427076], [150.6906550188209, -35.015073990548586]], [[150.62353114907668, -34.85392259047222], [150.61066799914855, -34.86208501036596], [150.6143309991955, -34.864568000209296], [150.6096380088101, -34.878147000514254], [150.62463800915236, -34.87963300001849], [150.6213610088948, -34.89746300011143], [150.61533401941418, -34.903125000688355], [150.6200340094723, -34.903744990160654], [150.61860098908326, -34.91049000064038], [150.61425999905038, -34.92139901008317], [150.60916897863729, -34.9207030000688], [150.60404700946611, -34.92478001041266], [150.60162596892698, -34.91951796067841], [150.60360707931864, -34.919435970462494], [150.6035819992542, -34.9152850004665], [150.60094801936526, -34.91797882068945], [150.59212201869815, -34.91856199012387], [150.5766099993052, -34.9164249999769], [150.57745599940213, -34.912158000445864], [150.5732350287828, -34.911320000331486], [150.58874799859328, -34.89656300056287], [150.5877639993024, -34.894771990337965], [150.58063700928165, -34.89533999997994], [150.58114497872708, -34.89283201013248], [150.57796991928794, -34.893209060313275], [150.5760759993778, -34.888617010698184], [150.5797980187389, -34.87074251061775], [150.57227901919956, -34.86825700005763], [150.57188298882167, -34.8730110002124], [150.56848202913974, -34.87385001025146], [150.5561079894259, -34.86676099063885], [150.5409140194576, -34.86990300011884], [150.53678301870724, -34.86594000014571], [150.55111397897872, -34.863240000508156], [150.5540650093657, -34.859581000373744], [150.55487198934168, -34.852216000699165], [150.54869800942944, -34.85101400045768], [150.53372676865095, -34.85526502005798], [150.5346129890181, -34.84993400029639], [150.52453799862772, -34.847920000486916], [150.5253159989526, -34.84427300044995], [150.52935800899772, -34.84485100005938], [150.5304500190234, -34.84133300033691], [150.53726000885177, -34.8394870001831], [150.54463099926997, -34.84135700029955], [150.54758099928932, -34.828674010556206], [150.55414398924552, -34.82955200052482], [150.55313899902143, -34.83446800050286], [150.55714600890641, -34.83735400071577], [150.57990762937328, -34.840243110658584], [150.58646046926498, -34.837413390062665], [150.58688058886548, -34.84075632009406], [150.5913473089022, -34.84185124004826], [150.58554249884244, -34.83563147055642], [150.58614200931024, -34.8319400004632], [150.59607011886342, -34.83514834051331], [150.59734779898025, -34.83112050075263], [150.6190638092025, -34.83673529032129], [150.61428430925864, -34.84562994010587], [150.617406598963, -34.84842435009584], [150.61392642943255, -34.8552971003451], [150.6239068389016, -34.8511082602556], [150.62353114907668, -34.85392259047222]]], [[[150.69476202916334, -35.1846800005363], [150.69430800894065, -35.18241600004049], [150.69354898911945, -35.183757990156586], [150.69476202916334, -35.1846800005363]]], [[[150.76484899905876, -35.123697000090495], [150.77230058901927, -35.11871634007034], [150.7683959987547, -35.11232100018744], [150.76428700942373, -35.1191170004068], [150.76484899905876, -35.123697000090495]]]]}}, {"type": "Feature", "properties": {"postcode": "2541", "name": "Bomaderry", "region": "South Coast", "flexibleExport": 31.6, "networkVisibility": 49.1, "connectionAssessment": 68.5, "derOrchestration": 52.4, "composite": 50.4, "solarKwTotal": 36017.75, "solarGrowthPct": -10.41890440386681, "batteryInstalls": 537.0, "meanAvailableKva": 469.75915135135136, "distSubstationCount": 404}, "geometry": {"type": "Polygon", "coordinates": [[[150.6190638092025, -34.83673529032129], [150.59784500930346, -34.83115600006016], [150.59607011886342, -34.83514834051331], [150.58614200931024, -34.8319400004632], [150.58554249884244, -34.83563147055642], [150.5913473089022, -34.84185124004826], [150.58688058886548, -34.84075632009406], [150.58646046926498, -34.837413390062665], [150.57990762937328, -34.840243110658584], [150.55714600890641, -34.83735400071577], [150.55313899902143, -34.83446800050286], [150.55414398924552, -34.82955200052482], [150.54758099928932, -34.828674010556206], [150.54463099926997, -34.84135700029955], [150.53726000885177, -34.8394870001831], [150.5304500190234, -34.84133300033691], [150.52935800899772, -34.84485100005938], [150.5253159989526, -34.84427300044995], [150.52453799862772, -34.847920000486916], [150.5346129890181, -34.84993400029639], [150.53372676865095, -34.85526502005798], [150.54869800942944, -34.85101400045768], [150.55487198934168, -34.852216000699165], [150.5540650093657, -34.859581000373744], [150.55111397897872, -34.863240000508156], [150.53678301870724, -34.86594000014571], [150.5409140194576, -34.86990300011884], [150.5561079894259, -34.86676099063885], [150.56848202913974, -34.87385001025146], [150.57188298882167, -34.8730110002124], [150.57227901919956, -34.86825700005763], [150.5797980187389, -34.87074251061775], [150.5760759993778, -34.888617010698184], [150.57796991928794, -34.893209060313275], [150.58114497872708, -34.89283201013248], [150.58063700928165, -34.89533999997994], [150.5877639993024, -34.894771990337965], [150.58874799859328, -34.89656300056287], [150.5732350287828, -34.911320000331486], [150.57745599940213, -34.912158000445864], [150.5766099993052, -34.9164249999769], [150.59212201869815, -34.91856199012387], [150.60094801936526, -34.91797882068945], [150.6035819992542, -34.9152850004665], [150.60360707931864, -34.919435970462494], [150.60162596892698, -34.91951796067841], [150.60404700946611, -34.92478001041266], [150.60916897863729, -34.9207030000688], [150.61425999905038, -34.92139901008317], [150.6200340094723, -34.903744990160654], [150.61533401941418, -34.903125000688355], [150.6213610088948, -34.89746300011143], [150.62463800915236, -34.87963300001849], [150.6096380088101, -34.878147000514254], [150.6143309991955, -34.864568000209296], [150.61066799914855, -34.86208501036596], [150.62353114907668, -34.85392259047222], [150.62394815870968, -34.85130857016893], [150.61392642943255, -34.8552971003451], [150.617406598963, -34.84842435009584], [150.61428430925864, -34.84562994010587], [150.6190638092025, -34.83673529032129]]]}}, {"type": "Feature", "properties": {"postcode": "2555", "name": "Bradfield", "region": "Western Sydney", "flexibleExport": 37.9, "networkVisibility": 61.6, "connectionAssessment": 19.2, "derOrchestration": 10.1, "composite": 32.2, "solarKwTotal": 278.315, "solarGrowthPct": 600.0, "batteryInstalls": 0.0, "meanAvailableKva": 21398.073500000002, "distSubstationCount": 36}, "geometry": {"type": "Polygon", "coordinates": [[[150.76267837827817, -33.902426111189875], [150.77064300867377, -33.89744900096406], [150.76933999876096, -33.89434599104871], [150.7718929883405, -33.89390601121041], [150.77135297868386, -33.888120000771345], [150.76788499839353, -33.88875100070046], [150.76551001807232, -33.88651900083061], [150.76870000840984, -33.88543800081955], [150.76650500825073, -33.88338600083909], [150.76884202846296, -33.880883010942895], [150.76647499823207, -33.88000100089374], [150.76887899862848, -33.87780400103887], [150.76794397818182, -33.87554899094024], [150.7723790281132, -33.87324800098696], [150.77478302850963, -33.87486499074446], [150.77366498890026, -33.87220701135033], [150.77604800824494, -33.87120900139797], [150.76957899823725, -33.86671401108646], [150.77106498868525, -33.86157500083168], [150.76817998806487, -33.85781800119086], [150.76952399888395, -33.85365301095864], [150.76386181883342, -33.85351586070447], [150.7630030887107, -33.8505091708289], [150.7590031988726, -33.852323500717326], [150.7590222485465, -33.85458220087196], [150.73482099878512, -33.854347000863804], [150.72044401871997, -33.87005000081394], [150.72331199896064, -33.88644699081751], [150.7162489986325, -33.8904160006833], [150.71223008876495, -33.90521807080004], [150.7222429885012, -33.9043760112425], [150.72366400829634, -33.902393991101754], [150.7256789887674, -33.906998991283416], [150.75602300827313, -33.91281401121762], [150.7591529983361, -33.90631699083585], [150.76294099895483, -33.907068000994585], [150.76461200821544, -33.90401600091089], [150.76267837827817, -33.902426111189875]]]}}, {"type": "Feature", "properties": {"postcode": "2556", "name": "Bradfield", "region": "Western Sydney", "flexibleExport": 22.5, "networkVisibility": 52.8, "connectionAssessment": 25.6, "derOrchestration": 16.3, "composite": 29.3, "solarKwTotal": 2461.23, "solarGrowthPct": 38.88888888888889, "batteryInstalls": 21.0, "meanAvailableKva": 3038.505705882353, "distSubstationCount": 92}, "geometry": {"type": "Polygon", "coordinates": [[[150.75263401864237, -33.96329100120155], [150.7521629888198, -33.936400011183075], [150.7551449985077, -33.932104991126664], [150.75835999884097, -33.932006001309034], [150.75666898859058, -33.927487000664925], [150.7587870085197, -33.92644701067201], [150.75596201895354, -33.912779010700426], [150.7256789887674, -33.906998991283416], [150.72366400829634, -33.902393991101754], [150.71635480849488, -33.906679040979135], [150.71205988856136, -33.906113331129816], [150.71007990825032, -33.916665741141856], [150.70562234833463, -33.91418876072987], [150.69384222887257, -33.92685229070399], [150.6916662083188, -33.93969998130858], [150.70131801854848, -33.94042200103624], [150.69667199837437, -33.95387700128681], [150.69728300817607, -33.96160900089781], [150.69925802888838, -33.961994001132986], [150.6953409888724, -33.981516990760376], [150.72314201884427, -33.985276011306304], [150.73212400836715, -33.98911800087177], [150.7388130086015, -33.96147300102528], [150.75263401864237, -33.96329100120155]]]}}, {"type": "Feature", "properties": {"postcode": "2557", "name": "Postcode 2557", "region": "Western Sydney", "flexibleExport": 72.4, "networkVisibility": 59.7, "connectionAssessment": 46.7, "derOrchestration": 57.0, "composite": 59.0, "solarKwTotal": 39108.06, "solarGrowthPct": 53.24254215304799, "batteryInstalls": 777.0, "meanAvailableKva": 243.72315750915755, "distSubstationCount": 307}, "geometry": {"type": "Polygon", "coordinates": [[[150.77672398869967, -33.98651566071658], [150.77504158880126, -33.98873251118432], [150.7676029983612, -33.98033200068841], [150.7594079887228, -33.95855200087231], [150.77817697863745, -33.961943991263425], [150.7841172088279, -33.95575051093322], [150.79124021841366, -33.95574326086814], [150.78911230893155, -33.954327291192484], [150.79164499838237, -33.94832899117572], [150.78910897887678, -33.94798400111558], [150.78663000867996, -33.93472700066053], [150.78976097880496, -33.92701699071999], [150.79260399845714, -33.92732900097641], [150.79474997844954, -33.91604529120979], [150.76510694849594, -33.911124030968466], [150.7556280082629, -33.913344000891136], [150.75799597813162, -33.91647501097172], [150.75619798841237, -33.91976000124738], [150.7584170086238, -33.93182000108853], [150.7551449985077, -33.932104991126664], [150.7521629888198, -33.936400011183075], [150.7544470883803, -33.953266981013506], [150.75263401864237, -33.96329100120155], [150.75468396873086, -33.963546340668096], [150.75582897845993, -33.96796800089878], [150.7534969888133, -33.970595001261444], [150.755742028727, -33.973515000819724], [150.7543349983958, -33.9787989906462], [150.75686952849463, -33.993405591088454], [150.75180088870852, -34.0094501106298], [150.75292490840275, -34.013913710823715], [150.76187874831786, -34.01873486073553], [150.75563198869798, -34.02694789089325], [150.76963498843227, -34.03659000095528], [150.77290509861155, -34.03250618069101], [150.78390608856645, -34.03868346099558], [150.7804139489849, -34.042946191061965], [150.78469492886182, -34.04554046096969], [150.78876288854056, -34.04048715118923], [150.79334035827537, -34.045621091303886], [150.79653698895942, -34.044029990728426], [150.78990420888877, -34.039358280972436], [150.79256994871463, -34.036053071224664], [150.78930301857142, -34.02359201110296], [150.79181100884344, -34.020077011147485], [150.78766200854977, -34.01538100094697], [150.79590998824722, -34.011819000759225], [150.79424000845597, -34.00801199086944], [150.7963319988014, -34.00434300123461], [150.78745198872454, -33.99330000070037], [150.7889235989415, -33.99154938096431], [150.77672398869967, -33.98651566071658]]]}}, {"type": "Feature", "properties": {"postcode": "2558", "name": "Postcode 2558", "region": "Western Sydney", "flexibleExport": 55.5, "networkVisibility": 38.6, "connectionAssessment": 48.4, "derOrchestration": 74.4, "composite": 54.2, "solarKwTotal": 11985.68, "solarGrowthPct": 0.0, "batteryInstalls": 241.0, "meanAvailableKva": 171.82968253968255, "distSubstationCount": 63}, "geometry": {"type": "Polygon", "coordinates": [[[150.80976535884773, -34.04099919064822], [150.82160525849702, -34.04301249121598], [150.824136828647, -34.02972378066976], [150.81807399818314, -34.0288979907459], [150.80225200881318, -34.01144000082968], [150.7933107884311, -34.02046623103565], [150.78967498847268, -34.020800011102324], [150.79256994871463, -34.036053071224664], [150.78990420888877, -34.039358280972436], [150.80251499869746, -34.04703402079522], [150.80426998875902, -34.0424320009777], [150.80976535884773, -34.04099919064822]]]}}, {"type": "Feature", "properties": {"postcode": "2559", "name": "Postcode 2559", "region": "Western Sydney", "flexibleExport": 65.4, "networkVisibility": 57.5, "connectionAssessment": 39.1, "derOrchestration": 50.8, "composite": 53.2, "solarKwTotal": 3080.12, "solarGrowthPct": 48.93617021276596, "batteryInstalls": 82.0, "meanAvailableKva": 223.26168, "distSubstationCount": 32}, "geometry": {"type": "Polygon", "coordinates": [[[150.7851082886398, -34.06124178114221], [150.81538248838675, -34.049777570689216], [150.82160525849702, -34.04301249121598], [150.8073499983562, -34.04146101085518], [150.80426998875902, -34.0424320009777], [150.80251499869746, -34.04703402079522], [150.79653698895942, -34.044029990728426], [150.79334035827537, -34.045621091303886], [150.78876288854056, -34.04048715118923], [150.7810179887583, -34.05409100122529], [150.78289098870212, -34.057312991031885], [150.7814260987818, -34.05980435081811], [150.7851082886398, -34.06124178114221]]]}}, {"type": "Feature", "properties": {"postcode": "2560", "name": "Appin", "region": "Western Sydney", "flexibleExport": 42.9, "networkVisibility": 50.2, "connectionAssessment": 53.5, "derOrchestration": 48.8, "composite": 48.8, "solarKwTotal": 85624.91, "solarGrowthPct": 14.744562468386443, "batteryInstalls": 1679.0, "meanAvailableKva": 624.8113632538569, "distSubstationCount": 812}, "geometry": {"type": "Polygon", "coordinates": [[[150.8491580183789, -34.14417701083884], [150.8504279990354, -34.14073301105526], [150.84691297846524, -34.13822900079924], [150.85053198891106, -34.13573299124181], [150.8496320090487, -34.13153599105644], [150.85334397895667, -34.12661601084143], [150.8507670088506, -34.117986001275035], [150.81483198820422, -34.11299799058323], [150.8140969884354, -34.11104001091048], [150.8185329789028, -34.108666000967254], [150.82457099879682, -34.110952000739914], [150.8274169783979, -34.10244800111291], [150.8325809887244, -34.10069300116882], [150.83021199836958, -34.09680100125801], [150.83417801902644, -34.0941680111178], [150.83333599846623, -34.092253000875765], [150.83586701884724, -34.092088000605706], [150.8462640085545, -34.08128699061216], [150.8490750185382, -34.08522000127069], [150.85280801890536, -34.084452991114134], [150.85528701874654, -34.07791600062995], [150.85978900843796, -34.08255900118213], [150.86422700843667, -34.08255500062669], [150.86916899834412, -34.072740000755786], [150.8759590186237, -34.06595900121046], [150.87407999817086, -34.05962599120016], [150.87881699881868, -34.06253099101674], [150.88245699840107, -34.05495200071265], [150.89201999848677, -34.051461000768114], [150.89094000881792, -34.04878801080125], [150.8945670088798, -34.04808800082271], [150.89111027819177, -34.04202263130097], [150.88727317835463, -34.04288971120991], [150.88606714876317, -34.03953072066478], [150.88242820829447, -34.03866577112437], [150.88095732840785, -34.04324078085119], [150.8764424182478, -34.046487850831454], [150.87367341887662, -34.04447688069733], [150.86626760885966, -34.04718796110601], [150.86610397893406, -34.04132540079624], [150.85725801859962, -34.046123511275695], [150.8423729181721, -34.04204324062899], [150.83677111838347, -34.049960320808445], [150.82945520816685, -34.045529400856296], [150.82416507886606, -34.032385461011614], [150.82232726862688, -34.041593490611994], [150.8166184489451, -34.04882257129919], [150.78451753854273, -34.061259510955715], [150.77974001848568, -34.068038000822], [150.7716036885982, -34.08273477098314], [150.77816697859168, -34.08213391078998], [150.7742216587122, -34.085202211000365], [150.77297068820377, -34.09005635058105], [150.77521802870282, -34.090905001234596], [150.77278639882323, -34.09559240104577], [150.77688983836234, -34.101736030853196], [150.77625356883308, -34.10526483054101], [150.77436896894403, -34.10707570120254], [150.7620897482051, -34.10689884095427], [150.75590259899076, -34.1247784609787], [150.75011975902794, -34.13076956057335], [150.75493578896285, -34.1356064910899], [150.75624886899013, -34.14133148116239], [150.749721098383, -34.15059260056204], [150.75477722823038, -34.16075750075994], [150.74717829839364, -34.168754310968396], [150.74690698831319, -34.18151001118853], [150.7429900282473, -34.183164000985464], [150.7312310084146, -34.1793160007353], [150.71913501884077, -34.19396500070294], [150.72361699855918, -34.19572899071903], [150.72181400881706, -34.20264200048243], [150.7247920084255, -34.20555499083373], [150.72408499836433, -34.2093079906153], [150.7326420182825, -34.21696100079705], [150.7274169791105, -34.22180700087718], [150.74345178835443, -34.22898924110368], [150.73471499847992, -34.24093500105998], [150.73127502855843, -34.242130010790945], [150.7317609883811, -34.24644101103625], [150.72839002883643, -34.24833400091463], [150.7323900282689, -34.24994200094791], [150.72717198876964, -34.25488300106129], [150.72553200911557, -34.25991800082441], [150.72713898825933, -34.26747601109077], [150.7212120091176, -34.27585100060905], [150.71866897915956, -34.285780000633906], [150.73144897833006, -34.29224599064437], [150.734770008613, -34.297931000632616], [150.73887698841267, -34.336327990879504], [150.74567697909362, -34.33741611077868], [150.7490198285564, -34.31453018107277], [150.75798601851008, -34.321315000896085], [150.7700580284557, -34.32294101083414], [150.7804400091113, -34.333256000761196], [150.7950309984199, -34.341100990463175], [150.79803198861137, -34.34775101048132], [150.80520299877605, -34.350860000728595], [150.8139940289274, -34.36047199066831], [150.8225549888564, -34.36297700091235], [150.84426602870022, -34.395269990959434], [150.85506309839064, -34.385361020501726], [150.8605970385444, -34.37472600068571], [150.8633089886068, -34.37611188040343], [150.87160175830437, -34.368289760885624], [150.87596762897567, -34.36724873109856], [150.88098560827135, -34.35990732043016], [150.87985900861563, -34.34772801114963], [150.8740632787268, -34.345930770760674], [150.87681683875311, -34.34496498084521], [150.88102882891457, -34.335323020590636], [150.87679811876095, -34.328853990525765], [150.87748201876312, -34.325576001033134], [150.88846931839305, -34.32067831054184], [150.9029460186413, -34.30505301087084], [150.92638000833537, -34.28796500057097], [150.92846499900818, -34.28152800115135], [150.92714398865363, -34.266335000772635], [150.93451997909474, -34.251516001236034], [150.92216399821302, -34.23919800068905], [150.90869900848554, -34.23831500110331], [150.9056700187049, -34.23331400113468], [150.8914619883885, -34.22945901095572], [150.89361800885078, -34.22117700084985], [150.89132898831912, -34.215084010642066], [150.88091998903474, -34.208845990567774], [150.87865099823895, -34.202747010538026], [150.87447101864436, -34.199772000899536], [150.86521498906086, -34.20020100082762], [150.86358398896638, -34.192207000647166], [150.8574819883629, -34.192770990610974], [150.85764699899912, -34.1823110007919], [150.85952598890927, -34.1810480007539], [150.85675169846112, -34.17813610121494], [150.85366375853658, -34.17844015080773], [150.85419479851507, -34.18462713120789], [150.84863686885166, -34.18167821081498], [150.85189773895996, -34.1788681712583], [150.84568485840268, -34.17884625085183], [150.84505683900102, -34.17581226108966], [150.81663428893853, -34.17324163080697], [150.81556801834068, -34.16602201091913], [150.82237799828755, -34.16214900070996], [150.82973898866007, -34.1671580010351], [150.83995099818236, -34.163244990820736], [150.8512489882382, -34.14764500082034], [150.8491580183789, -34.14417701083884]]]}}, {"type": "Feature", "properties": {"postcode": "2563", "name": "Menangle Park", "region": "Western Sydney", "flexibleExport": 58.7, "networkVisibility": 69.4, "connectionAssessment": 21.8, "derOrchestration": 34.6, "composite": 46.1, "solarKwTotal": 3136.79, "solarGrowthPct": 5033.333333333334, "batteryInstalls": 73.0, "meanAvailableKva": 3033.668942857143, "distSubstationCount": 49}, "geometry": {"type": "Polygon", "coordinates": [[[150.76196750905447, -34.084636121039445], [150.75437291897887, -34.079425451121566], [150.74213399846022, -34.08072700080895], [150.73675067883013, -34.11092370055406], [150.74011674884466, -34.11841666113619], [150.75166954872583, -34.117054530571245], [150.75605859862637, -34.120610321170815], [150.7620897482051, -34.10689884095427], [150.77436896894403, -34.10707570120254], [150.77625356883308, -34.10526483054101], [150.77688983836234, -34.101736030853196], [150.77278639882323, -34.09559240104577], [150.77521802870282, -34.090905001234596], [150.77297068820377, -34.09005635058105], [150.7742216587122, -34.085202211000365], [150.77816697859168, -34.08213391078998], [150.76196750905447, -34.084636121039445]]]}}, {"type": "Feature", "properties": {"postcode": "2564", "name": "Macquarie Fields", "region": "Western Sydney", "flexibleExport": 57.0, "networkVisibility": 56.5, "connectionAssessment": 38.7, "derOrchestration": 69.0, "composite": 55.3, "solarKwTotal": 11893.73, "solarGrowthPct": 17.301038062283737, "batteryInstalls": 256.0, "meanAvailableKva": 1302.511528735632, "distSubstationCount": 93}, "geometry": {"type": "Polygon", "coordinates": [[[150.89162353871424, -33.98205248067086], [150.88698515871158, -33.97744283121426], [150.87085445880265, -33.99189755118597], [150.87999080853575, -33.99842572110012], [150.8800551880972, -34.00119230135906], [150.88844270849776, -34.00543611111725], [150.8914846187471, -34.00427660086309], [150.89290767861627, -34.01950822118248], [150.89977442849582, -34.02071113132605], [150.90693900851969, -34.01745700108319], [150.90322308871933, -34.014466331089224], [150.9016399382868, -34.006811050667416], [150.91255029811097, -34.00028591129131], [150.9089561081165, -33.997837581066825], [150.90781993870812, -33.99035491139318], [150.91095138853342, -33.97896499134864], [150.9011522986146, -33.98369811085962], [150.89162353871424, -33.98205248067086]]]}}, {"type": "Feature", "properties": {"postcode": "2565", "name": "Denham Court", "region": "Western Sydney", "flexibleExport": 51.6, "networkVisibility": 46.7, "connectionAssessment": 43.0, "derOrchestration": 62.2, "composite": 50.9, "solarKwTotal": 51075.53, "solarGrowthPct": -12.349155269509252, "batteryInstalls": 1010.0, "meanAvailableKva": 2108.334418918919, "distSubstationCount": 401}, "geometry": {"type": "Polygon", "coordinates": [[[150.8744849982268, -33.96689300115617], [150.8501559981505, -33.97813900125087], [150.84126517864584, -33.95617061128696], [150.82807086838145, -33.9616186309728], [150.8258110089605, -33.96006822105373], [150.82238555850898, -33.97409498123865], [150.82038999871605, -33.97523201095039], [150.81511198858672, -33.967865990759705], [150.8094799281494, -33.975919521189375], [150.812287558671, -33.97790056114851], [150.8084654589024, -33.98088589125171], [150.80950824843703, -33.98324740064372], [150.80813450877193, -33.98535848136091], [150.80692712811432, -33.98363583067373], [150.80458567830942, -33.988038001013706], [150.81033201882394, -33.99213500090673], [150.8206247985684, -33.98765472085242], [150.83233271863438, -34.00585776068909], [150.8280869985307, -34.01300000061403], [150.84952399831383, -34.01331200085451], [150.85954076889064, -34.01692546097916], [150.86789466894328, -34.01434743089382], [150.86723471892486, -34.01612809134403], [150.8745679989658, -34.02154001112625], [150.8832159786964, -34.021726001301765], [150.88648101878422, -34.02493370128308], [150.8885726884311, -34.0054627508891], [150.8800551880972, -34.00119230135906], [150.87999080853575, -33.99842572110012], [150.87085445880265, -33.99189755118597], [150.88698515871158, -33.97744283121426], [150.88243863863323, -33.97670311068856], [150.8788929980883, -33.98126401072079], [150.87515400865314, -33.978789001228854], [150.87276898876038, -33.97494200127474], [150.8744849982268, -33.96689300115617]]]}}, {"type": "Feature", "properties": {"postcode": "2566", "name": "Minto", "region": "Western Sydney", "flexibleExport": 43.8, "networkVisibility": 49.7, "connectionAssessment": 47.0, "derOrchestration": 60.2, "composite": 50.2, "solarKwTotal": 38271.43, "solarGrowthPct": -5.27536231884058, "batteryInstalls": 713.0, "meanAvailableKva": 966.9981241134752, "distSubstationCount": 321}, "geometry": {"type": "Polygon", "coordinates": [[[150.85725801859962, -34.046123511275695], [150.86620449861772, -34.041426970651635], [150.8663876183917, -34.04721797072176], [150.87367341887662, -34.04447688069733], [150.87685640864308, -34.0464378408195], [150.88242820829447, -34.03866577112437], [150.88596614848083, -34.03944273070033], [150.887443158471, -34.04294970072116], [150.89248208827564, -34.04311065063136], [150.8946392783444, -34.03923194119977], [150.89135814853154, -34.0390516207394], [150.8872590487535, -34.033704701249825], [150.88434499841347, -34.02241100075833], [150.87799001875123, -34.02024301087235], [150.8745679989658, -34.02154001112625], [150.86723471892486, -34.01612809134403], [150.86789466894328, -34.01434743089382], [150.85954076889064, -34.01692546097916], [150.84952399831383, -34.01331200085451], [150.8280869985307, -34.01300000061403], [150.83233271863438, -34.00585776068909], [150.8206247985684, -33.98765472085242], [150.81033201882394, -33.99213500090673], [150.80656700878825, -33.98763001134948], [150.7974587188314, -33.99801924103106], [150.79879244843204, -33.99957090123785], [150.79424000845597, -34.00801199086944], [150.79590998824722, -34.011819000759225], [150.78766200854977, -34.01538100094697], [150.7933107884311, -34.02046623103565], [150.80245100900478, -34.01155600101726], [150.81807399818314, -34.0288979907459], [150.824136828647, -34.02972378066976], [150.82945520816685, -34.045529400856296], [150.83677111838347, -34.049960320808445], [150.8423729181721, -34.04204324062899], [150.85725801859962, -34.046123511275695]]]}}, {"type": "Feature", "properties": {"postcode": "2567", "name": "Smeaton Grange", "region": "Western Sydney", "flexibleExport": 57.3, "networkVisibility": 55.2, "connectionAssessment": 47.6, "derOrchestration": 64.4, "composite": 56.1, "solarKwTotal": 58494.23, "solarGrowthPct": 6.53386454183267, "batteryInstalls": 1077.0, "meanAvailableKva": 840.7024016620499, "distSubstationCount": 402}, "geometry": {"type": "Polygon", "coordinates": [[[150.76115501881264, -34.020007000787196], [150.74641200850687, -34.01770000094779], [150.74134099896506, -34.013389001269665], [150.73229402890772, -34.0146260006972], [150.72437998893395, -34.011824010653136], [150.72414397815263, -34.01442400072955], [150.7156290083729, -34.0135000009136], [150.70929800833886, -34.01546499129409], [150.72127500886677, -34.030322991248994], [150.71957498851413, -34.0345970109307], [150.72452777886622, -34.04358662069143], [150.7221929882725, -34.04478400067189], [150.72735597901112, -34.05358900059862], [150.7326419886381, -34.0523011410327], [150.7326869888439, -34.06124001069095], [150.73697336849406, -34.06235787102528], [150.7379346287302, -34.05981095123755], [150.7426310183406, -34.062545001107324], [150.7411460088528, -34.066215010642225], [150.74946399875202, -34.070885000955954], [150.74925083841657, -34.075204030935126], [150.74240398891544, -34.07638599071665], [150.74213399846022, -34.08072700080895], [150.75437291897887, -34.079425451121566], [150.7621880086258, -34.08464300075423], [150.77169898817175, -34.08256100108779], [150.78535236898736, -34.06205251072613], [150.7814260987818, -34.05980435081811], [150.78289098870212, -34.057312991031885], [150.7810179887583, -34.05409100122529], [150.78653897879897, -34.0459110011031], [150.7804139489849, -34.042946191061965], [150.78390608856645, -34.03868346099558], [150.77290509861155, -34.03250618069101], [150.76963498843227, -34.03659000095528], [150.75563198869798, -34.02694789089325], [150.76115501881264, -34.020007000787196]]]}}, {"type": "Feature", "properties": {"postcode": "2568", "name": "Postcode 2568", "region": "Western Sydney", "flexibleExport": 46.3, "networkVisibility": 69.1, "connectionAssessment": 24.1, "derOrchestration": 22.1, "composite": 40.4, "solarKwTotal": 3182.04, "solarGrowthPct": 224.24242424242422, "batteryInstalls": 74.0, "meanAvailableKva": 1651.4536825396824, "distSubstationCount": 94}, "geometry": {"type": "Polygon", "coordinates": [[[150.75206330906093, -34.16386356074944], [150.75477722823038, -34.16075750075994], [150.74960309838218, -34.15119859103155], [150.75624886899013, -34.14133148116239], [150.75493578896285, -34.1356064910899], [150.7498987887394, -34.13160056071312], [150.75670752901118, -34.12194145125461], [150.7526055483361, -34.117204500908535], [150.73911073903272, -34.1172786909543], [150.73675067883013, -34.11092370055406], [150.73859316839358, -34.09812433084196], [150.72939501906055, -34.096705010720875], [150.72792099866365, -34.104122010718754], [150.72468899861187, -34.1036720010577], [150.72297597873876, -34.11222099068061], [150.71079001839763, -34.10880301090464], [150.70936801854052, -34.11222099068061], [150.69773330847516, -34.10821741081906], [150.69606858831992, -34.11270856098411], [150.69900325858896, -34.1213567705806], [150.69095171888458, -34.129532180538455], [150.69495642908242, -34.14056031120462], [150.69363698898297, -34.14507211064101], [150.68061630869, -34.14844013090288], [150.6800140188347, -34.15136799070922], [150.685890998646, -34.152221010744746], [150.6867060086623, -34.16132501096712], [150.69069402906047, -34.161899010957455], [150.6894159887192, -34.168046000705516], [150.70373299905265, -34.17115100099018], [150.71250000825333, -34.16955000115476], [150.71485699891267, -34.1582839911234], [150.71903799899343, -34.157734011004855], [150.73388732850634, -34.15931676077441], [150.73479500872736, -34.16247800059966], [150.75206330906093, -34.16386356074944]]]}}, {"type": "Feature", "properties": {"postcode": "2569", "name": "Postcode 2569", "region": "Western Sydney", "flexibleExport": 16.6, "networkVisibility": 36.1, "connectionAssessment": 61.6, "derOrchestration": 33.1, "composite": 36.9, "solarKwTotal": 2418.42, "solarGrowthPct": 2.1739130434782608, "batteryInstalls": 47.0, "meanAvailableKva": 45.193266666666666, "distSubstationCount": 57}, "geometry": {"type": "Polygon", "coordinates": [[[150.72258699833927, -34.20397800057147], [150.72361699855918, -34.19572899071903], [150.71913501884077, -34.19396500070294], [150.72258897822613, -34.188952000637244], [150.7312310084146, -34.1793160007353], [150.74242000857194, -34.183082010949995], [150.7464209889647, -34.1820409911851], [150.74717829839364, -34.168754310968396], [150.751679988946, -34.16364400080887], [150.73479500872736, -34.16247800059966], [150.73388732850634, -34.15931676077441], [150.71903799899343, -34.157734011004855], [150.71485699891267, -34.1582839911234], [150.71250000825333, -34.16955000115476], [150.70373299905265, -34.17115100099018], [150.6863039990979, -34.16688799050968], [150.67630299844592, -34.1703659906507], [150.67351001854834, -34.18492399083714], [150.6793140291074, -34.18339501075732], [150.6897920091241, -34.18732400098105], [150.69049802834354, -34.19122600095607], [150.69442096849434, -34.193821000919996], [150.68987000894188, -34.199323011006044], [150.69532602832967, -34.20406300075885], [150.689024008845, -34.21000200072704], [150.69467198832749, -34.21053201090536], [150.7019639889845, -34.214853000767825], [150.70866060872905, -34.22329366086237], [150.71505401831908, -34.2231035506698], [150.71495079829964, -34.22708030110048], [150.72285684865733, -34.22964482057932], [150.7234188787165, -34.22663378073544], [150.72804020869506, -34.227259840572316], [150.7310078489317, -34.2229660308811], [150.72742299872127, -34.220961991131645], [150.73273199893129, -34.217375990454556], [150.7242799785951, -34.20958100113666], [150.7247920084255, -34.20555499083373], [150.72258699833927, -34.20397800057147]]]}}, {"type": "Feature", "properties": {"postcode": "2570", "name": "Cawdor", "region": "Western Sydney", "flexibleExport": 42.7, "networkVisibility": 56.0, "connectionAssessment": 60.1, "derOrchestration": 37.0, "composite": 49.0, "solarKwTotal": 97722.37, "solarGrowthPct": 18.622920517560075, "batteryInstalls": 1726.0, "meanAvailableKva": 238.0741755062681, "distSubstationCount": 1193}, "geometry": {"type": "Polygon", "coordinates": [[[150.69773330847516, -34.10821741081906], [150.70936801854052, -34.11222099068061], [150.71079001839763, -34.10880301090464], [150.72297597873876, -34.11222099068061], [150.72468899861187, -34.1036720010577], [150.72792099866365, -34.104122010718754], [150.72939501906055, -34.096705010720875], [150.73859316839358, -34.09812433084196], [150.73964144843123, -34.0964356506007], [150.74236999846173, -34.07642701110714], [150.74815097891192, -34.076595010716424], [150.74985600827063, -34.07394599102315], [150.74946399875202, -34.070885000955954], [150.7411460088528, -34.066215010642225], [150.7426310183406, -34.062545001107324], [150.7379346287302, -34.05981095123755], [150.73697336849406, -34.06235787102528], [150.7326869888439, -34.06124001069095], [150.7326419886381, -34.0523011410327], [150.72739335880843, -34.053645570823136], [150.7221929882725, -34.04478400067189], [150.72452777886622, -34.04358662069143], [150.71957498851413, -34.0345970109307], [150.72127500886677, -34.030322991248994], [150.71098897816503, -34.01966901081201], [150.70938297818498, -34.01487399082897], [150.72414397815263, -34.01442400072955], [150.72437998893395, -34.011824010653136], [150.73229402890772, -34.0146260006972], [150.74134099896506, -34.013389001269665], [150.74957498830028, -34.01863800069024], [150.76187874831786, -34.01873486073553], [150.75292490840275, -34.013913710823715], [150.75180088870852, -34.0094501106298], [150.75686952849463, -33.993405591088454], [150.7543349983958, -33.9787989906462], [150.755742028727, -33.973515000819724], [150.7534969888133, -33.970595001261444], [150.75582700845456, -33.968081000659794], [150.75468396873086, -33.963546340668096], [150.7388130086015, -33.96147300102528], [150.73212400836715, -33.98911800087177], [150.72314201884427, -33.985276011306304], [150.6953409888724, -33.981516990760376], [150.69925802888838, -33.961994001132986], [150.69728300817607, -33.96160900089781], [150.69667199837437, -33.95387700128681], [150.7001500182363, -33.94665700125824], [150.68810300840497, -33.94496199071874], [150.6778680082996, -33.94751699119654], [150.66399000823878, -33.94719100118728], [150.65071400877574, -33.9594570008638], [150.6444479883778, -33.95774599074796], [150.64384200824333, -33.959783010943966], [150.63809800873844, -33.95620500085743], [150.63611798890162, -33.95819201085368], [150.63555399871845, -33.95485200111357], [150.63260398881755, -33.953423010842535], [150.6248170083542, -33.960206991165926], [150.61293501814225, -33.95825800091682], [150.61223297845956, -33.961783011155475], [150.60507999838094, -33.96209601086405], [150.60312899861935, -33.97179700094659], [150.59995499829398, -33.97136601079359], [150.6010019982324, -33.9660600007249], [150.59911301815794, -33.965163990627886], [150.5460009884687, -33.95818700077779], [150.54883601850486, -33.95989401058505], [150.55053402842793, -33.968766000665326], [150.556188978837, -33.96983500107646], [150.55395298855146, -33.97375700075501], [150.55813197820265, -33.97210701069726], [150.55412201825033, -33.97758600086383], [150.55603100829762, -33.97949200081386], [150.55822800900484, -33.97813601110688], [150.55881000861282, -33.98076900073197], [150.54873399863462, -33.98734901119489], [150.54820799820482, -33.995166000691135], [150.54551498822198, -33.99877500111814], [150.54693698897734, -34.000822000854946], [150.54083002877522, -34.003142990675485], [150.5383620090417, -34.012013000644195], [150.5404310186855, -34.015142001160264], [150.55200497838317, -34.0161590009948], [150.54370199843405, -34.01721300054377], [150.5386520085716, -34.02261101092611], [150.53048399869732, -34.02545100080412], [150.52553200874416, -34.02091600073443], [150.52912097862853, -34.0144430009571], [150.50875499883605, -34.010980000939334], [150.5086049882685, -34.002664990793264], [150.50445401886762, -34.00222301096516], [150.50339402839197, -34.0056260111851], [150.506043018231, -34.00917901062245], [150.50207199844957, -34.01145701056665], [150.50217674829992, -34.015005080969736], [150.4927390182805, -34.01356099112369], [150.47883401845547, -34.023085000888194], [150.47345300839402, -34.02392501052503], [150.47131099895523, -34.02103801066077], [150.4668359883668, -34.024894000572], [150.46053298882015, -34.01735801081158], [150.45884701901684, -34.00685001069085], [150.44580698901262, -34.00555099055896], [150.44416098884952, -34.00796001087192], [150.4309984690647, -34.00544582112256], [150.43123001881233, -34.009401011092315], [150.42226602883284, -34.016794000764236], [150.421084008514, -34.022260010772435], [150.41827901903932, -34.02301701069963], [150.42054800893672, -34.024241011147254], [150.41976201899573, -34.028709001122536], [150.41125298887667, -34.04100700065634], [150.41282098832363, -34.046432000808174], [150.41119801826946, -34.050359010977154], [150.40669898852695, -34.05662100067366], [150.40426498889158, -34.054329001171524], [150.40423399881092, -34.05836500057341], [150.40049501835895, -34.06055199073152], [150.40296701852748, -34.061037010607194], [150.40001799857004, -34.062232990647125], [150.40683998899232, -34.062456991117664], [150.41245799888029, -34.06880099100504], [150.4110680086917, -34.07002000070954], [150.4135969791172, -34.07234800116723], [150.40946871912675, -34.07837276108136], [150.42649998909113, -34.08086801048417], [150.42553802906747, -34.08757999048766], [150.43571499890385, -34.08632701045242], [150.44285402904433, -34.09479601060506], [150.44347500834908, -34.099212001108796], [150.43938298909214, -34.10589499100849], [150.44446400856117, -34.10671401051715], [150.44326801854135, -34.10891800099077], [150.45002700831603, -34.11321400062533], [150.4532270085807, -34.12190200049004], [150.4566959985774, -34.12459799092087], [150.4528349882823, -34.13491400069232], [150.47206399826743, -34.14280299068991], [150.47362199856693, -34.14008801104686], [150.48292201864987, -34.13866201041654], [150.49828238894818, -34.12893966047988], [150.496970898939, -34.135662490504544], [150.5023020183662, -34.13639800116095], [150.50084398887972, -34.14366700102644], [150.50515598848173, -34.144250010710095], [150.5039419683759, -34.146764710999044], [150.5104960182983, -34.148909010690275], [150.52302299888422, -34.14585100109927], [150.53285299893366, -34.14972099042915], [150.5344839990281, -34.14124799100863], [150.55195198856114, -34.14377100050458], [150.55285999846382, -34.138988990960264], [150.58076398884202, -34.14099900110166], [150.58242400901173, -34.13279399072384], [150.59345299855576, -34.13419200096508], [150.59711401871576, -34.131985010741445], [150.59571902850433, -34.12808600085667], [150.60028301901826, -34.12676000110093], [150.60300299822268, -34.119718010646174], [150.61410699888953, -34.12503100047129], [150.61505500897516, -34.12046900065813], [150.6345819982248, -34.123194011083136], [150.64014897841474, -34.11449200115448], [150.6491020287108, -34.119375001195216], [150.65414201852747, -34.11401901092096], [150.66943000886837, -34.11620700114195], [150.6721169884608, -34.12071000074206], [150.67772097834208, -34.1215200011065], [150.67379201858063, -34.128541010786556], [150.6862100083697, -34.13021700099155], [150.68841697857997, -34.12627900070749], [150.69348040903571, -34.12710315088293], [150.69879670895568, -34.12195578096002], [150.69606858831992, -34.11270856098411], [150.69773330847516, -34.10821741081906]]]}}, {"type": "Feature", "properties": {"postcode": "2571", "name": "Razorback", "region": "Southern Highlands", "flexibleExport": 44.3, "networkVisibility": 66.7, "connectionAssessment": 64.0, "derOrchestration": 35.0, "composite": 52.5, "solarKwTotal": 27366.7, "solarGrowthPct": 50.83857442348009, "batteryInstalls": 429.0, "meanAvailableKva": 357.90163432835817, "distSubstationCount": 490}, "geometry": {"type": "MultiPolygon", "coordinates": [[[[150.74345178835443, -34.22898924110368], [150.7310078489317, -34.2229660308811], [150.72804020869506, -34.227259840572316], [150.7234188787165, -34.22663378073544], [150.72285684865733, -34.22964482057932], [150.71760365897927, -34.22887433055065], [150.71481249906844, -34.226903490822636], [150.71505401831908, -34.2231035506698], [150.7087317490113, -34.223338300811974], [150.70170399857494, -34.21467200115198], [150.68879402845417, -34.209692000671666], [150.695312008323, -34.20410300081733], [150.68987000894188, -34.199323011006044], [150.69438801828974, -34.19374700068821], [150.69049802834354, -34.19122600095607], [150.6897920091241, -34.18732400098105], [150.6793140291074, -34.18339501075732], [150.67351001854834, -34.18492399083714], [150.67630299844592, -34.1703659906507], [150.6863039990979, -34.16688799050968], [150.6894159887192, -34.168046000705516], [150.69069402906047, -34.161899010957455], [150.6867060086623, -34.16132501096712], [150.685890998646, -34.152221010744746], [150.6800140188347, -34.15136799070922], [150.68061630869, -34.14844013090288], [150.69363698898297, -34.14507211064101], [150.69495642908242, -34.14056031120462], [150.69095171888458, -34.129532180538455], [150.69348040903571, -34.12710315088293], [150.68841697857997, -34.12627900070749], [150.6862100083697, -34.13021700099155], [150.67379201858063, -34.128541010786556], [150.67772097834208, -34.1215200011065], [150.6721169884608, -34.12071000074206], [150.66943000886837, -34.11620700114195], [150.65414201852747, -34.11401901092096], [150.6491020287108, -34.119375001195216], [150.64014897841474, -34.11449200115448], [150.6345819982248, -34.123194011083136], [150.61505500897516, -34.12046900065813], [150.61410699888953, -34.12503100047129], [150.60300299822268, -34.119718010646174], [150.60028301901826, -34.12676000110093], [150.59571902850433, -34.12808600085667], [150.59711401871576, -34.131985010741445], [150.59345299855576, -34.13419200096508], [150.58242400901173, -34.13279399072384], [150.58076398884202, -34.14099900110166], [150.55285999846382, -34.138988990960264], [150.55195198856114, -34.14377100050458], [150.5344839990281, -34.14124799100863], [150.53204327909614, -34.15396223092858], [150.53461802856685, -34.15759700082478], [150.5331679886965, -34.15945099105979], [150.53713199892377, -34.162738000988284], [150.5411329784182, -34.16144500053421], [150.53991698830694, -34.169118000898784], [150.54585199838732, -34.17000500109816], [150.54474899837243, -34.17664201104995], [150.5484183791528, -34.17710120071475], [150.549347998928, -34.17148669054474], [150.55279859861415, -34.171921340914295], [150.55409799909626, -34.16890200068494], [150.55744198852116, -34.168365000865094], [150.55926701842876, -34.17297901097099], [150.5643719887799, -34.17198900050974], [150.56714408913535, -34.17477543097947], [150.56715357893805, -34.183791760772586], [150.57393198849257, -34.177974010842426], [150.5749220190723, -34.17375900114664], [150.58737001888008, -34.17284699097302], [150.58792897849762, -34.17785000115966], [150.58487308866577, -34.185199291073914], [150.59268298874534, -34.18648301044977], [150.5906265483289, -34.19847299091733], [150.59598401893672, -34.2038736205808], [150.5971109886983, -34.2087909906057], [150.59223699856295, -34.21665901104617], [150.5998999890592, -34.21160399049474], [150.60693700831268, -34.21374400058953], [150.6081700188037, -34.21728299082171], [150.61115198896573, -34.21829100072969], [150.61725650844528, -34.2154353806026], [150.62028801889863, -34.216872000847964], [150.62289400907997, -34.229507001014056], [150.63176799864786, -34.23693700107399], [150.6382790084884, -34.23810500044835], [150.63828400851125, -34.229967000534465], [150.64708897871924, -34.2270370104658], [150.64813597865762, -34.23388400060313], [150.66057200841428, -34.2349380104618], [150.66596699895652, -34.242807001127886], [150.66739100834494, -34.24626200107554], [150.6606340191183, -34.25070600076351], [150.65302398879962, -34.26231601105739], [150.6545459684529, -34.27123201070157], [150.6420190184097, -34.29367401053293], [150.63461802875253, -34.31964901061581], [150.73887698841267, -34.336327990879504], [150.734770008613, -34.297931000632616], [150.73144897833006, -34.29224599064437], [150.71866897915956, -34.285780000633906], [150.7212120091176, -34.27585100060905], [150.72713898825933, -34.26747601109077], [150.72553200911557, -34.25991800082441], [150.72717198876964, -34.25488300106129], [150.7323900282689, -34.24994200094791], [150.72839002883643, -34.24833400091463], [150.7317609883811, -34.24644101103625], [150.73122698845373, -34.2421990004979], [150.73471499847992, -34.24093500105998], [150.73924698830848, -34.23254300102644], [150.74282497898344, -34.23160900097598], [150.74345178835443, -34.22898924110368]]], [[[150.5461760090322, -34.23967700090992], [150.53320798887944, -34.23796699050272], [150.53269060868314, -34.240586680477826], [150.53868098912096, -34.24135199053488], [150.5383650085164, -34.243007000599945], [150.5320194090624, -34.242178420626644], [150.5313666383797, -34.245697010920665], [150.52385621864963, -34.2430361008574], [150.52576786860848, -34.237098560721876], [150.52326907888158, -34.23666463099401], [150.51502898908723, -34.24584000052443], [150.51089586831276, -34.25959240067676], [150.50757710897093, -34.2590895004875], [150.51505197877202, -34.26687200087506], [150.5143500091578, -34.27059500077569], [150.50801999906724, -34.27618200044978], [150.50867998861156, -34.28107701099662], [150.50493198907412, -34.28736401064299], [150.49893598877586, -34.28579900078138], [150.496675978438, -34.28825201073871], [150.49359198840574, -34.29734500083385], [150.4863780190076, -34.30641300099571], [150.49121499855323, -34.31316400074994], [150.48639498908165, -34.314739990902865], [150.48354400855936, -34.32915701079839], [150.51219001904028, -34.33376101040923], [150.5196920089798, -34.328510010437014], [150.5212639888618, -34.324816000785994], [150.52680202892657, -34.32396700089912], [150.53220099900554, -34.31433901049103], [150.54179505834216, -34.307929000380376], [150.5393830683296, -34.29639199066567], [150.54330998891538, -34.29219600060635], [150.53925498833303, -34.28903900084348], [150.54592101864552, -34.283560000625485], [150.5514170085718, -34.266657000948406], [150.54830898860573, -34.26556400098788], [150.54722497897595, -34.26100001104313], [150.5528069987604, -34.25307800057722], [150.57011649852788, -34.2473188507145], [150.5600289990972, -34.24602300048658], [150.56664202880788, -34.2368510010175], [150.55892906862564, -34.23582034067867], [150.56077417857483, -34.226743730591835], [150.55100674887984, -34.22513892098131], [150.54788602853228, -34.22661300097488], [150.54807900911322, -34.2308629907204], [150.55013402839484, -34.231137000892105], [150.54736400853753, -34.23234501093334], [150.5461760090322, -34.23967700090992]]]]}}, {"type": "Feature", "properties": {"postcode": "2572", "name": "Postcode 2572", "region": "Western Sydney", "flexibleExport": 44.2, "networkVisibility": 55.4, "connectionAssessment": 62.4, "derOrchestration": 29.1, "composite": 47.8, "solarKwTotal": 8186.74, "solarGrowthPct": 55.55555555555556, "batteryInstalls": 130.0, "meanAvailableKva": 92.62955147058824, "distSubstationCount": 145}, "geometry": {"type": "Polygon", "coordinates": [[[150.58792897849762, -34.17785000115966], [150.5871769987733, -34.17272201054327], [150.5750780187079, -34.17369699062957], [150.57393198849257, -34.177974010842426], [150.56708900893372, -34.183794000542015], [150.56714408913535, -34.17477543097947], [150.5643719887799, -34.17198900050974], [150.55926701842876, -34.17297901097099], [150.55715199887274, -34.16832600063304], [150.55409799909626, -34.16890200068494], [150.55279859861415, -34.171921340914295], [150.549347998928, -34.17148669054474], [150.5484183791528, -34.17710120071475], [150.54474899837243, -34.17664201104995], [150.54585199838732, -34.17000500109816], [150.53991698830694, -34.169118000898784], [150.5411329784182, -34.16144500053421], [150.53713199892377, -34.162738000988284], [150.5335320085075, -34.16022100068066], [150.53285299893366, -34.14972099042915], [150.52302299888422, -34.14585100109927], [150.5104960182983, -34.148909010690275], [150.5039419683759, -34.146764710999044], [150.50515598848173, -34.144250010710095], [150.50084398887972, -34.14366700102644], [150.5023020183662, -34.13639800116095], [150.496970898939, -34.135662490504544], [150.49828238894818, -34.12893966047988], [150.48292201864987, -34.13866201041654], [150.47362199856693, -34.14008801104686], [150.47206399826743, -34.14280299068991], [150.45177200911164, -34.13374400053185], [150.44741298899274, -34.14040800085394], [150.44628199837186, -34.147426990418275], [150.4502449890113, -34.15008899091543], [150.44513699852422, -34.153781001003374], [150.4459649990778, -34.163008010664726], [150.44991801841758, -34.16786899077698], [150.450324008417, -34.17360801040782], [150.45609100838638, -34.17761400063926], [150.4558129887891, -34.18253000089787], [150.4594849989383, -34.186968001026614], [150.46499500887126, -34.18804700072059], [150.4660950085131, -34.19570200063098], [150.4715120086782, -34.20410700082213], [150.47228602856796, -34.216902000791215], [150.47052299858464, -34.21908101059411], [150.4745340284305, -34.22143500049689], [150.47044098868741, -34.22757201088546], [150.47551700903182, -34.22893000070947], [150.47826600831144, -34.23616400073703], [150.48851501854202, -34.24084600045128], [150.48841402903943, -34.24264801070274], [150.497006998637, -34.24154001066401], [150.50509700869344, -34.24391400055475], [150.50047296849775, -34.25791297105464], [150.51089586831276, -34.25959240067676], [150.51502898908723, -34.24584000052443], [150.52326907888158, -34.23666463099401], [150.52576786860848, -34.237098560721876], [150.52385621864963, -34.2430361008574], [150.5313666383797, -34.245697010920665], [150.5320194090624, -34.242178420626644], [150.5383650085164, -34.243007000599945], [150.53868098912096, -34.24135199053488], [150.53269060868314, -34.240586680477826], [150.53320798887944, -34.23796699050272], [150.5461760090322, -34.23967700090992], [150.54736400853753, -34.23234501093334], [150.55013402839484, -34.231137000892105], [150.54807900911322, -34.2308629907204], [150.54788602853228, -34.22661300097488], [150.56044837848586, -34.226710440827986], [150.56217147835483, -34.21946018054898], [150.57307496876209, -34.220881930491174], [150.57633649913208, -34.216494241028656], [150.58655901894323, -34.21506714060394], [150.58408789912372, -34.20835671073201], [150.5963524090516, -34.204699350850134], [150.5906265483289, -34.19847299091733], [150.59268298874534, -34.18648301044977], [150.58487308866577, -34.185199291073914], [150.58792897849762, -34.17785000115966]]]}}, {"type": "Feature", "properties": {"postcode": "2573", "name": "Tahmoor", "region": "Western Sydney", "flexibleExport": 58.2, "networkVisibility": 75.3, "connectionAssessment": 47.4, "derOrchestration": 45.9, "composite": 56.7, "solarKwTotal": 9332.43, "solarGrowthPct": 141.11842105263156, "batteryInstalls": 110.0, "meanAvailableKva": 1046.2616261682244, "distSubstationCount": 118}, "geometry": {"type": "Polygon", "coordinates": [[[150.58663344885616, -34.21499439066164], [150.57633649913208, -34.216494241028656], [150.57307496876209, -34.220881930491174], [150.56217147835483, -34.21946018054898], [150.55892906862564, -34.23582034067867], [150.56664202880788, -34.2368510010175], [150.5600289990972, -34.24602300048658], [150.57031991843067, -34.2472697309755], [150.58049001885004, -34.23649400043959], [150.59086594845382, -34.24506798046249], [150.5970149983203, -34.24487800111048], [150.60341924877926, -34.253671180906764], [150.6106579290342, -34.24551951052317], [150.6068569989636, -34.23892300082374], [150.6032460185582, -34.23765301101814], [150.60355056899903, -34.230996891035986], [150.61744699889624, -34.236348000559694], [150.62092497833402, -34.234863011046095], [150.61923297903843, -34.231536000917245], [150.62319198834456, -34.22559800106303], [150.62028801889863, -34.216872000847964], [150.6165060289075, -34.215452140626226], [150.61111001877734, -34.21828099051521], [150.60693700831268, -34.21374400058953], [150.5998999890592, -34.21160399049474], [150.5926100284763, -34.21691299096238], [150.59700097831367, -34.21055301081247], [150.5963524090516, -34.204699350850134], [150.58408789912372, -34.20835671073201], [150.58663344885616, -34.21499439066164]]]}}, {"type": "Feature", "properties": {"postcode": "2574", "name": "Postcode 2574", "region": "Western Sydney", "flexibleExport": 13.4, "networkVisibility": 34.5, "connectionAssessment": 62.0, "derOrchestration": 30.2, "composite": 35.0, "solarKwTotal": 9920.38, "solarGrowthPct": -3.4739454094292808, "batteryInstalls": 135.0, "meanAvailableKva": 87.08810179640719, "distSubstationCount": 199}, "geometry": {"type": "Polygon", "coordinates": [[[150.57121565914318, -34.24653118047292], [150.54995802866773, -34.255688990498065], [150.54714299872316, -34.26145800093973], [150.5483780187454, -34.265650000657416], [150.5514170085718, -34.266657000948406], [150.54899201903874, -34.277027000746415], [150.54587199847876, -34.28364299065645], [150.53924498918562, -34.28972300067008], [150.54325899874328, -34.292021990779375], [150.54176899911408, -34.29449000039784], [150.56307900855717, -34.2974830105842], [150.56169200886018, -34.30485900038926], [150.56430701902528, -34.30520300098108], [150.56514800831957, -34.310984990478545], [150.56240799848095, -34.311520990768415], [150.56567700912237, -34.323408000632185], [150.56026613906081, -34.32438989055038], [150.5621359984944, -34.33117401049223], [150.58102069860416, -34.317477790650095], [150.59470950897457, -34.31829172037252], [150.59813200846034, -34.32124600042364], [150.596816979089, -34.32900000042336], [150.60441905841913, -34.336226470666716], [150.6009409289627, -34.34511897081199], [150.59299210891606, -34.35189597071146], [150.59385106900757, -34.36287805051698], [150.59019310850937, -34.36677503081303], [150.59612701905186, -34.37180700059257], [150.59938800863605, -34.37842401060669], [150.59497697875716, -34.38852101072135], [150.59423901903943, -34.39698400088776], [150.59687501923946, -34.400114001002116], [150.5930409889456, -34.40047500039774], [150.59096898881018, -34.404630990478225], [150.59427197912555, -34.40785700050354], [150.5968179986768, -34.41822600066441], [150.59216600919763, -34.42335499089545], [150.59310299875136, -34.427549000661934], [150.59688899882195, -34.43342900068284], [150.60166899912744, -34.43318101059995], [150.598114008917, -34.44647000058276], [150.59467899859422, -34.44604400086122], [150.59427599908642, -34.455350000528355], [150.60145200927394, -34.46497699091731], [150.60187799846645, -34.46963200076556], [150.60638202913023, -34.471086010319894], [150.60590201884972, -34.474320990475846], [150.61023499860522, -34.47403001035642], [150.611674018842, -34.47848701096509], [150.625803018973, -34.48135601071756], [150.6283990091086, -34.4847890007415], [150.62863501899156, -34.501254000340765], [150.63029098865772, -34.50530200053043], [150.63698800905087, -34.50652200094277], [150.63986799886862, -34.51114500071719], [150.63983598920012, -34.52608000035847], [150.64373922839843, -34.527111480746406], [150.63507259874416, -34.54324032093662], [150.63626960925018, -34.54612932064907], [150.65954525919733, -34.54720711049782], [150.66638820911174, -34.548717080773194], [150.6710691485976, -34.552668030851386], [150.6806430290781, -34.55332197023647], [150.67846700852434, -34.546824950556115], [150.67994893858733, -34.543688930385436], [150.69129697917748, -34.535635010657714], [150.7101809786013, -34.52833300091846], [150.7118731189323, -34.523555040690745], [150.7084459886312, -34.52291500079523], [150.7093839986711, -34.519434000748745], [150.70695802907608, -34.51659804031037], [150.70981597872833, -34.50810099078862], [150.70894600888468, -34.50114000078826], [150.7254896283971, -34.494163960291026], [150.72433655898325, -34.49101014054684], [150.72770984875774, -34.488932830772505], [150.73121089872865, -34.478225010758464], [150.74737630864183, -34.46156781067894], [150.7443418085952, -34.44624132043433], [150.75618601836126, -34.44157300032671], [150.76408899917553, -34.446473000823524], [150.76521998889805, -34.435384010931855], [150.75191598894756, -34.43417799062174], [150.75472714894994, -34.41972222102523], [150.75240698921726, -34.419359970813126], [150.75355498853963, -34.41425201061912], [150.70793732838135, -34.40762983039523], [150.74567697909362, -34.33741611077868], [150.63461802875253, -34.31964901061581], [150.6420190184097, -34.29367401053293], [150.6545459684529, -34.27123201070157], [150.65302398879962, -34.26231601105739], [150.6606340191183, -34.25070600076351], [150.66739100834494, -34.24626200107554], [150.66100799855087, -34.2351950106563], [150.64813597865762, -34.23388400060313], [150.64708897871924, -34.2270370104658], [150.63828400851125, -34.229967000534465], [150.63902897868144, -34.236860010897914], [150.63703599884997, -34.23866200101995], [150.63143697844882, -34.2367370005481], [150.6222129890766, -34.22839600045925], [150.61919899846623, -34.23171501100049], [150.62138698907117, -34.23439499063531], [150.6179060290233, -34.23637000107661], [150.60355056899903, -34.230996891035986], [150.6032460185582, -34.23765301101814], [150.6068569989636, -34.23892300082374], [150.6106579290342, -34.24551951052317], [150.60313184897373, -34.253773870882526], [150.5970149983203, -34.24487800111048], [150.59086594845382, -34.24506798046249], [150.58049001885004, -34.23649400043959], [150.57121565914318, -34.24653118047292]]]}}, {"type": "Feature", "properties": {"postcode": "2575", "name": "Mittagong", "region": "Southern Highlands", "flexibleExport": 26.8, "networkVisibility": 62.7, "connectionAssessment": 62.9, "derOrchestration": 29.2, "composite": 45.4, "solarKwTotal": 27156.1, "solarGrowthPct": 28.51985559566787, "batteryInstalls": 512.0, "meanAvailableKva": 242.8363984, "distSubstationCount": 780}, "geometry": {"type": "Polygon", "coordinates": [[[150.51219001904028, -34.33376101040923], [150.48354400855936, -34.32915701079839], [150.48639498908165, -34.314739990902865], [150.49121499855323, -34.31316400074994], [150.48623197899354, -34.30691599060113], [150.49359198840574, -34.29734500083385], [150.496675978438, -34.28825201073871], [150.49893598877586, -34.28579900078138], [150.50493198907412, -34.28736401064299], [150.50867998861156, -34.28107701099662], [150.50801999906724, -34.27618200044978], [150.5143500091578, -34.27059500077569], [150.51505197877202, -34.26687200087506], [150.50757710897093, -34.2590895004875], [150.35722663861992, -34.236925270861875], [150.35665070892833, -34.23971030040039], [150.35175313891506, -34.239006430731166], [150.35272567839792, -34.234697320816146], [150.34119700906191, -34.23435200083126], [150.33040698845159, -34.236947990859086], [150.33133598838916, -34.23220041052379], [150.28649872885418, -34.22572567063036], [150.28592972876666, -34.228478660933455], [150.27712588863938, -34.22721771093124], [150.27823983911753, -34.22446271034538], [150.27015500874697, -34.22340599046632], [150.270940998688, -34.217240000453785], [150.26622497909196, -34.212580000955036], [150.2609589785396, -34.21513400045991], [150.2541589986385, -34.22521200086092], [150.23526498838913, -34.22804799045411], [150.22992299844867, -34.231798000945965], [150.23108000877164, -34.24457700033224], [150.22554897915936, -34.261510000474715], [150.22478098876175, -34.27176499090714], [150.21302601853435, -34.27925100050794], [150.20824797925115, -34.294120000765915], [150.1970149984758, -34.30410399065553], [150.187371989041, -34.303356000767295], [150.1780570084153, -34.30780299080208], [150.16467197862954, -34.30809600073484], [150.15694898875716, -34.30578901051348], [150.1498960190175, -34.29548900083789], [150.13850100911438, -34.29974900093674], [150.13590775884037, -34.2937952202943], [150.12653199910085, -34.29312200080209], [150.12469498926063, -34.28813599061783], [150.1171450086237, -34.28281099054927], [150.09679698884872, -34.27827599077589], [150.09822500921487, -34.2684100006527], [150.0962160187101, -34.26636501056139], [150.09133599908253, -34.26643499079627], [150.08347101880136, -34.27228399092934], [150.07202899916112, -34.26810701059331], [150.06258100858454, -34.26852799079699], [150.06062799929165, -34.27061400064397], [150.06116798918538, -34.27577000044283], [150.07327597845475, -34.290370000885154], [150.0677679888329, -34.304628000210585], [150.0763455990357, -34.31008704069618], [150.07367050864613, -34.32371075049446], [150.07925986856466, -34.33006882021011], [150.0761079784734, -34.34869101024081], [150.09178100920295, -34.34719401028507], [150.10187197882556, -34.35466701044194], [150.10281900884925, -34.36051900049654], [150.09586601890572, -34.366956000407086], [150.09875699871267, -34.37179000035681], [150.10930498893097, -34.36711901040467], [150.12510897875765, -34.37715700015903], [150.13359799890378, -34.37356600066708], [150.13544299925843, -34.36990400045314], [150.14381598851085, -34.367546010607825], [150.1470820086607, -34.36876601074255], [150.14887499925544, -34.37281199029773], [150.14317198897862, -34.3801660007002], [150.14473297887145, -34.38176100035491], [150.16005600889835, -34.370718990413415], [150.16411699854874, -34.37455601077025], [150.16564700914066, -34.36930800083986], [150.16809100882176, -34.36841600068771], [150.17246797907669, -34.370515000278104], [150.1705100092868, -34.37241600017604], [150.17218999900533, -34.37450900066185], [150.17750099886516, -34.37432000054177], [150.18014900864222, -34.37117900019236], [150.18774100887487, -34.37693799052274], [150.18584599930827, -34.38143901080749], [150.18953198903995, -34.384529010787695], [150.18642597860517, -34.39323499059929], [150.1811789989807, -34.39463400079745], [150.18077296855708, -34.396874850441115], [150.16878899889917, -34.39528838072694], [150.1680620291707, -34.399061000301], [150.1743780587805, -34.39988924030665], [150.16906979878226, -34.44038387043223], [150.17257101853477, -34.441025010577405], [150.17009500918513, -34.44245300012262], [150.17571998910137, -34.4480679905913], [150.18281999912088, -34.44936599022507], [150.17860800895943, -34.45364301052796], [150.17842010924974, -34.45700177077622], [150.19223721880567, -34.45976934026009], [150.18984650898383, -34.461390420175945], [150.1957893990859, -34.46516771040286], [150.19773948885415, -34.46940680041675], [150.20770861907644, -34.46776916057562], [150.20764879936337, -34.46256060052253], [150.21190301932637, -34.4632356107932], [150.2111321785743, -34.472205090829604], [150.2153625985721, -34.47281458075465], [150.22266588925558, -34.47139292019462], [150.22214641867964, -34.464698020261224], [150.224605899028, -34.46243802013972], [150.23485082911054, -34.46191882057875], [150.23804150935413, -34.46374240077249], [150.23315740868023, -34.46612190046083], [150.2355862986983, -34.469837780681864], [150.23095506928524, -34.46863287028681], [150.22631449919, -34.47045792050997], [150.2247625885698, -34.48006680056052], [150.2422219991918, -34.477683000574295], [150.2441773387146, -34.48133531029807], [150.24045101911824, -34.49196800066528], [150.24372999926265, -34.49154599063777], [150.24859810902615, -34.48590804037716], [150.26147143866314, -34.48781334081159], [150.26251281874104, -34.489650960652405], [150.26301108907637, -34.481823040583876], [150.27368328934904, -34.48178123048224], [150.2786764490917, -34.478776220524814], [150.28278298871692, -34.45773001051316], [150.289052998533, -34.45677700077745], [150.29039900900193, -34.449267000468126], [150.31263699879472, -34.45144301020691], [150.30759101901165, -34.443995000832174], [150.30280798868873, -34.44343600049919], [150.3054790186933, -34.43033301024112], [150.31403837872278, -34.43128387067677], [150.32137158869511, -34.42564773084565], [150.36030435930982, -34.430596540380044], [150.35789998880745, -34.44657099084949], [150.37501600853074, -34.451444000597796], [150.3746830192246, -34.45305101027418], [150.3874089991038, -34.454719000513805], [150.3864449990061, -34.46175100020948], [150.40296792852087, -34.466862050534054], [150.40436736898627, -34.459704790519076], [150.41650000892537, -34.461241990206254], [150.4161259989501, -34.46302301021766], [150.42183630893683, -34.466071730449045], [150.4231703888805, -34.462263160840074], [150.42040298851055, -34.46183499079832], [150.42122799857253, -34.45973001076487], [150.4283940087143, -34.45639801034464], [150.42998898906083, -34.45806201025654], [150.42591200850003, -34.4626560008536], [150.42983101852144, -34.4625140005634], [150.43071500927005, -34.46675701065353], [150.4431600087048, -34.47085800041648], [150.44484097848527, -34.47547201091816], [150.45812800926004, -34.473142010475705], [150.4588689891137, -34.47905500046484], [150.46637798860738, -34.47824000033195], [150.46777100881337, -34.487344990223356], [150.48429999926142, -34.48565600034975], [150.48575901869137, -34.49340300032644], [150.49081499852014, -34.4944070005246], [150.48926399879164, -34.50100301056207], [150.4963440186011, -34.50197000084923], [150.50834097879633, -34.49278499085177], [150.5108549886791, -34.49312700036298], [150.50973297851624, -34.49820100048701], [150.51357701873727, -34.498653010834936], [150.51289000876756, -34.502307000798474], [150.52023497858528, -34.50334200025724], [150.51881198878476, -34.510687000804076], [150.52254998917476, -34.51118300021868], [150.5292339786064, -34.50761400047128], [150.53274600868502, -34.50122700034394], [150.53704100856865, -34.498675000324994], [150.53940298847104, -34.5037020103497], [150.54730801924083, -34.50691000074362], [150.54364899873062, -34.5076440105061], [150.54459098920557, -34.510539000520296], [150.55735974865522, -34.51172551070176], [150.55898301874666, -34.51642725078749], [150.56312875905422, -34.518220990729326], [150.56657402903588, -34.5112730005273], [150.57398400903233, -34.50443500085959], [150.5825289789493, -34.503394000815824], [150.583693008708, -34.507672000368764], [150.59147399920502, -34.5038839902785], [150.59875801922905, -34.491293000682155], [150.59888999881227, -34.48678400029597], [150.60568202862314, -34.47792899093737], [150.6064830186327, -34.47126799033121], [150.60187799846645, -34.46963200076556], [150.60145200927394, -34.46497699091731], [150.59424099892632, -34.45525001048157], [150.59467899859422, -34.44604400086122], [150.598114008917, -34.44647000058276], [150.60166899912744, -34.43318101059995], [150.59688899882195, -34.43342900068284], [150.59310299875136, -34.427549000661934], [150.59216600919763, -34.42335499089545], [150.5968179986768, -34.41822600066441], [150.59427197912555, -34.40785700050354], [150.59096898881018, -34.404630990478225], [150.5930409889456, -34.40047500039774], [150.59687501923946, -34.400114001002116], [150.59423901903943, -34.39698400088776], [150.59497697875716, -34.38852101072135], [150.59938800863605, -34.37842401060669], [150.59612701905186, -34.37180700059257], [150.59019310850937, -34.36677503081303], [150.59385106900757, -34.36287805051698], [150.59299210891606, -34.35189597071146], [150.6009409289627, -34.34511897081199], [150.60441905841913, -34.336226470666716], [150.596816979089, -34.32900000042336], [150.59813200846034, -34.32124600042364], [150.59470950897457, -34.31829172037252], [150.58102069860416, -34.317477790650095], [150.5621359984944, -34.33117401049223], [150.56026613906081, -34.32438989055038], [150.56567700912237, -34.323408000632185], [150.56240799848095, -34.311520990768415], [150.56514800831957, -34.310984990478545], [150.56430701902528, -34.30520300098108], [150.56169200886018, -34.30485900038926], [150.56307900855717, -34.2974830105842], [150.54176899911408, -34.29449000039784], [150.53930714900997, -34.2980039705429], [150.54187283897105, -34.30779804073466], [150.53220099900554, -34.31433901049103], [150.52680202892657, -34.32396700089912], [150.5212639888618, -34.324816000785994], [150.5196920089798, -34.328510010437014], [150.51219001904028, -34.33376101040923]]]}}, {"type": "Feature", "properties": {"postcode": "2576", "name": "Bowral", "region": "Southern Highlands", "flexibleExport": 36.4, "networkVisibility": 68.2, "connectionAssessment": 56.8, "derOrchestration": 36.7, "composite": 49.5, "solarKwTotal": 20130.08, "solarGrowthPct": 37.83068783068783, "batteryInstalls": 405.0, "meanAvailableKva": 657.4769915014165, "distSubstationCount": 439}, "geometry": {"type": "Polygon", "coordinates": [[[150.42183630893683, -34.466071730449045], [150.4161259989501, -34.46302301021766], [150.41650000892537, -34.461241990206254], [150.40436736898627, -34.459704790519076], [150.40296792852087, -34.466862050534054], [150.3877530089418, -34.46218599068686], [150.385992028914, -34.454435970456316], [150.36920498931573, -34.46481000028465], [150.3779960185688, -34.46588300087453], [150.3726289791066, -34.47040900025438], [150.375143688777, -34.47075096080179], [150.37120197922667, -34.47844699050104], [150.37402999881024, -34.47844499036595], [150.37379099933392, -34.48192701075221], [150.37018701860123, -34.48717500040537], [150.36968200910462, -34.495160000513785], [150.37444401884994, -34.50071900033664], [150.38146201897223, -34.49762800039775], [150.3937729888683, -34.503584000274735], [150.39354698891248, -34.509367010317646], [150.3912449985048, -34.50812401043932], [150.38997198872912, -34.509810010641324], [150.3920619785264, -34.512512000693945], [150.38902200863805, -34.52274800033082], [150.3907669986539, -34.53254099072564], [150.3980399891628, -34.533194010779454], [150.41159998920634, -34.51606101077505], [150.42212100930493, -34.5175150007348], [150.4239540090657, -34.514952010169864], [150.4374760085761, -34.51128901085289], [150.4410140287125, -34.51363901037225], [150.43819998871132, -34.51871500089928], [150.44245099899382, -34.53311299074823], [150.43736599908976, -34.54031701079767], [150.44025398930344, -34.542131000734855], [150.4380289890071, -34.55094600075528], [150.44325501902088, -34.55166200034622], [150.44222498915656, -34.5554850106157], [150.44888098888052, -34.55787001081349], [150.4811696193296, -34.564228370390694], [150.4899270192517, -34.57340000060707], [150.49068100850735, -34.56960400083287], [150.4947469990789, -34.567259000547885], [150.49442301897673, -34.56162901066492], [150.4975168689175, -34.55992998051657], [150.49329914930118, -34.55872399082377], [150.49330881876696, -34.552698040190755], [150.50132713877215, -34.55169597054997], [150.5336729990913, -34.57512699050753], [150.5485440193251, -34.57144799025955], [150.56207901925424, -34.57862599024681], [150.56954301854205, -34.57917799069331], [150.5757208890578, -34.57729179072667], [150.57775697903978, -34.56679500083332], [150.58602100893646, -34.56791299018855], [150.58728799910136, -34.56076300050276], [150.59380098882883, -34.56167999019164], [150.60078602886497, -34.565164000461436], [150.6003679888644, -34.56714500034777], [150.61356000842477, -34.56691000088911], [150.61378400873073, -34.561264000720584], [150.61672798913946, -34.55758400092183], [150.61999900931218, -34.557918000850705], [150.62600799924948, -34.548886000223206], [150.6289270190696, -34.548473010677355], [150.62343303867462, -34.5473927407875], [150.62444401886503, -34.54124900059509], [150.62226601842443, -34.54041100060477], [150.64373922839843, -34.527111480746406], [150.63983598920012, -34.52608000035847], [150.63986799886862, -34.51114500071719], [150.63698800905087, -34.50652200094277], [150.63029098865772, -34.50530200053043], [150.62863501899156, -34.501254000340765], [150.62706500911503, -34.48228500071442], [150.61176602878496, -34.47854099087196], [150.60988897923585, -34.47391599062019], [150.60625098918476, -34.474510010520625], [150.59147399920502, -34.5038839902785], [150.583693008708, -34.507672000368764], [150.5825289789493, -34.503394000815824], [150.57398400903233, -34.50443500085959], [150.561831258509, -34.51832074025752], [150.55735974865522, -34.51172551070176], [150.54459098920557, -34.510539000520296], [150.54364899873062, -34.5076440105061], [150.54730801924083, -34.50691000074362], [150.53940298847104, -34.5037020103497], [150.53704100856865, -34.498675000324994], [150.53274600868502, -34.50122700034394], [150.5292339786064, -34.50761400047128], [150.52254998917476, -34.51118300021868], [150.51881198878476, -34.510687000804076], [150.52023497858528, -34.50334200025724], [150.51289000876756, -34.502307000798474], [150.51357701873727, -34.498653010834936], [150.50973297851624, -34.49820100048701], [150.5108549886791, -34.49312700036298], [150.50834097879633, -34.49278499085177], [150.4963440186011, -34.50197000084923], [150.48926399879164, -34.50100301056207], [150.49081499852014, -34.4944070005246], [150.48575901869137, -34.49340300032644], [150.48429999926142, -34.48565600034975], [150.46777100881337, -34.487344990223356], [150.46637798860738, -34.47824000033195], [150.4588689891137, -34.47905500046484], [150.45812800926004, -34.473142010475705], [150.44484097848527, -34.47547201091816], [150.4431600087048, -34.47085800041648], [150.43071500927005, -34.46675701065353], [150.42983101852144, -34.4625140005634], [150.42591200850003, -34.4626560008536], [150.42998898906083, -34.45806201025654], [150.4283940087143, -34.45639801034464], [150.42122799857253, -34.45973001076487], [150.42040298851055, -34.46183499079832], [150.4231703888805, -34.462263160840074], [150.42183630893683, -34.466071730449045]]]}}, {"type": "Feature", "properties": {"postcode": "2577", "name": "Moss Vale / Robertson", "region": "Southern Highlands", "flexibleExport": 23.2, "networkVisibility": 61.0, "connectionAssessment": 59.1, "derOrchestration": 22.1, "composite": 41.4, "solarKwTotal": 33099.42, "solarGrowthPct": 25.291828793774318, "batteryInstalls": 538.0, "meanAvailableKva": 828.1617943201377, "distSubstationCount": 1658}, "geometry": {"type": "MultiPolygon", "coordinates": [[[[150.39201098925255, -34.53338400074884], [150.38902200863805, -34.52274800033082], [150.3920619785264, -34.512512000693945], [150.39022000908747, -34.508545990593134], [150.39354698891248, -34.509367010317646], [150.3937729888683, -34.503584000274735], [150.38146201897223, -34.49762800039775], [150.37444401884994, -34.50071900033664], [150.36968200910462, -34.495160000513785], [150.37018701860123, -34.48717500040537], [150.37379099933392, -34.48192701075221], [150.37402999881024, -34.47844499036595], [150.37120197922667, -34.47844699050104], [150.375143688777, -34.47075096080179], [150.3726289791066, -34.47040900025438], [150.3779960185688, -34.46588300087453], [150.36920498931573, -34.46481000028465], [150.385992028914, -34.454435970456316], [150.3746830192246, -34.45305101027418], [150.37501600853074, -34.451444000597796], [150.35789998880745, -34.44657099084949], [150.36030435930982, -34.430596540380044], [150.32137158869511, -34.42564773084565], [150.31403837872278, -34.43128387067677], [150.3054790186933, -34.43033301024112], [150.30280798868873, -34.44343600049919], [150.30759101901165, -34.443995000832174], [150.31263699879472, -34.45144301020691], [150.29039900900193, -34.449267000468126], [150.289052998533, -34.45677700077745], [150.28278298871692, -34.45773001051316], [150.2786764490917, -34.478776220524814], [150.27368328934904, -34.48178123048224], [150.26301108907637, -34.481823040583876], [150.26251281874104, -34.489650960652405], [150.26147143866314, -34.48781334081159], [150.24859810902615, -34.48590804037716], [150.24372999926265, -34.49154599063777], [150.24045101911824, -34.49196800066528], [150.2441773387146, -34.48133531029807], [150.2422219991918, -34.477683000574295], [150.2247625885698, -34.48006680056052], [150.22631449919, -34.47045792050997], [150.23095506928524, -34.46863287028681], [150.2355862986983, -34.469837780681864], [150.23315740868023, -34.46612190046083], [150.23804150935413, -34.46374240077249], [150.23485082911054, -34.46191882057875], [150.224605899028, -34.46243802013972], [150.22214641867964, -34.464698020261224], [150.22266588925558, -34.47139292019462], [150.2153625985721, -34.47281458075465], [150.2111321785743, -34.472205090829604], [150.21190301932637, -34.4632356107932], [150.20764879936337, -34.46256060052253], [150.20770861907644, -34.46776916057562], [150.19773948885415, -34.46940680041675], [150.1957893990859, -34.46516771040286], [150.18984650898383, -34.461390420175945], [150.19223721880567, -34.45976934026009], [150.17842010924974, -34.45700177077622], [150.17860800895943, -34.45364301052796], [150.18281999912088, -34.44936599022507], [150.17571998910137, -34.4480679905913], [150.17009500918513, -34.44245300012262], [150.17257101853477, -34.441025010577405], [150.16906979878226, -34.44038387043223], [150.1743780587805, -34.39988924030665], [150.1680620291707, -34.399061000301], [150.16878899889917, -34.39528838072694], [150.18077296855708, -34.396874850441115], [150.1811789989807, -34.39463400079745], [150.18642597860517, -34.39323499059929], [150.18953198903995, -34.384529010787695], [150.18584599930827, -34.38143901080749], [150.18774100887487, -34.37693799052274], [150.18014900864222, -34.37117900019236], [150.17750099886516, -34.37432000054177], [150.17260700863827, -34.37468401019622], [150.1705100092868, -34.37241600017604], [150.17246797907669, -34.370515000278104], [150.1673500289681, -34.36848000029668], [150.16411699854874, -34.37455601077025], [150.16005600889835, -34.370718990413415], [150.14395399848462, -34.381680010440896], [150.14887499925544, -34.37281199029773], [150.1470820086607, -34.36876601074255], [150.14381598851085, -34.367546010607825], [150.11757000877114, -34.37929301063949], [150.10820899847033, -34.38787800013463], [150.10685298885397, -34.39230300045173], [150.11005998879133, -34.40358600022743], [150.1156809891709, -34.41016801012699], [150.1147589987875, -34.412381990124864], [150.10771000858446, -34.417899010713136], [150.10551000930081, -34.42495400020622], [150.09818898856864, -34.43284100040188], [150.08853199865302, -34.43160399022376], [150.08527498860548, -34.444818010178196], [150.07718998935167, -34.446533990138555], [150.05889399926505, -34.465456000340744], [150.0582919986673, -34.47130100020643], [150.06015098938423, -34.47326400046288], [150.0647999892702, -34.47527600008976], [150.0689499992703, -34.469965000374266], [150.0722270094093, -34.47256100077712], [150.07351498871083, -34.478962990428606], [150.06723099931227, -34.48480700058669], [150.07093899866672, -34.49356701070954], [150.0832350089183, -34.49562500074778], [150.09303700937866, -34.51223400027075], [150.07736500901675, -34.51738600018039], [150.06703199912062, -34.51152000066919], [150.06223600880307, -34.51829400040557], [150.04546199926807, -34.52690401043404], [150.04969500910886, -34.53603400011359], [150.05854300861893, -34.53941400056941], [150.06163598899053, -34.544837000514036], [150.07359101942157, -34.54351800033269], [150.0799179985964, -34.54607900047665], [150.08292300874882, -34.5544330101055], [150.08952501882592, -34.55286700038971], [150.09443700859615, -34.55534600049197], [150.09224699857847, -34.56374400005031], [150.0938859990689, -34.57393800055895], [150.08456433857071, -34.57540462043205], [150.0822539992207, -34.57807700013134], [150.0829420188969, -34.582311010409846], [150.08786499865624, -34.58666200009742], [150.09210497942362, -34.58291100045588], [150.0919270087928, -34.58009700059183], [150.09826099931843, -34.58071599013208], [150.0990310091288, -34.584975010612276], [150.09332699902717, -34.5876950103493], [150.09739101869496, -34.59859600068248], [150.0900629893069, -34.614303000039236], [150.10079500929265, -34.61650500007392], [150.09697002862694, -34.62144500029098], [150.0996289789859, -34.62726301009628], [150.07780898876956, -34.641129000585366], [150.08154100907467, -34.64935099004907], [150.0882902188909, -34.65360792013166], [150.09593700916935, -34.650460990586424], [150.10982999941737, -34.65189100052159], [150.12541699939047, -34.64908000038872], [150.12909802862515, -34.65285600069853], [150.13552599909912, -34.65061800066996], [150.1434959987252, -34.655573000009525], [150.15792301944333, -34.649396000086675], [150.16888298872908, -34.65263239029943], [150.17282078881132, -34.64186434055603], [150.17952313890902, -34.64466903007013], [150.18433558905755, -34.64135226065283], [150.18689697878332, -34.62963700071906], [150.19795997944235, -34.628638000017496], [150.2048249794037, -34.62527500015473], [150.23625771930452, -34.60041198052153], [150.2496615391511, -34.58636393017264], [150.2772681692039, -34.585000040606175], [150.28852356923377, -34.58677779061833], [150.28723730930767, -34.59393550033051], [150.3054321185506, -34.60316545066985], [150.30893300862135, -34.59800942075194], [150.31350799900596, -34.60011700048341], [150.31521601885626, -34.59760100024222], [150.33281598887083, -34.60373101067738], [150.33280298935037, -34.601005000161585], [150.32839400852856, -34.59729900014001], [150.32934698899265, -34.59449899051506], [150.3354849788014, -34.591313990694225], [150.34421599879687, -34.595105000660226], [150.34299298924995, -34.59933500072723], [150.33771402870298, -34.60303900074905], [150.3482139886981, -34.60786400067933], [150.34630400870728, -34.618459010328706], [150.35454099931394, -34.6288020107974], [150.34659579857956, -34.63927432011004], [150.35060400861377, -34.64876800044067], [150.35009197878324, -34.65708033035051], [150.3443830189644, -34.663206990114595], [150.33018601906136, -34.669051990410345], [150.32692301904748, -34.67452500055923], [150.31679499930928, -34.677995000616995], [150.3018359890934, -34.69192600047982], [150.29404498866919, -34.69473199067234], [150.2862600186354, -34.69390700045274], [150.2741050088491, -34.699442000609], [150.2681870092669, -34.71999800021363], [150.27174797866388, -34.72760701030289], [150.27805700860102, -34.73380695029207], [150.2948310190343, -34.736624000192094], [150.30362660903407, -34.73395033018564], [150.31431865937967, -34.740848420211954], [150.3256206289721, -34.744171410646665], [150.33353006867338, -34.752388480648506], [150.33852801913145, -34.74833200029352], [150.35872999889233, -34.748311010574085], [150.3742519886866, -34.74122199000779], [150.38279597943992, -34.745672000045204], [150.3820699987565, -34.74914700061727], [150.3898250090773, -34.75114400022123], [150.39547502863377, -34.75548399067467], [150.3966640090994, -34.74787900070645], [150.40296799858945, -34.7454029901235], [150.4071729791968, -34.752430990162615], [150.411859988599, -34.753845000087516], [150.41108201881687, -34.75754201020851], [150.41730129897232, -34.757526840726285], [150.41419700881124, -34.773323010725605], [150.4119609789999, -34.773031000027935], [150.40816702883905, -34.78223801047056], [150.41559498861596, -34.783209000059045], [150.42179298858062, -34.7798489905928], [150.4316369987552, -34.78307101047975], [150.43959100926753, -34.77988399034381], [150.4402789894178, -34.7761390006658], [150.44328600910154, -34.77653400063134], [150.44281300927355, -34.77901699028481], [150.44987899919494, -34.77990000053358], [150.45052600898165, -34.776420000321686], [150.46093499928284, -34.77788500014481], [150.45862097863684, -34.78241400005046], [150.46295800889592, -34.78303301069962], [150.4636249792483, -34.77942000042802], [150.47376299903226, -34.78224800041442], [150.4729940186912, -34.78623401025339], [150.47506199886573, -34.78904100015561], [150.47000499944906, -34.78832900001402], [150.4692799988277, -34.792288000199875], [150.4623310189636, -34.7912930004037], [150.45850201923537, -34.79690299058494], [150.44772214868934, -34.796873530647254], [150.44855697913397, -34.79282301063027], [150.45221799929408, -34.793322010678956], [150.45313699918586, -34.78882401020317], [150.44551604894662, -34.78576542059319], [150.4429940090235, -34.796974000233675], [150.4386520092842, -34.79637800002333], [150.43634600879707, -34.80160300012732], [150.4320169986968, -34.80099499063903], [150.43116497898916, -34.80493399027342], [150.42822300901008, -34.806319000501965], [150.42377901904499, -34.80566800011823], [150.4222460188598, -34.8127239905934], [150.41644098871285, -34.8136200002629], [150.41204799880146, -34.828745990524034], [150.41765402875677, -34.83325600060631], [150.41461999942737, -34.83284300067679], [150.41377699880522, -34.836820000468144], [150.42110601903505, -34.8389040104434], [150.43061400898773, -34.83896201033224], [150.4314919792273, -34.83477599003138], [150.43646601922742, -34.83760100063072], [150.44002699940415, -34.836928000267434], [150.44118199929756, -34.84068100997988], [150.44394099862294, -34.8351150003738], [150.44979099933133, -34.832180000614116], [150.45087501884257, -34.828129000685706], [150.4625330087485, -34.832251000512414], [150.46354598858878, -34.827933010095606], [150.47105600946688, -34.83269400062399], [150.4833469891529, -34.83411900015272], [150.49020098924365, -34.83993400025298], [150.49806900942374, -34.83363301063988], [150.49895799929695, -34.827222000698654], [150.4909350089505, -34.81936200030153], [150.48967900877477, -34.812127000158604], [150.5044176290138, -34.802691460485846], [150.50278399865215, -34.80248700040974], [150.50397900861003, -34.795828000705285], [150.51123801863815, -34.79539900069677], [150.51417802939164, -34.78829500055395], [150.50760897940054, -34.78198001052864], [150.49209599881024, -34.784232990061575], [150.48124202893138, -34.781258010280375], [150.48231198891008, -34.77675799051561], [150.48735198860825, -34.775097010120575], [150.48789597869998, -34.772310000273016], [150.53234801908155, -34.7784979900362], [150.53169699921534, -34.781425010175035], [150.5364559789432, -34.782299000755934], [150.5368380288403, -34.784780000472296], [150.54780098861758, -34.78672899022584], [150.5441240089882, -34.795527000496186], [150.54663900881448, -34.79585099075528], [150.5466060092025, -34.80015400072575], [150.5561240090824, -34.78969601015731], [150.56808698870535, -34.79093099019172], [150.57472199929276, -34.794721990626336], [150.5776910193417, -34.80092301076537], [150.58165199865317, -34.795244010713226], [150.5837969985836, -34.79539401020989], [150.58306600889415, -34.798825000090616], [150.59269853858288, -34.792893420342374], [150.60549149864636, -34.7945881506874], [150.6059220485856, -34.79242429014744], [150.61654497895992, -34.79284574036705], [150.6161658485875, -34.7830856403609], [150.62020701870776, -34.77850870056783], [150.60840799869217, -34.7734640006296], [150.60333197924604, -34.782266780620226], [150.5976094288152, -34.781424030353996], [150.59082557906328, -34.77362730030277], [150.5929280186121, -34.769618990114424], [150.58950299935194, -34.76604300009338], [150.59093617874274, -34.75889384018886], [150.587976969195, -34.75846801052766], [150.5887758086379, -34.75444570051793], [150.59183888858524, -34.75487135017238], [150.59342401890464, -34.74713100066734], [150.59465796903345, -34.750723000522], [150.59705623907672, -34.745399900273256], [150.601352978997, -34.74597000078569], [150.60574400878448, -34.72429000015315], [150.597039999333, -34.723124000475416], [150.59685698915337, -34.7210870002261], [150.60448234922248, -34.714952770702205], [150.61336556897982, -34.70203857079778], [150.62311307853338, -34.699172840223326], [150.63387079931945, -34.69974569014471], [150.6322169793218, -34.688330990407366], [150.6450089889677, -34.684436000524016], [150.64329100859752, -34.67933899064946], [150.6486211785055, -34.677469380360066], [150.65034601930947, -34.66638699033699], [150.65565402867776, -34.65738700018379], [150.65837638931592, -34.64519506017921], [150.66678499856602, -34.646461990204465], [150.67000400897874, -34.63034300087327], [150.66609598894647, -34.62980500030584], [150.66746064844065, -34.62280691053737], [150.67845963874572, -34.62415821057355], [150.68891600888995, -34.63305701043734], [150.70244509880283, -34.63583301039211], [150.702857438993, -34.633722170862065], [150.70924300898557, -34.6335490008131], [150.72343631860943, -34.620044750509436], [150.72760009888455, -34.61908499063299], [150.71619887892786, -34.61902703067773], [150.70855716862238, -34.615880020537865], [150.70142050913586, -34.61101146036276], [150.7017560191147, -34.60631500049491], [150.6987000187901, -34.60079600084769], [150.69379098896874, -34.60392700023927], [150.67940399897634, -34.60031900055329], [150.66775089860056, -34.59126806024977], [150.66320799873284, -34.58393299027729], [150.66365501928283, -34.58090501069799], [150.65562398901463, -34.582312010340154], [150.6438140185357, -34.579714000664], [150.64537000930395, -34.57668601086789], [150.65124198909237, -34.576988000836444], [150.65218499915514, -34.57201200055825], [150.65499600913887, -34.57038900028543], [150.67948699881703, -34.572877010406636], [150.68578299869097, -34.569628000606535], [150.68701698924394, -34.562990000619216], [150.6781111687723, -34.56143698049734], [150.68539985913745, -34.5494453705502], [150.6799175191119, -34.546427240337245], [150.68169593903275, -34.542972920647415], [150.6784959890737, -34.5462239609368], [150.6813879884685, -34.55214195082105], [150.6789150792049, -34.55346496043611], [150.6710691485976, -34.552668030851386], [150.66638820911174, -34.548717080773194], [150.65954525919733, -34.54720711049782], [150.63626960925018, -34.54612932064907], [150.63507259874416, -34.54324032093662], [150.64373922839843, -34.527111480746406], [150.62226601842443, -34.54041100060477], [150.62444401886503, -34.54124900059509], [150.62343303867462, -34.5473927407875], [150.6289809988351, -34.54817100076278], [150.6289270190696, -34.548473010677355], [150.62600799924948, -34.548886000223206], [150.61999900931218, -34.557918000850705], [150.61672798913946, -34.55758400092183], [150.61378400873073, -34.561264000720584], [150.61356000842477, -34.56691000088911], [150.6003679888644, -34.56714500034777], [150.60078602886497, -34.565164000461436], [150.59380098882883, -34.56167999019164], [150.58728799910136, -34.56076300050276], [150.58602100893646, -34.56791299018855], [150.57775697903978, -34.56679500083332], [150.5757208890578, -34.57729179072667], [150.56954301854205, -34.57917799069331], [150.56207901925424, -34.57862599024681], [150.5485440193251, -34.57144799025955], [150.53394999910074, -34.57512100076207], [150.52981002867224, -34.57403699025956], [150.51756799908435, -34.561750990256705], [150.50362787872504, -34.5550280402433], [150.50132713877215, -34.55169597054997], [150.49330881876696, -34.552698040190755], [150.49329914930118, -34.55872399082377], [150.4975168689175, -34.55992998051657], [150.49442301897673, -34.56162901066492], [150.4947469990789, -34.567259000547885], [150.49068100850735, -34.56960400083287], [150.4899270192517, -34.57340000060707], [150.48657299923832, -34.56788800017219], [150.48043764867992, -34.563929370777714], [150.44222498915656, -34.5554850106157], [150.44325501902088, -34.55166200034622], [150.4380289890071, -34.55094600075528], [150.44025398930344, -34.542131000734855], [150.43736599908976, -34.54031701079767], [150.44245099899382, -34.53311299074823], [150.43819998871132, -34.51871500089928], [150.4410140287125, -34.51363901037225], [150.4374760085761, -34.51128901085289], [150.4239540090657, -34.514952010169864], [150.42212100930493, -34.5175150007348], [150.41159998920634, -34.51606101077505], [150.3980399891628, -34.533194010779454], [150.39201098925255, -34.53338400074884]]], [[[150.74567711923078, -34.69512095054609], [150.7520761190369, -34.69098898022954], [150.7613582186282, -34.692237060896446], [150.7698839888526, -34.6898220006762], [150.76313598906705, -34.68881900086538], [150.75734598863306, -34.68332900063284], [150.74600178923905, -34.681800990530114], [150.74686497859892, -34.67761000046512], [150.73604264918103, -34.67987200031755], [150.72720983928411, -34.67775933085073], [150.72215199904437, -34.67467100021966], [150.72265299846146, -34.67192700059656], [150.71299801897547, -34.66869800072002], [150.71036000924414, -34.66826700080529], [150.70996201874237, -34.670294010321435], [150.69821744920935, -34.6689773805708], [150.695118998996, -34.67459900034844], [150.6973420292869, -34.6764270008072], [150.69590097885754, -34.680300030766624], [150.69772692864004, -34.68318481052538], [150.6943070189972, -34.69164601039021], [150.71949880868303, -34.690195310592195], [150.7149449987762, -34.69782501035986], [150.69788799926542, -34.709214990638486], [150.697462999118, -34.714132000570494], [150.71397402865023, -34.70736599034365], [150.72080598857548, -34.71021100043823], [150.71974200868158, -34.715188000813974], [150.7308960086788, -34.71675201080542], [150.73374526892735, -34.71378296053234], [150.7317240092324, -34.70625599017187], [150.7346590091832, -34.70652700031682], [150.7348781585866, -34.69703226080121], [150.74567711923078, -34.69512095054609]]]]}}, {"type": "Feature", "properties": {"postcode": "2578", "name": "Postcode 2578", "region": "Southern Highlands", "flexibleExport": 36.2, "networkVisibility": 58.6, "connectionAssessment": 59.9, "derOrchestration": 35.6, "composite": 47.6, "solarKwTotal": 5250.42, "solarGrowthPct": 37.61467889908257, "batteryInstalls": 124.0, "meanAvailableKva": 69.87668235294117, "distSubstationCount": 103}, "geometry": {"type": "Polygon", "coordinates": [[[150.32982097876416, -34.66942000060456], [150.3443830189644, -34.663206990114595], [150.35046099861717, -34.65645399018794], [150.35060400861377, -34.64876800044067], [150.34659579857956, -34.63927432011004], [150.34466399940885, -34.641033000559645], [150.33924399887078, -34.63785600018437], [150.33700800858526, -34.64630700013026], [150.33485301938893, -34.645751000610055], [150.3356390093299, -34.638355000491195], [150.32624798901037, -34.6381720005303], [150.3274039887287, -34.63525099007434], [150.32255597876963, -34.632575010396046], [150.3189820089539, -34.63941100067712], [150.30787502857527, -34.63863000077968], [150.3078630189983, -34.63614701027287], [150.30432798935342, -34.63485101028192], [150.288350989393, -34.63521801044403], [150.28542000940308, -34.63756200020812], [150.27367999882017, -34.63536499069538], [150.27357199886515, -34.63286200027503], [150.2683650194236, -34.63216100046948], [150.2679070088844, -34.63454600068666], [150.25713001923557, -34.63296800074645], [150.25485676862868, -34.635745870691096], [150.25696474898618, -34.636254160301945], [150.2560076892724, -34.64789491061138], [150.26724416898574, -34.64944891070073], [150.26721993872755, -34.656204020595396], [150.2701153687884, -34.658924000282816], [150.26370662944802, -34.666595730622625], [150.26081900934028, -34.68693572001689], [150.25143200898162, -34.68569149063151], [150.24912797939817, -34.697391760215204], [150.2352184188265, -34.69744611066593], [150.23791119884072, -34.68378510039819], [150.23639031872537, -34.68357763999994], [150.2339870190148, -34.68534600034416], [150.2293000185957, -34.702260990267746], [150.24020299875986, -34.71037100024495], [150.24883597932018, -34.705707010608904], [150.25870400864878, -34.70954000055053], [150.27015000872407, -34.710260000499616], [150.2741050088491, -34.699442000609], [150.2862600186354, -34.69390700045274], [150.29404498866919, -34.69473199067234], [150.3018359890934, -34.69192600047982], [150.31679499930928, -34.677995000616995], [150.32692301904748, -34.67452500055923], [150.32982097876416, -34.66942000060456]]]}}, {"type": "Feature", "properties": {"postcode": "2579", "name": "Exeter", "region": "Southern Highlands", "flexibleExport": 28.4, "networkVisibility": 66.2, "connectionAssessment": 52.8, "derOrchestration": 25.7, "composite": 43.3, "solarKwTotal": 10031.55, "solarGrowthPct": 40.59945504087194, "batteryInstalls": 183.0, "meanAvailableKva": 474.85841304347827, "distSubstationCount": 306}, "geometry": {"type": "Polygon", "coordinates": [[[150.288350989393, -34.63521801044403], [150.3078630189983, -34.63614701027287], [150.30787502857527, -34.63863000077968], [150.3200443386426, -34.63933411067976], [150.32104688904238, -34.63237106058842], [150.32375901876784, -34.63286100021416], [150.3274039887287, -34.63525099007434], [150.32624798901037, -34.6381720005303], [150.3356390093299, -34.638355000491195], [150.33485301938893, -34.645751000610055], [150.33700800858526, -34.64630700013026], [150.33924399887078, -34.63785600018437], [150.345523858714, -34.640812340428646], [150.35454099931394, -34.6288020107974], [150.34630400870728, -34.618459010328706], [150.3482139886981, -34.60786400067933], [150.33771402870298, -34.60303900074905], [150.34299298924995, -34.59933500072723], [150.34421599879687, -34.595105000660226], [150.3354849788014, -34.591313990694225], [150.32934698899265, -34.59449899051506], [150.32839400852856, -34.59729900014001], [150.33280298935037, -34.601005000161585], [150.33281598887083, -34.60373101067738], [150.31521601885626, -34.59760100024222], [150.31350799900596, -34.60011700048341], [150.30893300862135, -34.59800942075194], [150.3054321185506, -34.60316545066985], [150.28723730930767, -34.59393550033051], [150.28852356923377, -34.58677779061833], [150.2772681692039, -34.585000040606175], [150.2496615391511, -34.58636393017264], [150.23625771930452, -34.60041198052153], [150.2048249794037, -34.62527500015473], [150.19795997944235, -34.628638000017496], [150.18689697878332, -34.62963700071906], [150.18433558905755, -34.64135226065283], [150.17952313890902, -34.64466903007013], [150.17282078881132, -34.64186434055603], [150.16888298872908, -34.65263239029943], [150.15792301944333, -34.649396000086675], [150.1434959987252, -34.655573000009525], [150.13552599909912, -34.65061800066996], [150.12909802862515, -34.65285600069853], [150.12541699939047, -34.64908000038872], [150.10982999941737, -34.65189100052159], [150.09593700916935, -34.650460990586424], [150.0882902188909, -34.65360792013166], [150.08154100907467, -34.64935099004907], [150.07780898876956, -34.641129000585366], [150.0996289789859, -34.62726301009628], [150.09697002862694, -34.62144500029098], [150.10079500929265, -34.61650500007392], [150.0900629893069, -34.614303000039236], [150.09739101869496, -34.59859600068248], [150.09332699902717, -34.5876950103493], [150.0990310091288, -34.584975010612276], [150.09826099931843, -34.58071599013208], [150.0919270087928, -34.58009700059183], [150.09210497942362, -34.58291100045588], [150.08786499865624, -34.58666200009742], [150.0829420188969, -34.582311010409846], [150.0822539992207, -34.57807700013134], [150.08456433857071, -34.57540462043205], [150.0938859990689, -34.57393800055895], [150.09224699857847, -34.56374400005031], [150.09443700859615, -34.55534600049197], [150.08952501882592, -34.55286700038971], [150.08292300874882, -34.5544330101055], [150.0799179985964, -34.54607900047665], [150.07359101942157, -34.54351800033269], [150.06163598899053, -34.544837000514036], [150.05854300861893, -34.53941400056941], [150.04969500910886, -34.53603400011359], [150.0454879893259, -34.52740101010492], [150.06223600880307, -34.51829400040557], [150.06703199912062, -34.51152000066919], [150.07736500901675, -34.51738600018039], [150.09303700937866, -34.51223400027075], [150.0832350089183, -34.49562500074778], [150.07093899866672, -34.49356701070954], [150.06723099931227, -34.48480700058669], [150.07351498871083, -34.478962990428606], [150.070827019175, -34.47048700040974], [150.06664900868742, -34.47049501059986], [150.0640610090663, -34.47527600008976], [150.0584619886651, -34.47192600066031], [150.05772599895283, -34.463564000201636], [150.04556098912082, -34.461838010485025], [150.0388969988823, -34.47319000046305], [150.0330799888027, -34.470177990593555], [150.03103299866305, -34.4749390004995], [150.02540900869027, -34.476957000240645], [150.02029199911772, -34.470847010151424], [150.01501898901128, -34.47064301012934], [150.01137800936692, -34.46551801045431], [150.0039499992843, -34.476554000770435], [149.99444499892493, -34.47217801033273], [149.9860540092308, -34.47465901007792], [149.98280499868085, -34.47166400058838], [149.97778898939063, -34.484002010746984], [149.97407697905842, -34.478867000034846], [149.97134202942988, -34.479197000753], [149.973522028622, -34.47501600038521], [149.96915502876837, -34.473284990223135], [149.969171008899, -34.470075000397884], [149.96087802899567, -34.46635301022302], [149.9623229888931, -34.46408100018719], [149.9409179987784, -34.468573010239226], [149.94233697939785, -34.475696010034724], [149.94690301896898, -34.480063000303566], [149.93756200875958, -34.48090000050145], [149.93939598858242, -34.47684101024894], [149.93796398867957, -34.475280000511844], [149.9346420088774, -34.479029000375455], [149.92966099884902, -34.476001990612055], [149.92631000885305, -34.47738999054897], [149.9300469887569, -34.48033200060696], [149.92329298912358, -34.481987010058226], [149.92816701878482, -34.489919010442094], [149.92204801936126, -34.48925800041056], [149.9213230187398, -34.49843301048754], [149.92327999858625, -34.50297200049964], [149.91475998925782, -34.50172201000069], [149.91277401898049, -34.503613010144086], [149.91632798870478, -34.507743000609494], [149.89710201861857, -34.50972899006981], [149.90315601864313, -34.513429990561555], [149.90537101889373, -34.51920901036026], [149.90234600864977, -34.51726900057205], [149.89494300946131, -34.518720990265], [149.89937198947632, -34.52443599007842], [149.89350497916803, -34.525100000560776], [149.8898799787559, -34.52205801032969], [149.89248202892642, -34.5321290005347], [149.88714897901963, -34.53005600064118], [149.88431098903465, -34.531410990185975], [149.8905769887714, -34.535154010368366], [149.8911812387506, -34.53855902022715], [149.9246441891599, -34.54296201018238], [149.93096255888102, -34.53030181058928], [149.93586702885398, -34.531071000474256], [149.9303994688098, -34.546712590107354], [149.96200682862545, -34.55017549033349], [149.958971229041, -34.56569721061918], [149.97148361919, -34.567382889992544], [149.96838498931356, -34.57424401023553], [149.95312100914362, -34.584237000323675], [149.95482753868885, -34.588763310257335], [149.95338304861028, -34.597229000606006], [149.9557650690284, -34.59746055055444], [149.94895697913682, -34.63262300016544], [149.9426367490048, -34.62388573997936], [149.92916897899153, -34.63120401065403], [149.92577498933784, -34.63648200046005], [149.92652798865, -34.64580499992144], [149.93155399888428, -34.650177000566565], [149.93067558936858, -34.65229436020206], [149.9347275293908, -34.65279532055789], [149.93555447891544, -34.64863629991687], [149.94923828926304, -34.65061119018354], [149.94640150930874, -34.66429526058864], [149.95633633915858, -34.6657301705393], [149.95723747874598, -34.67515120042982], [149.9610054190861, -34.675712160016246], [149.96036147884266, -34.67885218015791], [149.96556535909642, -34.67958014022806], [149.96044498892638, -34.69305201015674], [149.95247948896156, -34.73585396043257], [149.92595540877616, -34.74475116054861], [149.91085295916903, -34.741451850449856], [149.87947751920683, -34.744859390236535], [149.8754780291191, -34.76513200044183], [149.88476599920082, -34.76638800052817], [149.88313375943127, -34.774442219924396], [149.89489259870254, -34.776028109912815], [149.89647311886793, -34.76817298042025], [149.89226291904885, -34.767590040263826], [149.89318545920122, -34.762971090307595], [149.8989150093048, -34.76375901007211], [149.90075230930083, -34.758965990323084], [149.90339829876683, -34.75931697021003], [149.90260033877473, -34.76360499011377], [149.90716509914486, -34.764184990294176], [149.90884417887, -34.75940394003401], [149.91376211908062, -34.760023019978654], [149.91441914957437, -34.75653598055286], [149.92278396954765, -34.757644810426115], [149.91130967882913, -34.81037880045492], [149.91753000911507, -34.80965901003007], [149.9244409893443, -34.81595900043731], [149.93460897872274, -34.812790000129624], [149.94257699936026, -34.81692501011337], [149.9458710190992, -34.81290600051399], [149.9529830090513, -34.812606000075085], [149.95968600952938, -34.80803299997708], [149.97204100945075, -34.808962999975925], [149.9809549992016, -34.79684500017474], [149.99062899871706, -34.79916501039568], [149.9948599990266, -34.789833000079255], [149.99916601944207, -34.79176199022745], [149.99802798872443, -34.794038990002946], [150.00239199898476, -34.79732200055252], [150.01012897921945, -34.79118999053118], [150.01224498871895, -34.79530001047854], [150.01918900898434, -34.79641300013746], [150.02794498956828, -34.79356500040057], [150.0353479887567, -34.79716901033568], [150.05292098954985, -34.78514201038606], [150.06621998947745, -34.78383101052159], [150.06693501879917, -34.778292000181075], [150.05491998899203, -34.772688990010536], [150.05967100874813, -34.76862601036111], [150.06787000870312, -34.76716700061224], [150.07421997935933, -34.768097000326385], [150.07582200878588, -34.773351000345755], [150.0817289788529, -34.773868999931736], [150.10544602948968, -34.788850000424596], [150.1092810093028, -34.79853100018991], [150.11583800929267, -34.7995699904776], [150.1252769888686, -34.807968989896374], [150.12741902885008, -34.81755701001985], [150.16272798932042, -34.8230630000806], [150.17765900893033, -34.81822300990953], [150.19821299892524, -34.81846501027211], [150.20975499925996, -34.81436899000229], [150.21802800871623, -34.80477999997188], [150.23398898902022, -34.80068401051991], [150.23695197867866, -34.79349000049811], [150.25642097898177, -34.79107999053194], [150.26636798908856, -34.77592799038251], [150.27650097920517, -34.76924100018854], [150.29001801911687, -34.76447200008325], [150.30556289888293, -34.76726596039332], [150.31474800916965, -34.77416700000363], [150.31395800914927, -34.76954299068986], [150.33031799864457, -34.759128990264315], [150.33353006867338, -34.752388480648506], [150.32531986942178, -34.744005280206544], [150.31431865937967, -34.740848420211954], [150.3031249888811, -34.73380501019028], [150.29495099892196, -34.736624000192094], [150.27805700860102, -34.73380695029207], [150.26831099923402, -34.720369990393344], [150.27015000872407, -34.710260000499616], [150.25870400864878, -34.70954000055053], [150.24883597932018, -34.705707010608904], [150.24020299875986, -34.71037100024495], [150.2293000185957, -34.702260990267746], [150.2339870190148, -34.68534600034416], [150.23639031872537, -34.68357763999994], [150.23791119884072, -34.68378510039819], [150.2352184188265, -34.69744611066593], [150.24912797939817, -34.697391760215204], [150.25143200898162, -34.68569149063151], [150.26081900934028, -34.68693572001689], [150.26370662944802, -34.666595730622625], [150.27006689928893, -34.65829632035856], [150.26721993872755, -34.656204020595396], [150.26724416898574, -34.64944891070073], [150.2560076892724, -34.64789491061138], [150.2563359992542, -34.6336249907314], [150.27357199886515, -34.63286200027503], [150.27367999882017, -34.63536499069538], [150.28542000940308, -34.63756200020812], [150.288350989393, -34.63521801044403]]]}}, {"type": "Feature", "properties": {"postcode": "2580", "name": "Postcode 2580", "region": "Other Endeavour", "flexibleExport": 67.3, "networkVisibility": 44.5, "connectionAssessment": 20.2, "derOrchestration": 70.2, "composite": 50.5, "solarKwTotal": 40361.67, "solarGrowthPct": 26.454709058188364, "batteryInstalls": 622.0, "meanAvailableKva": null, "distSubstationCount": 2}, "geometry": {"type": "Polygon", "coordinates": [[[149.78123900929208, -34.06892091024742], [149.7830630187136, -34.059861000246435], [149.75706498926357, -34.05645999082058], [149.75885997860976, -34.04747301034477], [149.74354596856668, -34.04543901066893], [149.74533402920716, -34.036044010877596], [149.74205800901157, -34.035574990874025], [149.7428399888731, -34.03163901026893], [149.73673802869382, -34.0360450009575], [149.7363889784087, -34.0303080102544], [149.73130897852758, -34.03130099068336], [149.72916799855807, -34.03593500077911], [149.7258750091868, -34.03647500048912], [149.72639100867255, -34.029347010737816], [149.69740299878313, -34.02917801069295], [149.6995159791635, -34.037742010660224], [149.69647600927513, -34.04364501083676], [149.6994700285401, -34.04454500032584], [149.6968869992974, -34.04768200044071], [149.69455599869588, -34.04696900030286], [149.6967340287809, -34.05113399079593], [149.68817499843314, -34.05200701068131], [149.68769998907382, -34.04940900050512], [149.68483100900824, -34.049499000911624], [149.6826560089406, -34.05171301030337], [149.6822589985008, -34.043991000876204], [149.67496498921085, -34.042451000889706], [149.67539802928007, -34.04450000085493], [149.66079298852384, -34.04373100082986], [149.6627039791193, -34.048333000767215], [149.65871000917903, -34.04630300091364], [149.65697402926548, -34.05037000049686], [149.6510239786923, -34.0493350003143], [149.65098798858878, -34.05235000065425], [149.64383001926709, -34.050223000574086], [149.64080602861105, -34.057519010455685], [149.6360499989505, -34.057026000416236], [149.6339899787477, -34.059176000291636], [149.63052400888702, -34.06986300035272], [149.63635597861108, -34.071492000240184], [149.63789799877998, -34.074573990200975], [149.64100600886462, -34.07385801073364], [149.64071601921614, -34.076931000750655], [149.64391600870104, -34.075948010312], [149.64611001891674, -34.078371010333356], [149.64574498850098, -34.085401010660554], [149.6520180184531, -34.087713010446805], [149.65164097846036, -34.09034900083196], [149.6591509984402, -34.091704990231314], [149.6593269990656, -34.097453000407256], [149.65734201873173, -34.09867600068359], [149.66391300908379, -34.10277600018997], [149.6615230188125, -34.10928501067665], [149.66280599898954, -34.11113601047433], [149.65476000907685, -34.10976800063989], [149.65686799931586, -34.11160000026058], [149.65567900896875, -34.11725000020763], [149.6482439992135, -34.11342000084633], [149.64830301852766, -34.11619699071371], [149.64516799879735, -34.11794600055712], [149.6443569988606, -34.115068990815], [149.64173801904016, -34.11568900082862], [149.6431880184864, -34.11810499039587], [149.64115401888412, -34.11945200047839], [149.63454400930934, -34.11661500020039], [149.63374797889847, -34.11865000031492], [149.63849498857513, -34.120460010318766], [149.63442498882242, -34.1219240003786], [149.62737000865312, -34.11380800085331], [149.62682100865712, -34.12723500072076], [149.6177310191792, -34.130940000594244], [149.6221140090449, -34.13650300072255], [149.61670401933233, -34.13845701075897], [149.6211070092895, -34.14096400015041], [149.61503399911686, -34.144408000183674], [149.61484097901007, -34.148437000305606], [149.61044097864618, -34.14843600038794], [149.6134460292228, -34.151936000397754], [149.60847001921726, -34.15418600054637], [149.6138800089298, -34.155526990457325], [149.61570898872978, -34.1584010101434], [149.61519900885477, -34.16024100070183], [149.60907000848712, -34.16044200042859], [149.60959198895597, -34.16374000084042], [149.61340700910185, -34.16554401018266], [149.607099008634, -34.17211200058771], [149.6138709988275, -34.17361300033052], [149.6117599785711, -34.178710990165015], [149.61506600878536, -34.177052000641055], [149.62203001926076, -34.18218200063651], [149.61132300927076, -34.18181200053095], [149.61381901871192, -34.18406800029184], [149.6103980185143, -34.186959990473476], [149.614400978794, -34.19427900036766], [149.60872996920264, -34.19209001066346], [149.60498798927586, -34.19657200068725], [149.6055880189699, -34.202611990261964], [149.59971402875183, -34.20383399040023], [149.5956630086045, -34.213239000508246], [149.59241599860263, -34.21245399034991], [149.58820897881967, -34.216987990764004], [149.59235099920366, -34.22114200046258], [149.59261401873235, -34.22514499079547], [149.59840097926735, -34.222232000179716], [149.60483001873658, -34.223626000222175], [149.60882399855834, -34.2214320107664], [149.60971900894052, -34.22475400013524], [149.61345598884438, -34.22572401057885], [149.61054098898504, -34.22772700044582], [149.6108829991733, -34.2308090107563], [149.6191139989153, -34.23317200030712], [149.62460699924836, -34.24199899019473], [149.62169900894312, -34.250082990368696], [149.6229180290719, -34.25738999029792], [149.62160202862177, -34.261855010067436], [149.61858299936097, -34.26316399046836], [149.6198469990343, -34.26778300040443], [149.61775900888682, -34.27178801031416], [149.6247889889417, -34.2783370105888], [149.6248489892162, -34.28473399057306], [149.6217489687477, -34.288835000533396], [149.6277029988576, -34.29171900047167], [149.6244209886957, -34.29571300036464], [149.62730897890938, -34.29893200020165], [149.62366098881253, -34.30119400059773], [149.62601100854525, -34.301827990623146], [149.62373300854549, -34.30439400074054], [149.62703599886078, -34.307159010623245], [149.6218070088982, -34.31024100045204], [149.62704201936987, -34.31343700012145], [149.6227049792293, -34.315446010578], [149.62781001875067, -34.3164140004396], [149.62738099864234, -34.323428000496286], [149.63050199926428, -34.3237030007407], [149.6316929991427, -34.32649500017438], [149.63587698881673, -34.3256470002527], [149.64330601938545, -34.32885499052836], [149.64773200890886, -34.32697201050592], [149.66073899887695, -34.33552600002877], [149.67876280931392, -34.33717300033385], [149.67767948869198, -34.34432427042864], [149.6833569993911, -34.34831600069222], [149.6838929989683, -34.34511100052645], [149.7061489793213, -34.3504300104544], [149.7052420294307, -34.35554100022992], [149.71052602862804, -34.36003390063406], [149.70780100897656, -34.3757848904562], [149.70262629881674, -34.375149230487345], [149.70208371908004, -34.37819692000248], [149.70450005873522, -34.378504850199505], [149.70329584913054, -34.38473367032987], [149.69834757910098, -34.38310460020393], [149.69647410933825, -34.39356441047991], [149.69212027878675, -34.39104855067197], [149.68645883894803, -34.391510940251464], [149.684892038752, -34.397603439984664], [149.67622295939196, -34.3964386601037], [149.6731719986161, -34.4115170102429], [149.66892500919283, -34.41598200046536], [149.6756220286877, -34.419989010339755], [149.67418716944735, -34.425563020678474], [149.68880516929985, -34.42748105016797], [149.68843114944315, -34.42962853025971], [149.69522098916136, -34.43059700050438], [149.6903810891927, -34.45126480039756], [149.67338300928313, -34.44914900005024], [149.6720729790363, -34.447213000615875], [149.6751919791101, -34.4476140104942], [149.67583459883008, -34.44395221019324], [149.65854250931108, -34.441554740011064], [149.66102464876425, -34.42995601004218], [149.6504750191205, -34.42868701003192], [149.648976989451, -34.436097000446686], [149.63791748862843, -34.4360364806473], [149.61635047926737, -34.43300846024474], [149.61699199944945, -34.429644990451685], [149.6055281193068, -34.42799562012692], [149.599476019219, -34.45644052054435], [149.59126000876583, -34.45376699048015], [149.5897681891499, -34.46181046000606], [149.58768041908965, -34.46281951027198], [149.58240266947172, -34.46219861006452], [149.5802663993693, -34.45801754025539], [149.57595293910663, -34.45928911014546], [149.56811597907577, -34.45659400032512], [149.5569079993131, -34.46413100993518], [149.55279400906096, -34.472400010605895], [149.55640301946102, -34.47641899995958], [149.5559380191306, -34.484502010459984], [149.5593460189094, -34.49116500054623], [149.56332400871912, -34.495171990034414], [149.56944100939123, -34.49632101033833], [149.57474397921072, -34.502648010339634], [149.57297401872498, -34.50809900024773], [149.57518099881668, -34.51116900032643], [149.5733300093939, -34.51209500008148], [149.57613900894802, -34.51583599055206], [149.5729600094981, -34.5207050105768], [149.58045498898514, -34.52914500037011], [149.57797200870888, -34.533201000364876], [149.58057999943836, -34.53793300002497], [149.57749100938327, -34.5387360001886], [149.57914500904394, -34.54595000051207], [149.58417999883778, -34.54818001048944], [149.5828880094568, -34.54969500985733], [149.5853889892764, -34.55300899996685], [149.5826449891213, -34.5572630100617], [149.58452400957418, -34.563083989970025], [149.58738597918727, -34.56477201035779], [149.58688314900363, -34.57412000009279], [149.50401500943295, -34.564162359868114], [149.4983869689565, -34.55960567998682], [149.49771985936528, -34.56323411985931], [149.49395057873872, -34.562724209910755], [149.49319644934593, -34.56626968034318], [149.48351135922988, -34.56485856987831], [149.4843220887738, -34.56101402993368], [149.4644023695567, -34.5581199799517], [149.46385139955527, -34.56077153022491], [149.44743299890524, -34.558602000134655], [149.44411901949897, -34.58492300035529], [149.4488308089284, -34.5853276204373], [149.45005811960888, -34.59225952998164], [149.44223999904617, -34.59479866994901], [149.4428201687859, -34.591895730495345], [149.4251690594788, -34.589792959859345], [149.42131998959047, -34.61240274000138], [149.41795100903434, -34.61192900989395], [149.41433969894717, -34.62564269983668], [149.4107715690791, -34.62519230015641], [149.4103622490249, -34.62738264990384], [149.4140464888384, -34.62783723036924], [149.41104771928227, -34.640098770306544], [149.41506600931226, -34.64053999991632], [149.41778401940957, -34.647610990136315], [149.42853297892665, -34.651592009748036], [149.43623698919373, -34.65094500977374], [149.43985698958295, -34.65363700035598], [149.4367289794069, -34.6585809904407], [149.43977402926814, -34.662612990407915], [149.44237300899707, -34.661471010233775], [149.44706898897567, -34.665794989850816], [149.45084600948664, -34.66399799991559], [149.4562280094916, -34.669531990469444], [149.4650849894596, -34.6706090100607], [149.46635697964743, -34.67424299977804], [149.4701009996481, -34.675104010242976], [149.47404701931518, -34.667249000097264], [149.47079697929595, -34.668192000157354], [149.47142999961878, -34.6646409997703], [149.48118601891298, -34.66068700024811], [149.48052156923336, -34.66484225982146], [149.49567001887124, -34.66689001036133], [149.49616699922578, -34.6715910099707], [149.50380199911612, -34.67957200019739], [149.51574899950683, -34.68046699026111], [149.51494496959828, -34.685201990293066], [149.52126801954205, -34.688358999961096], [149.52020899924688, -34.6933290100525], [149.5279129888527, -34.693123010159724], [149.5255539491362, -34.69576894975855], [149.52967198899373, -34.7051050002384], [149.52805299937458, -34.7078849901439], [149.53354701929544, -34.71113499987295], [149.53244135936902, -34.71318916043], [149.5202219987673, -34.71175198991661], [149.51609570878233, -34.733149479814365], [149.50790780930933, -34.73201658017285], [149.5011919889739, -34.77515500992033], [149.50785601963653, -34.77632799996991], [149.50516158941716, -34.78993487995223], [149.49874907894915, -34.79041097969103], [149.4992156594162, -34.79739784972077], [149.4959039796971, -34.803382329917014], [149.50740257882723, -34.803212159926964], [149.52180295910722, -34.80787116982277], [149.55938609904246, -34.80738663041282], [149.5562996889488, -34.82288635982005], [149.56530055926234, -34.824149280314714], [149.56250965896461, -34.83726736966967], [149.57725101906522, -34.839221010138104], [149.57489468956595, -34.85058429994034], [149.57723017904897, -34.850919960235885], [149.57288477918632, -34.86051736038326], [149.5578661289204, -34.85856302984415], [149.55582602885906, -34.868797010247796], [149.56590094918081, -34.87312502978104], [149.5772148492986, -34.87466331979651], [149.5754211696961, -34.88462801996724], [149.57952285931708, -34.88519132028733], [149.577044979675, -34.899832000300236], [149.55066518958552, -34.896253029773185], [149.54773609965096, -34.9107599701927], [149.49096815941903, -34.902197210173654], [149.48848874904772, -34.91625443020818], [149.4622258288784, -34.91248652028121], [149.45639400917298, -34.94185700999801], [149.45412498963114, -34.941565999748555], [149.45470898978724, -34.94384300016744], [149.45790798932865, -34.94426899962874], [149.45332497968354, -34.965788999636274], [149.45599199960859, -34.96615499984458], [149.45325599895114, -34.979800009789045], [149.44961000940242, -34.97933800968778], [149.4170393798194, -35.14320186954919], [149.45701450967567, -35.18295356011949], [149.45820440911794, -35.17659752963905], [149.5503230392601, -35.18900172991971], [149.55065007902408, -35.19480174967155], [149.549000129867, -35.19458074981487], [149.5477272692117, -35.20057678969141], [149.5407443797423, -35.19963185011724], [149.53803662930386, -35.21203690988841], [149.5534822892485, -35.21433277979751], [149.55256540938072, -35.21958080004412], [149.55990523903836, -35.2205707497027], [149.55846435928893, -35.2277827600811], [149.55408545945272, -35.22716879981983], [149.55265352961854, -35.23432484011807], [149.56657900923537, -35.23629300001086], [149.5688749997953, -35.24630699002089], [149.57405500911705, -35.25134600942121], [149.59915401900375, -35.241057010132565], [149.61127901966964, -35.239435999474146], [149.61317501917966, -35.229756999602586], [149.61644201939149, -35.230206999905676], [149.61767199986502, -35.22427099995389], [149.614651989644, -35.222683989903516], [149.61778401978094, -35.194191990104386], [149.63218202940692, -35.20004501015696], [149.63338498945504, -35.20291699961139], [149.63514202947206, -35.2016739998652], [149.63735399970517, -35.20926899996914], [149.64310701919385, -35.213497999852], [149.6519220289734, -35.21684000960616], [149.66181998926902, -35.21479099967137], [149.66296400905472, -35.21732500991629], [149.6654610093376, -35.21706500955804], [149.66488499969594, -35.20954798954991], [149.67248798901943, -35.19874598960826], [149.6690359996395, -35.18778599993908], [149.66196700934503, -35.181392990175254], [149.65768000895906, -35.1729390099106], [149.66144699977994, -35.15217899019378], [149.6606557493046, -35.13793266006672], [149.6635070190844, -35.13828299979301], [149.6643580192042, -35.14172299996707], [149.6717640097825, -35.14216100022836], [149.67197001952832, -35.14513899954983], [149.67705800902556, -35.14953599014186], [149.68607379945772, -35.15269264966675], [149.68857598930796, -35.15899999987124], [149.6997419198305, -35.16016582956282], [149.69939998959234, -35.1630110000958], [149.7093990193406, -35.169580999871044], [149.70775001970273, -35.17499800015187], [149.73070599966445, -35.182794999718794], [149.74034699956803, -35.17623899963715], [149.74569373979975, -35.18256286005583], [149.74128701913918, -35.19378099968725], [149.74476999949812, -35.19416400009689], [149.74399900962575, -35.19777000017082], [149.74042798897906, -35.19731399952191], [149.73626100980326, -35.217767010008366], [149.73173000901977, -35.2171679998101], [149.72798200948233, -35.23837299003743], [149.72180499955263, -35.23758799995166], [149.71768202974087, -35.25646099974377], [149.7263849791803, -35.262245000190674], [149.7280040191051, -35.25471799965558], [149.7443519990234, -35.25700500963505], [149.74417599929626, -35.272329999734026], [149.74125799906395, -35.27193300962536], [149.7400099992841, -35.277941990053236], [149.75296300948673, -35.28305899967953], [149.75305501942972, -35.28815801008911], [149.7630240095149, -35.29078501011688], [149.76488897941834, -35.28096300971841], [149.78338699971403, -35.28021599972546], [149.7881840096195, -35.27358999956863], [149.79537399938943, -35.283095999906436], [149.79468498976982, -35.289233009985935], [149.80590997913242, -35.291210009534836], [149.80751101951384, -35.29027799962334], [149.80595501976242, -35.28709299986339], [149.81475399910576, -35.28050599965809], [149.82771500970438, -35.27824100948465], [149.83025697965033, -35.270762999592385], [149.8232169995497, -35.26778598950284], [149.82263000980032, -35.264780999714], [149.83282847901637, -35.25702283974608], [149.83423737964, -35.24484985969018], [149.8395759398127, -35.23586105973516], [149.84423975920592, -35.237235109951655], [149.85096897971044, -35.247921009853094], [149.8818420296634, -35.25629200003485], [149.8928030095539, -35.247257010242315], [149.88232498911296, -35.24168399003361], [149.88065401937823, -35.238832989871064], [149.88271199950705, -35.23532200961952], [149.8951230192679, -35.23150299954206], [149.90052600930775, -35.224674000221704], [149.91092200907164, -35.22633699982816], [149.91755099914997, -35.22490498998044], [149.92031101896154, -35.22767099967054], [149.91405900958708, -35.23347799968847], [149.89738799908594, -35.23425500018951], [149.8974159896918, -35.2392430097421], [149.90490399915058, -35.24284899004312], [149.91558400937632, -35.24096299013238], [149.91897201894514, -35.23541400958693], [149.92687801899712, -35.237494000142526], [149.9332289894782, -35.23287799014654], [149.93879997974759, -35.22274900006473], [149.94465800959802, -35.22005499018194], [149.95305001977826, -35.205451000254314], [149.97617101935938, -35.20875701026115], [149.97675599957745, -35.20587999978593], [149.98464098893325, -35.20699599012723], [149.98625399936589, -35.19898800977203], [149.99704200954665, -35.20041098997876], [149.9955769696077, -35.20795899025345], [150.01219001901012, -35.210127010002886], [150.01051499967008, -35.20326799973929], [150.02460202961265, -35.205076009709664], [150.0257740094616, -35.20891499960811], [150.01628097915332, -35.21088700964115], [150.02304201888353, -35.21188098973951], [150.0223999794752, -35.214812000057016], [150.02664799926612, -35.21541398972005], [150.03581679974053, -35.20644775974812], [150.05199556939863, -35.20472890985661], [150.05753101962046, -35.19540999976674], [150.0664050091883, -35.19054399996436], [150.06692600959522, -35.17767700978802], [150.0763289891861, -35.16482101036871], [150.0668270188442, -35.139790009663656], [150.04530799928224, -35.140721999932246], [150.04361002888504, -35.13804100017141], [150.0374300293621, -35.14145900028123], [150.0248789891979, -35.13953900024875], [150.0199110092327, -35.13168900016319], [150.032001999682, -35.1309339999325], [150.0358649790842, -35.12569500034592], [150.03147001916736, -35.12296599027829], [150.03133901964608, -35.11970200027012], [150.02040299944582, -35.12164900030466], [150.0180160095476, -35.119054000001405], [150.01864602949735, -35.10797800016554], [150.02654097937304, -35.10440899971248], [150.0271550191923, -35.095919989731215], [150.01443998887802, -35.09867299984293], [150.0110330095854, -35.10160301026775], [149.99553499941928, -35.102355000131325], [149.988697999047, -35.09466801038264], [149.98062499948873, -35.09502800007334], [149.9805110194488, -35.08895999969328], [149.9837030094361, -35.088531000089056], [149.98435099928486, -35.08440299985686], [149.98028299918198, -35.079387009909894], [149.9773839893347, -35.066127000124716], [149.98627998942368, -35.065933990039404], [149.9905900190203, -35.06830301029773], [149.99211600965134, -35.07392398989774], [149.99680201922862, -35.07576101035475], [150.00619598961555, -35.06827199998831], [150.01131000959484, -35.0674000097038], [150.0227089891532, -35.0555200097053], [150.02905400919386, -35.05366099972951], [150.02423998968857, -35.045774010202216], [150.0292420193963, -35.03843600025857], [150.02974899889827, -35.03189100032333], [150.0281009892039, -35.02669800979772], [150.02231697963452, -35.02144300984986], [150.02431101947806, -35.003221010199276], [150.0359860091024, -35.003375000424334], [150.04307697937523, -34.99952000976542], [150.0544719892783, -35.00799198979801], [150.0670199895436, -35.00420300996454], [150.0854719891473, -34.98961500009775], [150.07878499934256, -34.97592799996727], [150.05891399935655, -34.9697249997873], [150.05544602894767, -34.966376999946654], [150.06077002922635, -34.95172500032535], [150.06773002962228, -34.945404989826585], [150.0677619988666, -34.93650900987013], [150.0882420090046, -34.92488699980629], [150.08616099876681, -34.91397299039506], [150.091668989287, -34.91084400004025], [150.0852660189274, -34.908930009960436], [150.08090499915863, -34.901686000513635], [150.08793901893733, -34.89512299020526], [150.08277700915897, -34.893377000374194], [150.07570300896018, -34.8975559998268], [150.05851899934632, -34.88223301041204], [150.05274900888534, -34.88216399983202], [150.05155899895038, -34.87029300031364], [150.04671098899132, -34.868048999848924], [150.04616801938582, -34.862722000167345], [150.04060800922417, -34.8602000100364], [150.0421879895021, -34.851413010231475], [150.03744699943613, -34.84387200010892], [150.04375598894907, -34.82777900009627], [150.03949698905046, -34.821621990031296], [150.03609901896178, -34.808619010308796], [150.03833697925273, -34.80486301034692], [150.0431189890895, -34.80649700026346], [150.0468020188723, -34.80427800006526], [150.04037998895728, -34.79307000022628], [150.03498999933623, -34.79727000036082], [150.02794498956828, -34.79356500040057], [150.01899299928425, -34.79641699985446], [150.01202700892202, -34.79521500017593], [150.01008798909302, -34.7911920104351], [150.00239199898476, -34.79732200055252], [149.99802798872443, -34.794038990002946], [149.99916601944207, -34.79176199022745], [149.9948599990266, -34.789833000079255], [149.99062899871706, -34.79916501039568], [149.9809549992016, -34.79684500017474], [149.97204100945075, -34.808962999975925], [149.95968600952938, -34.80803299997708], [149.9529830090513, -34.812606000075085], [149.9458710190992, -34.81290600051399], [149.94257699936026, -34.81692501011337], [149.93460897872274, -34.812790000129624], [149.9244409893443, -34.81595900043731], [149.91753000911507, -34.80965901003007], [149.91130967882913, -34.81037880045492], [149.92278396954765, -34.757644810426115], [149.91441914957437, -34.75653598055286], [149.91376211908062, -34.760023019978654], [149.90884417887, -34.75940394003401], [149.90716509914486, -34.764184990294176], [149.90260033877473, -34.76360499011377], [149.90339829876683, -34.75931697021003], [149.90075230930083, -34.758965990323084], [149.8989150093048, -34.76375901007211], [149.89318545920122, -34.762971090307595], [149.89226291904885, -34.767590040263826], [149.89647311886793, -34.76817298042025], [149.89489259870254, -34.776028109912815], [149.88313375943127, -34.774442219924396], [149.88476599920082, -34.76638800052817], [149.8754780291191, -34.76513200044183], [149.87947751920683, -34.744859390236535], [149.91085295916903, -34.741451850449856], [149.92595540877616, -34.74475116054861], [149.95247948896156, -34.73585396043257], [149.96044498892638, -34.69305201015674], [149.96556535909642, -34.67958014022806], [149.96036147884266, -34.67885218015791], [149.9610054190861, -34.675712160016246], [149.95723747874598, -34.67515120042982], [149.95633633915858, -34.6657301705393], [149.94640150930874, -34.66429526058864], [149.94923828926304, -34.65061119018354], [149.93555447891544, -34.64863629991687], [149.9347275293908, -34.65279532055789], [149.93067558936858, -34.65229436020206], [149.93155399888428, -34.650177000566565], [149.92652798865, -34.64580499992144], [149.92577498933784, -34.63648200046005], [149.92916897899153, -34.63120401065403], [149.9426367490048, -34.62388573997936], [149.94895697913682, -34.63262300016544], [149.9557650690284, -34.59746055055444], [149.95338304861028, -34.597229000606006], [149.95482753868885, -34.588763310257335], [149.95312100914362, -34.584237000323675], [149.96838498931356, -34.57424401023553], [149.97148361919, -34.567382889992544], [149.958971229041, -34.56569721061918], [149.96200682862545, -34.55017549033349], [149.9303994688098, -34.546712590107354], [149.93586702885398, -34.531071000474256], [149.93096255888102, -34.53030181058928], [149.9246441891599, -34.54296201018238], [149.8911812387506, -34.53855902022715], [149.8905769887714, -34.535154010368366], [149.8843150089956, -34.53100599009402], [149.89248202892642, -34.5321290005347], [149.8898799787559, -34.52205801032969], [149.89350497916803, -34.525100000560776], [149.89937198947632, -34.52443599007842], [149.89494300946131, -34.518720990265], [149.90234600864977, -34.51726900057205], [149.90537101889373, -34.51920901036026], [149.90315601864313, -34.513429990561555], [149.89724498908927, -34.50962500052607], [149.91116900894383, -34.50950500018732], [149.91673200869874, -34.5074369906432], [149.9128209990732, -34.50372500012311], [149.91373801907818, -34.50210200056111], [149.92327999858625, -34.50297200049964], [149.9213230187398, -34.49843301048754], [149.92204801936126, -34.48925800041056], [149.92816701878482, -34.489919010442094], [149.92329298912358, -34.481987010058226], [149.9300469887569, -34.48033200060696], [149.92631000885305, -34.47738999054897], [149.92966099884902, -34.476001990612055], [149.9346420088774, -34.479029000375455], [149.93796398867957, -34.475280000511844], [149.93939598858242, -34.47684101024894], [149.93756200875958, -34.48090000050145], [149.94690301896898, -34.480063000303566], [149.94233697939785, -34.475696010034724], [149.9409179987784, -34.468573010239226], [149.9623229888931, -34.46408100018719], [149.96087802899567, -34.46635301022302], [149.969171008899, -34.470075000397884], [149.96915502876837, -34.473284990223135], [149.973522028622, -34.47501600038521], [149.97134202942988, -34.479197000753], [149.97407697905842, -34.478867000034846], [149.97778898939063, -34.484002010746984], [149.9832919888711, -34.47144100005727], [149.9860540092308, -34.47465901007792], [149.99444499892493, -34.47217801033273], [150.0039499992843, -34.476554000770435], [150.01196601870416, -34.46552800008778], [150.01501898901128, -34.47064301012934], [150.02029199911772, -34.470847010151424], [150.02569899923705, -34.47695101009551], [150.03103299866305, -34.4749390004995], [150.0330799888027, -34.470177990593555], [150.0388969988823, -34.47319000046305], [150.04468899896608, -34.46203899012816], [150.05772599895283, -34.463564000201636], [150.05889399926505, -34.465456000340744], [150.07718998935167, -34.446533990138555], [150.08527498860548, -34.444818010178196], [150.08853199865302, -34.43160399022376], [150.09818898856864, -34.43284100040188], [150.10551000930081, -34.42495400020622], [150.10771000858446, -34.417899010713136], [150.1147589987875, -34.412381990124864], [150.1156809891709, -34.41016801012699], [150.11005998879133, -34.40358600022743], [150.1067180088977, -34.38973700030106], [150.12322199923133, -34.37514900064339], [150.10781998932472, -34.36685499035926], [150.1027679791512, -34.37117600021573], [150.0980279889101, -34.37151500060012], [150.09586601890572, -34.366956000407086], [150.10281900884925, -34.36051900049654], [150.10187197882556, -34.35466701044194], [150.09178100920295, -34.34719401028507], [150.0761079784734, -34.34869101024081], [150.07925986856466, -34.33006882021011], [150.07367050864613, -34.32371075049446], [150.0763455990357, -34.31008704069618], [150.0677679888329, -34.304628000210585], [150.07291400859924, -34.28878599039097], [150.06116798918538, -34.27577000044283], [150.06121798851578, -34.268833000818496], [150.0565889887213, -34.26217800072218], [150.05980598870445, -34.25537499025103], [150.05768701925606, -34.25172600036081], [150.05294201911065, -34.250143010393785], [150.05417698882724, -34.24743699073886], [150.0580350086308, -34.24692401033918], [150.05737599914846, -34.243768000919076], [150.06178099863695, -34.23769800056974], [150.05647597886198, -34.23438400051697], [150.04984400907176, -34.23454901033096], [150.05317499897617, -34.230151000530334], [150.05150099922403, -34.225438990766605], [150.05994001914144, -34.21705300093771], [150.0572640187584, -34.210362990732115], [150.06024398927062, -34.20656300062426], [150.06387299886384, -34.20610699059524], [150.06289800877695, -34.200722990579315], [150.0660389789477, -34.19533900038238], [150.06280099881116, -34.189576010912575], [150.06341298867488, -34.18308900081337], [150.0592680092403, -34.17741300092573], [150.06193699917088, -34.176169000773], [150.06071100901383, -34.172127010754444], [150.0552689988529, -34.173579000623455], [150.0538319989272, -34.16927701041688], [149.936986079068, -34.15580000038433], [149.9372260289619, -34.16559753023188], [149.9174129891763, -34.16364600028414], [149.91537197912155, -34.174267990899], [149.92059699853058, -34.17489000059139], [149.92005500898708, -34.17772999032118], [149.91656301852578, -34.1772020005043], [149.91557298884445, -34.1820350007547], [149.9132599788031, -34.183016000334064], [149.90613798880523, -34.182694000540465], [149.90595399856366, -34.18013100030393], [149.89676000843036, -34.17886201041776], [149.90425101916043, -34.1412820007618], [149.86152699872062, -34.13565899063515], [149.86294301849287, -34.12240300055619], [149.86662699869328, -34.11924400029302], [149.8629139984176, -34.116450000577586], [149.86317197839753, -34.11279399075705], [149.8438260284237, -34.10931000085754], [149.84685206903526, -34.09962305089198], [149.8375541689764, -34.09835017047186], [149.8367670085306, -34.10217200041462], [149.8303379690614, -34.10124999063357], [149.8315679791794, -34.092352990603175], [149.83409899866206, -34.09029600075149], [149.83112100893504, -34.08723301035025], [149.83235699913783, -34.08436700077001], [149.83034599910172, -34.080459010947415], [149.83236700906502, -34.07680600047941], [149.82765901861103, -34.06869601083455], [149.81289899870535, -34.06786101063853], [149.8135670191882, -34.06431400089842], [149.79870498839554, -34.06239800071566], [149.7966639792391, -34.0711730109522], [149.78123900929208, -34.06892091024742]]]}}, {"type": "Feature", "properties": {"postcode": "2745", "name": "Glenmore Park", "region": "Western Sydney", "flexibleExport": 43.0, "networkVisibility": 49.3, "connectionAssessment": 44.4, "derOrchestration": 49.3, "composite": 46.5, "solarKwTotal": 45903.88, "solarGrowthPct": 7.488050982474774, "batteryInstalls": 963.0, "meanAvailableKva": 1174.4975104166667, "distSubstationCount": 436}, "geometry": {"type": "Polygon", "coordinates": [[[150.70532151871564, -33.914615300669546], [150.71007990825032, -33.916665741141856], [150.71205988856136, -33.906113331129816], [150.71654767858305, -33.90624201083295], [150.71223008876495, -33.90521807080004], [150.7162489986325, -33.8904160006833], [150.72331199896064, -33.88644699081751], [150.72052602861717, -33.87785400140114], [150.72044401871997, -33.87005000081394], [150.72293298896247, -33.86511499122643], [150.73776599878164, -33.85308700092852], [150.7590222485465, -33.85458220087196], [150.7590031988726, -33.852323500717326], [150.7630030887107, -33.8505091708289], [150.76386181883342, -33.85351586070447], [150.76747444854578, -33.85244797115205], [150.76538291813773, -33.84935235124182], [150.76878899821682, -33.83641400090419], [150.7657479988591, -33.83517200071585], [150.76638874828666, -33.829222790946], [150.7597318888749, -33.82896389090652], [150.683963028095, -33.83971542071054], [150.68501170878127, -33.82169625141381], [150.6947007883155, -33.80936165128076], [150.69946209827313, -33.791937931132125], [150.7037673488325, -33.78552256111622], [150.68157899814562, -33.77967800083449], [150.65990901849693, -33.76471642114832], [150.64072005810212, -33.78191739085654], [150.61968904831832, -33.814067700782154], [150.59450678885932, -33.83024103136085], [150.58804212849415, -33.844933120720185], [150.59365417895853, -33.85631205067199], [150.6111968481361, -33.857888800762886], [150.61328398847735, -33.86549101121047], [150.61010297859778, -33.88005500111652], [150.62698400892415, -33.8790809909081], [150.6238789983143, -33.89694700070348], [150.62729199811594, -33.89744500063204], [150.62761998829757, -33.89988900076198], [150.62250206873162, -33.90703551062531], [150.63127071825602, -33.9090555606291], [150.62863468841158, -33.92335349061677], [150.6306049983585, -33.92363197102846], [150.62955233813557, -33.92858746117835], [150.63426418865035, -33.92904237118183], [150.62736375823582, -33.93499175111577], [150.62013299842664, -33.94682600079712], [150.6186399984245, -33.95697900058264], [150.6248170083542, -33.960206991165926], [150.63260398881755, -33.953423010842535], [150.63555399871845, -33.95485200111357], [150.63611798890162, -33.95819201085368], [150.63809800873844, -33.95620500085743], [150.64384200824333, -33.959783010943966], [150.6444479883778, -33.95774599074796], [150.65071400877574, -33.9594570008638], [150.66399000823878, -33.94719100118728], [150.6778680082996, -33.94751699119654], [150.68810300840497, -33.94496199071874], [150.7001500182363, -33.94665700125824], [150.7013139985876, -33.9403160012836], [150.6916662083188, -33.93969998130858], [150.69384222887257, -33.92685229070399], [150.70532151871564, -33.914615300669546]]]}}, {"type": "Feature", "properties": {"postcode": "2747", "name": "Claremont Meadows", "region": "Western Sydney", "flexibleExport": 52.4, "networkVisibility": 49.9, "connectionAssessment": 52.2, "derOrchestration": 67.7, "composite": 55.5, "solarKwTotal": 62428.38, "solarGrowthPct": -4.489164086687306, "batteryInstalls": 1367.0, "meanAvailableKva": 1099.7600813953488, "distSubstationCount": 465}, "geometry": {"type": "Polygon", "coordinates": [[[150.76754799810968, -33.765734990849786], [150.76345002841228, -33.7604010012555], [150.76644298856348, -33.75832101140533], [150.76376699806195, -33.749722001027024], [150.75856899818, -33.74920600102551], [150.7595820184445, -33.74455701121916], [150.75367401800972, -33.74468099084791], [150.75252601868732, -33.73990200099117], [150.75920299856483, -33.7415100014743], [150.76178807866128, -33.73520128086386], [150.76732800878142, -33.73565199108009], [150.76903098818465, -33.733082990844956], [150.77877900887955, -33.740023011265706], [150.7796059880487, -33.73348799103558], [150.77538800881922, -33.73428801095477], [150.7772269886649, -33.729828011425234], [150.7750769985931, -33.72951900087371], [150.77966799875273, -33.727345991299835], [150.77791800871404, -33.72406900147224], [150.78005500824847, -33.72491900100325], [150.78359729807744, -33.722108870833814], [150.78211400886343, -33.71970400082765], [150.81351598865234, -33.723878001179685], [150.8167449982125, -33.70716801082713], [150.78498097849942, -33.702769001487354], [150.78617386843322, -33.69106045106121], [150.78424692824987, -33.69390469111874], [150.77442302865956, -33.69246800139039], [150.77733101806635, -33.68948201110096], [150.76304699836174, -33.68743300137593], [150.7622200182943, -33.69153301096828], [150.7580009781545, -33.690945001447595], [150.7571070188012, -33.6952879911254], [150.7449380285341, -33.69369699082629], [150.74650497874887, -33.68593001118597], [150.74022299798324, -33.687024000986256], [150.73921351887762, -33.68297815133696], [150.72781609879465, -33.690030200854245], [150.72742215879643, -33.697408221242405], [150.72219546852102, -33.70996134119056], [150.72616440870254, -33.71778432119778], [150.71827715828712, -33.73230627145121], [150.70982043886372, -33.76413054085872], [150.71193502812673, -33.77568322122024], [150.71465627844728, -33.77366361135494], [150.74065533826484, -33.77763871079871], [150.7393281681624, -33.783237271334784], [150.76507949867576, -33.78342051111165], [150.76644897852984, -33.78075699112661], [150.758973998236, -33.77523500108986], [150.76114399828072, -33.769924000793374], [150.76425798845017, -33.76753600097507], [150.76716098861388, -33.76865799101951], [150.76754799810968, -33.765734990849786]]]}}, {"type": "Feature", "properties": {"postcode": "2748", "name": "Orchard Hills", "region": "Western Sydney", "flexibleExport": 10.3, "networkVisibility": 37.6, "connectionAssessment": 25.0, "derOrchestration": 21.1, "composite": 23.5, "solarKwTotal": 4035.56, "solarGrowthPct": -13.725490196078432, "batteryInstalls": 41.0, "meanAvailableKva": 6496.651461538461, "distSubstationCount": 102}, "geometry": {"type": "Polygon", "coordinates": [[[150.6834410081003, -33.83859284127332], [150.77895497806398, -33.82726000084942], [150.77618743845517, -33.822153571145684], [150.77550385825322, -33.81209355072743], [150.76837248804713, -33.80157147115741], [150.7710453488182, -33.78407782128418], [150.7393281681624, -33.783237271334784], [150.74065533826484, -33.77763871079871], [150.71465627844728, -33.77366361135494], [150.71193502812673, -33.77568322122024], [150.7106806287488, -33.78012353139668], [150.7005791784818, -33.78942485116523], [150.6949426686889, -33.80886476097261], [150.68529827854346, -33.82105554130169], [150.6834410081003, -33.83859284127332]]]}}, {"type": "Feature", "properties": {"postcode": "2749", "name": "Cranebrook", "region": "Western Sydney", "flexibleExport": 45.4, "networkVisibility": 44.9, "connectionAssessment": 56.6, "derOrchestration": 53.2, "composite": 50.0, "solarKwTotal": 21569.22, "solarGrowthPct": 11.11111111111111, "batteryInstalls": 383.0, "meanAvailableKva": 158.23380116959063, "distSubstationCount": 187}, "geometry": {"type": "Polygon", "coordinates": [[[150.72763681842014, -33.69600858151031], [150.72806185809344, -33.68862133095336], [150.71504073852427, -33.686236880863135], [150.71623092812231, -33.681534041490515], [150.69630061866619, -33.67804951129244], [150.69770808827357, -33.67183856103006], [150.69995984848393, -33.67200199115635], [150.70400904864448, -33.65128458150196], [150.7091849284109, -33.648256501302434], [150.68459064864467, -33.64468803104441], [150.67897504803835, -33.64284264117312], [150.6800769080911, -33.641114921166924], [150.67308982798087, -33.63978618110848], [150.66624081803153, -33.654087100971054], [150.66714386833553, -33.6664320414964], [150.66075300816425, -33.66975411151321], [150.6578891781401, -33.67703114080578], [150.65893797830233, -33.706845001035035], [150.65341599831825, -33.72196099111802], [150.66153600851197, -33.733811001447556], [150.66527601843322, -33.72622201119465], [150.71757299858032, -33.735100421484056], [150.7261024986098, -33.71803326101634], [150.72219546852102, -33.70996134119056], [150.72763681842014, -33.69600858151031]]]}}, {"type": "Feature", "properties": {"postcode": "2750", "name": "Emu Plains", "region": "Western Sydney", "flexibleExport": 48.3, "networkVisibility": 68.0, "connectionAssessment": 56.7, "derOrchestration": 49.4, "composite": 55.6, "solarKwTotal": 51375.74, "solarGrowthPct": 33.46751006325475, "batteryInstalls": 891.0, "meanAvailableKva": 1099.0767037671233, "distSubstationCount": 651}, "geometry": {"type": "Polygon", "coordinates": [[[150.710258468176, -33.768035540985764], [150.71757299858032, -33.735100421484056], [150.66527601843322, -33.72622201119465], [150.66153600851197, -33.733811001447556], [150.65341599831825, -33.72196099111802], [150.6553477588614, -33.71686536123934], [150.64967189836742, -33.71603139122659], [150.64843903879347, -33.72185238075711], [150.64405316803064, -33.721212450798255], [150.64248026827377, -33.730184430741936], [150.64703824816021, -33.730849381048934], [150.64627626839012, -33.73442637134254], [150.644155328038, -33.734116380771965], [150.64057102849478, -33.74803330138226], [150.64492558847837, -33.75196431085624], [150.64172570858796, -33.75758800100502], [150.64286994846088, -33.77449237139236], [150.64015507887382, -33.779662400797775], [150.64347299829092, -33.780098000869174], [150.65990901849693, -33.76471642114832], [150.68157899814562, -33.77967800083449], [150.7037673488325, -33.78552256111622], [150.7112656188484, -33.779067540973], [150.710258468176, -33.768035540985764]]]}}, {"type": "Feature", "properties": {"postcode": "2752", "name": "Postcode 2752", "region": "Western Sydney", "flexibleExport": 60.9, "networkVisibility": 67.5, "connectionAssessment": 28.5, "derOrchestration": 44.7, "composite": 50.4, "solarKwTotal": 12486.24, "solarGrowthPct": 87.31343283582089, "batteryInstalls": 188.0, "meanAvailableKva": 1958.140220183486, "distSubstationCount": 126}, "geometry": {"type": "Polygon", "coordinates": [[[150.6270870187378, -33.93539200068382], [150.63426418865035, -33.92904237118183], [150.62955233813557, -33.92858746117835], [150.6306049983585, -33.92363197102846], [150.62863468841158, -33.92335349061677], [150.63127071825602, -33.9090555606291], [150.62250206873162, -33.90703551062531], [150.62761998829757, -33.89988900076198], [150.62729199811594, -33.89744500063204], [150.6238789983143, -33.89694700070348], [150.62698400892415, -33.8790809909081], [150.61010297859778, -33.88005500111652], [150.6117053287229, -33.872692350936866], [150.59645738887068, -33.88414433115943], [150.55754973874454, -33.905342651241654], [150.56389299898555, -33.91137900059243], [150.56827598885127, -33.91166901069861], [150.56707998894993, -33.917513010814794], [150.57020000861164, -33.9189139906147], [150.5693750084311, -33.921084010717415], [150.5348729785293, -33.933140990890465], [150.53696497875623, -33.938223000820685], [150.54545698849563, -33.93832401056589], [150.54840600845304, -33.93624799113999], [150.54910899855335, -33.94417800073858], [150.55599800868566, -33.947663990854814], [150.55380800854945, -33.95433900102458], [150.5460009884687, -33.95818700077779], [150.59911301815794, -33.965163990627886], [150.6010019982324, -33.9660600007249], [150.59995499829398, -33.97136601079359], [150.60312899861935, -33.97179700094659], [150.60507999838094, -33.96209601086405], [150.61223297845956, -33.961783011155475], [150.61293501814225, -33.95825800091682], [150.62148302885652, -33.95973700090766], [150.61802300853793, -33.95257400079654], [150.6270870187378, -33.93539200068382]]]}}, {"type": "Feature", "properties": {"postcode": "2753", "name": "Richmond", "region": "Western Sydney", "flexibleExport": 38.5, "networkVisibility": 64.9, "connectionAssessment": 50.0, "derOrchestration": 31.5, "composite": 46.2, "solarKwTotal": 23662.84, "solarGrowthPct": 41.61676646706587, "batteryInstalls": 388.0, "meanAvailableKva": 614.9990078328982, "distSubstationCount": 430}, "geometry": {"type": "Polygon", "coordinates": [[[150.78828499828415, -33.5956620015173], [150.79222498845905, -33.586018001614526], [150.78359408839694, -33.57951203089978], [150.7696547783179, -33.57664033159023], [150.77179600801907, -33.56682199152143], [150.7687389881066, -33.56604200087714], [150.75627299863694, -33.56545199114356], [150.74199401848102, -33.570513000957185], [150.73382027825352, -33.57986657140642], [150.70455599868504, -33.595875001198785], [150.69098909868185, -33.58621863101302], [150.68898845801758, -33.58100145121599], [150.68634658822546, -33.5801054208567], [150.6874144380616, -33.57377694111707], [150.68182898850944, -33.575103000862896], [150.6824110186601, -33.57210101136785], [150.67762699839375, -33.569117991345095], [150.67778602804677, -33.56641699155838], [150.67426300797902, -33.56867000097519], [150.65824100871103, -33.565221001106], [150.65454442874048, -33.56494445119044], [150.65407200832584, -33.56723501136731], [150.64785401815118, -33.5663959911592], [150.6465380087178, -33.563213001095235], [150.6432209983958, -33.56271599129877], [150.6445609883557, -33.55484800118516], [150.6410540283686, -33.55733601101971], [150.6376989887673, -33.556366001281184], [150.62941899850298, -33.54608901129263], [150.62642001874107, -33.54565699096794], [150.62800301825663, -33.55047600084849], [150.61038880814812, -33.546821510997404], [150.60953992805238, -33.551262550986905], [150.59919699806056, -33.549920001224066], [150.5975060282344, -33.552603000923035], [150.5994449779948, -33.554510001262955], [150.59707598853822, -33.56703101145146], [150.60094498844944, -33.56754299126218], [150.6002230187438, -33.5713490014819], [150.6049459688423, -33.57199400135542], [150.60382202819983, -33.5779520009406], [150.609431998166, -33.58524000142019], [150.60762298881315, -33.58957599127714], [150.61064098860456, -33.593027001427615], [150.6077200086605, -33.59484999110553], [150.60740701854743, -33.600158991412336], [150.61822700875237, -33.60439499106007], [150.61652748876128, -33.60753406109934], [150.61888301876002, -33.610887001398034], [150.6289409986521, -33.61134400149391], [150.62775901875747, -33.61509900100595], [150.61595345810824, -33.614152211451696], [150.6061318887477, -33.662729861234126], [150.61541975821814, -33.66506870098662], [150.6159967083959, -33.662055701403325], [150.63283441836603, -33.663132461177995], [150.63370329855326, -33.65866846148008], [150.65755597862824, -33.661677171304405], [150.6536103587114, -33.68475219148061], [150.65897527814954, -33.685494111443184], [150.65894107838838, -33.673076130971694], [150.66714386833553, -33.6664320414964], [150.66624081803153, -33.654087100971054], [150.67308982798087, -33.63978618110848], [150.6800769080911, -33.641114921166924], [150.67897504803835, -33.64284264117312], [150.68459064864467, -33.64468803104441], [150.7091849284109, -33.648256501302434], [150.70400904864448, -33.65128458150196], [150.69716244887508, -33.67885209152507], [150.71623092812231, -33.681534041490515], [150.71504073852427, -33.686236880863135], [150.72781609879465, -33.690030200854245], [150.73707078809167, -33.68449700110127], [150.78586456859946, -33.641734891084404], [150.78214788882434, -33.63751725154676], [150.7708339087565, -33.63367959135751], [150.7722300281503, -33.62718500148843], [150.77993795866527, -33.63318297103388], [150.77881313857213, -33.630812000854604], [150.78155362811114, -33.629981400973996], [150.78172210804098, -33.61603797088294], [150.7745281081916, -33.60995593112216], [150.78193107863396, -33.60688332135392], [150.79945698794324, -33.6087969909246], [150.78828499828415, -33.5956620015173]]]}}, {"type": "Feature", "properties": {"postcode": "2754", "name": "North Richmond", "region": "Western Sydney", "flexibleExport": 47.8, "networkVisibility": 65.4, "connectionAssessment": 46.3, "derOrchestration": 41.1, "composite": 50.1, "solarKwTotal": 12605.04, "solarGrowthPct": 39.1578947368421, "batteryInstalls": 223.0, "meanAvailableKva": 796.4848079470199, "distSubstationCount": 173}, "geometry": {"type": "Polygon", "coordinates": [[[150.70455599868504, -33.595875001198785], [150.73382027825352, -33.57986657140642], [150.7415199882854, -33.57075300125583], [150.75969600836578, -33.56508000161443], [150.75537951808568, -33.551694161476256], [150.76158089841073, -33.55206906098402], [150.76231790860916, -33.548359920970775], [150.7579242979619, -33.54586490089245], [150.75192128810943, -33.547227570895295], [150.75318261798972, -33.53946438119626], [150.74654800805095, -33.53853200110525], [150.7476189983973, -33.532610001423556], [150.7543736079867, -33.53349903133642], [150.75567231856266, -33.527000230902516], [150.76044187864787, -33.525174091353115], [150.765441798213, -33.52635217144274], [150.76607999822178, -33.52303399134985], [150.75105601825132, -33.51921900138033], [150.7473409788, -33.520730001107836], [150.74607500822293, -33.51860100114522], [150.7407230083552, -33.520248000893574], [150.73583098813378, -33.51730301095274], [150.72876601869854, -33.52586801137099], [150.72178797833504, -33.52704100100424], [150.70612867835462, -33.5233963911429], [150.7028409782637, -33.52858801158054], [150.6999365982877, -33.5271027009148], [150.69193999864774, -33.528789011052375], [150.69020397831008, -33.53428401151889], [150.70078996816318, -33.54264100096499], [150.71127002867814, -33.53883900138971], [150.71550267829448, -33.534369311272485], [150.71918800866274, -33.539711001352835], [150.72348420869554, -33.53990242095574], [150.71884498876813, -33.542631001017675], [150.72812481831676, -33.547137661454514], [150.72641198798806, -33.55409599151633], [150.72273697836414, -33.55393900119421], [150.72249699792755, -33.55660400095926], [150.71755200854543, -33.55736200151486], [150.71006202818296, -33.55086400106277], [150.7109928184629, -33.54913886145787], [150.7079239982809, -33.549432991210416], [150.7058720081184, -33.55269401116084], [150.7075150186882, -33.55456301105253], [150.70281911865962, -33.55762144115973], [150.70643611867578, -33.561152340926355], [150.70359754837915, -33.56439657122861], [150.6981009781412, -33.560180991435914], [150.697525958443, -33.563626951423835], [150.68493297863319, -33.56199299153539], [150.68567002835752, -33.564832000967975], [150.68200750801088, -33.566672871012116], [150.68182898850944, -33.575103000862896], [150.6874144380616, -33.57377694111707], [150.68634658822546, -33.5801054208567], [150.70147499824606, -33.59477901087914], [150.70455599868504, -33.595875001198785]]]}}, {"type": "Feature", "properties": {"postcode": "2756", "name": "Cattai", "region": "Western Sydney", "flexibleExport": 25.5, "networkVisibility": 51.9, "connectionAssessment": 55.4, "derOrchestration": 25.6, "composite": 39.6, "solarKwTotal": 54783.35, "solarGrowthPct": 15.966386554621847, "batteryInstalls": 790.0, "meanAvailableKva": 547.3182303433001, "distSubstationCount": 1040}, "geometry": {"type": "Polygon", "coordinates": [[[150.8727172682579, -33.29597237148822], [150.85315899787338, -33.29316500110397], [150.85479200839742, -33.28511300173331], [150.8743840078259, -33.287945001625424], [150.8808140282554, -33.25664999124834], [150.8863047585457, -33.25745508149793], [150.88777169842152, -33.2503590711192], [150.87532599830084, -33.246588991725865], [150.8657249985803, -33.22658400183418], [150.86118698824268, -33.22733700170714], [150.85896698796918, -33.22450201155687], [150.85547999842913, -33.22724700128504], [150.85125198861127, -33.22272399147558], [150.84516797856799, -33.22332400127185], [150.8542919980255, -33.172064001599786], [150.84456700833783, -33.170668011266024], [150.84651300807658, -33.160838991469376], [150.85882200796718, -33.162555001882936], [150.8611660080892, -33.160661011337496], [150.8598679883177, -33.156006001476065], [150.86591297824, -33.15787500151572], [150.86754200832902, -33.153240011533875], [150.86048096812488, -33.1438470016805], [150.8660180182462, -33.138280001788125], [150.86564400827092, -33.13138100155347], [150.86979598827645, -33.129602001356346], [150.87691002818408, -33.13336799157365], [150.8764259979427, -33.12761901183123], [150.88116898855674, -33.12637901126332], [150.88626099801496, -33.119866011336676], [150.87352800858162, -33.11436699168279], [150.8707160077561, -33.106971011825664], [150.87245501768706, -33.10434501176534], [150.86625800856424, -33.102228001548276], [150.85874597815481, -33.094131011385166], [150.85373500841337, -33.094065001309545], [150.8514459780002, -33.09763200154489], [150.84703499842692, -33.09807099183448], [150.84825098853818, -33.09281200160099], [150.85171600798137, -33.08999800140885], [150.84878801848305, -33.08736201167401], [150.85323601852753, -33.083388001443986], [150.8490450085195, -33.079946011849394], [150.84836001796256, -33.07453300148358], [150.8557139978826, -33.07034301173048], [150.8517569981078, -33.06459700132002], [150.85694700837354, -33.064184011967065], [150.85895899835307, -33.06107501153631], [150.8533859985524, -33.05931601126267], [150.85514098771563, -33.05631599123456], [150.8532279884872, -33.05271201153398], [150.84707900779097, -33.052324011582115], [150.85251798793442, -33.04897099182499], [150.85753301806093, -33.050017001713805], [150.85445000809065, -33.046172001552655], [150.84975398768785, -33.04581900155622], [150.85121299813463, -33.041984001365236], [150.85795699772223, -33.043077001531074], [150.8578719883502, -33.03990100170134], [150.85282399813758, -33.03697300173365], [150.8553119883182, -33.03260001125828], [150.85139600831425, -33.03025600154221], [150.84654800823662, -33.035387001567], [150.84299600851782, -33.0332970016922], [150.83848198768982, -33.034586001944994], [150.83526198823202, -33.030523001538256], [150.83016600822026, -33.033098991792535], [150.82611599777925, -33.02563400188945], [150.81849600783897, -33.02365300194011], [150.81744900790062, -33.01861501176212], [150.82067600792945, -33.01716100142632], [150.81978598768868, -33.014583011707174], [150.81476599796343, -33.01575800172735], [150.81214898814852, -33.01177500136891], [150.80568100850843, -33.01036701197709], [150.80478700783257, -33.006045001286616], [150.76383170820344, -33.000321541289956], [150.75801499816114, -33.03079600164557], [150.67410707841196, -33.01953981185706], [150.6713922483508, -33.024074281884324], [150.6724196183036, -33.02680995177731], [150.67903417784527, -33.027715491360134], [150.68228818841806, -33.032182461579254], [150.6820948179683, -33.044742911839506], [150.6966146283671, -33.04177780141646], [150.7053921083307, -33.04463728127881], [150.7051981782305, -33.05519432159684], [150.7072061985548, -33.05864331164406], [150.71591217801168, -33.06446025186317], [150.7180591784902, -33.06865324161745], [150.72788106854924, -33.07202314172751], [150.6302381686173, -33.0585860717007], [150.6296412084666, -33.06155610155936], [150.61074950778587, -33.066057301676025], [150.61160955843215, -33.0708653014551], [150.60821658836636, -33.0706583418276], [150.60561369827104, -33.07394838181304], [150.61417455848704, -33.073464271700395], [150.6097537477513, -33.08367035148176], [150.61354576833094, -33.08918733136435], [150.60707785786104, -33.089652401611694], [150.61233477824248, -33.09266037122392], [150.6108428382523, -33.09886645154795], [150.60161501846372, -33.10062658153395], [150.6058669378412, -33.10311455175667], [150.61747481792398, -33.10386245132621], [150.61974080834665, -33.11000949132306], [150.60990594841155, -33.10842056179248], [150.60944696859025, -33.11348562180217], [150.61235692800244, -33.11530261163359], [150.61224297850532, -33.11889663133709], [150.60815300830546, -33.11988068170814], [150.60603516803943, -33.12499273147971], [150.60168516790424, -33.1226537517011], [150.5984942684717, -33.12539481177552], [150.61050925785474, -33.13503473164735], [150.61179931855273, -33.138926721174315], [150.60987842852288, -33.143361771467056], [150.60470656781905, -33.14727583152102], [150.5967946083435, -33.14493392164135], [150.59286369833944, -33.1475819714127], [150.5865697879469, -33.14769204149622], [150.58978587793658, -33.16027708165537], [150.5847149681078, -33.16215514179337], [150.5855630082787, -33.16602515135667], [150.58360105805374, -33.168123181159615], [150.569691237869, -33.168029351070096], [150.57319403865637, -33.15869827120751], [150.5698361082765, -33.15589727146055], [150.56424321797883, -33.16203637112593], [150.55493731842242, -33.16168548163251], [150.55515138785293, -33.167363521652675], [150.55192847785352, -33.17076857130396], [150.55575148851386, -33.1752695517602], [150.55235359837525, -33.18372662131056], [150.5439697278298, -33.185040731164484], [150.54292074800446, -33.18867778158236], [150.53899981828332, -33.1877968114537], [150.53649886810814, -33.19207288140228], [150.53129093824904, -33.19128592135826], [150.52384205850578, -33.19443501132504], [150.5303160281122, -33.19822995137216], [150.53326215818936, -33.21061300132408], [150.5416001086542, -33.21463790167006], [150.54433713788265, -33.22095288135465], [150.53151230828792, -33.22423009102473], [150.5299014178794, -33.23332116145009], [150.52569950861204, -33.2389662315224], [150.53314951843592, -33.24017611154518], [150.54392862810886, -33.25599280141217], [150.54922758784897, -33.257328721649955], [150.55501148872213, -33.254184631715944], [150.5603894678679, -33.25691856131502], [150.56257851848486, -33.26529952147683], [150.55429367821625, -33.26566162150505], [150.55320272820265, -33.27483170159058], [150.55739471827255, -33.280643701174135], [150.57556050833853, -33.2896185915906], [150.56611164819282, -33.290836701340766], [150.56075570831428, -33.28892274125921], [150.55750279817767, -33.290776801484164], [150.55683480823748, -33.29402584170459], [150.56522473791952, -33.29810777108743], [150.5667157984591, -33.306303771390134], [150.5603189887456, -33.312406851563246], [150.55150704850934, -33.31116296142705], [150.552361108291, -33.316722951202664], [150.55960106864526, -33.32030986161533], [150.58426678873107, -33.32246656101066], [150.58558680824387, -33.325330541206434], [150.5820299180966, -33.330692581492364], [150.591555908491, -33.3393004712125], [150.589908988453, -33.34317747145566], [150.58246006828554, -33.3433646011297], [150.58095101808416, -33.35150401130619], [150.59263802806532, -33.362943001599504], [150.61342097796486, -33.37269500140243], [150.62580400801812, -33.3743740015524], [150.62999697815007, -33.380892001005485], [150.63493498852074, -33.38340600127051], [150.65757600836412, -33.373745001539575], [150.66526097794042, -33.37403601133732], [150.66025499834038, -33.38067699117234], [150.66395201848545, -33.40262300110223], [150.65512799860355, -33.45103401156968], [150.67449299825128, -33.45022201154225], [150.70093998861233, -33.44211499137036], [150.71677572849433, -33.442168401347885], [150.72518401794414, -33.43471100102275], [150.72508097848618, -33.432054011455556], [150.73404299846024, -33.43687699133703], [150.7477369983981, -33.43598600132401], [150.75115697810952, -33.437761001387365], [150.76426799837733, -33.43243000131372], [150.76860601858, -33.42917300103497], [150.76863401816902, -33.426432011085424], [150.77697900873073, -33.42932300107475], [150.77599102810652, -33.436490361593926], [150.79361778857782, -33.43850720139499], [150.79500496793784, -33.43073699167885], [150.80101100870604, -33.424790001169086], [150.80713997853098, -33.42788300153784], [150.80934100818226, -33.42452800098373], [150.81314700834434, -33.42645700102845], [150.8137500186485, -33.42497800116395], [150.8285720187155, -33.432211001016704], [150.82515400811118, -33.4344490015463], [150.82792650821696, -33.43590722100466], [150.8308752380185, -33.43330385142267], [150.85629905805072, -33.443827521412935], [150.85588499848512, -33.446110991126986], [150.84454999873793, -33.44943000136699], [150.84267597830794, -33.45353201144054], [150.83789998808186, -33.45520400156445], [150.8371369986054, -33.46270299158423], [150.84583946834454, -33.464147601310266], [150.84376860817116, -33.47461461115379], [150.8470319980539, -33.47435100129958], [150.84557999805958, -33.481644001573805], [150.85147101853875, -33.48112600147153], [150.86566699795563, -33.4852610110798], [150.86680700856022, -33.49362600163996], [150.86347802818707, -33.49315901102566], [150.86432098838506, -33.49693900126404], [150.86213000818688, -33.49811901125392], [150.86117001816862, -33.504196001091465], [150.86812600848512, -33.50765799108712], [150.86696300819582, -33.51159000117096], [150.85992500798207, -33.51416800095538], [150.85183298839425, -33.51136301133679], [150.85125398826105, -33.50681301136366], [150.84639697808123, -33.50617100120515], [150.8487270282651, -33.50400101109087], [150.83507200802413, -33.5023110011978], [150.8333550086143, -33.51140101154075], [150.82508498875129, -33.511308011189456], [150.8231500086461, -33.515496001014654], [150.8151030081288, -33.514930991053035], [150.81369001837402, -33.52337400158003], [150.807151988108, -33.52433900093461], [150.8002809784174, -33.51747500095897], [150.77717402848734, -33.51529899106588], [150.7762429184071, -33.52016873097633], [150.7662734881475, -33.522061321415514], [150.765441798213, -33.52635217144274], [150.76044187864787, -33.525174091353115], [150.75567231856266, -33.527000230902516], [150.7543736079867, -33.53349903133642], [150.7476189983973, -33.532610001423556], [150.74654800805095, -33.53853200110525], [150.75318261798972, -33.53946438119626], [150.75192128810943, -33.547227570895295], [150.7579242979619, -33.54586490089245], [150.76231790860916, -33.548359920970775], [150.76158089841073, -33.55206906098402], [150.75537951808568, -33.551694161476256], [150.75825319813686, -33.56449560155692], [150.77179600801907, -33.56682199152143], [150.7696547783179, -33.57664033159023], [150.78359408839694, -33.57951203089978], [150.79222498845905, -33.586018001614526], [150.78810172849145, -33.59602374127338], [150.7994039882398, -33.60803999118651], [150.79378999831275, -33.60923100110974], [150.78193107863396, -33.60688332135392], [150.7745281081916, -33.60995593112216], [150.78172210804098, -33.61603797088294], [150.78155362811114, -33.629981400973996], [150.77881313857213, -33.630812000854604], [150.77993795866527, -33.63318297103388], [150.7722300281503, -33.62718500148843], [150.7708339087565, -33.63367959135751], [150.78214788882434, -33.63751725154676], [150.78784520827384, -33.64341936102639], [150.79643821829552, -33.66018426155363], [150.81314685832572, -33.67777304143353], [150.8191357781029, -33.67520606155261], [150.8141521387056, -33.6725532513625], [150.8134390084224, -33.66757205136258], [150.81811085875418, -33.66169800120631], [150.82658465874448, -33.65809590093083], [150.82792399832405, -33.65256799154448], [150.83041000861772, -33.65254500136917], [150.82619889880525, -33.64238757158811], [150.84126758882573, -33.63496364155732], [150.83736938827786, -33.62762883138954], [150.83942185814067, -33.626552961143446], [150.83576342872195, -33.62552144086421], [150.83746523851863, -33.622843731347444], [150.83613087830068, -33.62049514095663], [150.84158612873054, -33.62525252090435], [150.8443847284886, -33.62389163088456], [150.84330877854356, -33.62126553121244], [150.84770461880936, -33.61634919159426], [150.85130589830808, -33.61510925140099], [150.84992400822844, -33.613846001100434], [150.8579531682042, -33.61472243093042], [150.8555831888042, -33.61255856137954], [150.85809065805336, -33.60897478099941], [150.85536498802168, -33.60762001123173], [150.85748501838037, -33.607208991480036], [150.85730959806665, -33.60414785157411], [150.86319981814694, -33.59605103107331], [150.87674876801412, -33.60170450111455], [150.8753559984381, -33.60699101157461], [150.8855719883954, -33.61426500138129], [150.89034300824304, -33.620717010962565], [150.8950139881073, -33.61271000105439], [150.90546426857225, -33.60412813153093], [150.90983101869418, -33.58762400106306], [150.89199999839528, -33.58606000109265], [150.8915540082129, -33.5811500013991], [150.88882997850493, -33.58076500134753], [150.88965191812528, -33.57279836129062], [150.89414608798208, -33.57066328096656], [150.9036409787013, -33.574470001622046], [150.90469900815475, -33.57254501108748], [150.91237400822806, -33.57398800095411], [150.91308601831216, -33.57052399166064], [150.9171629880931, -33.571103001555706], [150.92033001839025, -33.56786140121935], [150.91862999803752, -33.56249199139905], [150.926355988283, -33.55871200156386], [150.9292490180454, -33.561498011548714], [150.9329400086983, -33.55972600118536], [150.9350749987014, -33.564500001438404], [150.94133000844897, -33.565296001283265], [150.94670897843645, -33.54217899111052], [150.950951008261, -33.543312011556345], [150.9509130086262, -33.54669801125239], [150.95785099850104, -33.55066400146318], [150.96146800839867, -33.54688501160688], [150.96441001790367, -33.54872899157401], [150.9657759880398, -33.5442960010082], [150.97530161820976, -33.54220127098227], [150.97924499862654, -33.53816801147924], [150.97562200864408, -33.53222200162265], [150.97963299806577, -33.532366001319645], [150.98190701852877, -33.508411001729435], [150.99371699799087, -33.51027301143001], [151.00236099818477, -33.505622001085655], [151.0132369785847, -33.50794800152405], [151.02094898834943, -33.50578500108625], [151.02330695817238, -33.500749501541655], [151.02188783831411, -33.49652336140169], [151.02522499784794, -33.496825011516655], [151.02813499858263, -33.49148600155733], [151.02455598831986, -33.48544900138682], [151.02632733849936, -33.47275676135055], [151.0245434684997, -33.46871979135806], [151.01665136808012, -33.46631730118117], [151.01997545802485, -33.4550929315855], [151.01041402819428, -33.45115700103513], [151.01090400797779, -33.44407300115106], [151.01488399833562, -33.444648991420024], [151.01520800808217, -33.43711500112777], [151.00385800826638, -33.43545000137828], [151.00695400787566, -33.42847899135917], [150.99594301787502, -33.42797500137088], [150.9989590180167, -33.42303700137258], [150.998287268627, -33.409906121139436], [150.9935246381458, -33.409249541282406], [150.99306897849775, -33.41148301148434], [150.9790649780402, -33.40948099118446], [150.97985699837173, -33.41232300151357], [150.9730090080102, -33.41706000160833], [150.97184699856265, -33.42036401176538], [150.96799599819474, -33.41993199149722], [150.96709100842807, -33.4294300016794], [150.97011200859257, -33.42987101155155], [150.9709762184386, -33.44037708103289], [150.95451511816822, -33.443423741483784], [150.93802182856615, -33.437623411092794], [150.9407839980462, -33.43350700174679], [150.93693799859946, -33.431590011628856], [150.93929001798205, -33.427931011078805], [150.93161508797732, -33.42606202158679], [150.93510500782182, -33.415702011327646], [150.92637201782094, -33.406916001458654], [150.87695834856322, -33.402679041398905], [150.87730498866839, -33.40048000164811], [150.8700759778791, -33.39940001165798], [150.87151199864118, -33.39258700110399], [150.85198300794505, -33.38935801107733], [150.8727172682579, -33.29597237148822]]]}}, {"type": "Feature", "properties": {"postcode": "2757", "name": "Postcode 2757", "region": "Western Sydney", "flexibleExport": 33.9, "networkVisibility": 45.7, "connectionAssessment": 51.4, "derOrchestration": 31.5, "composite": 40.6, "solarKwTotal": 1594.89, "solarGrowthPct": 16.666666666666664, "batteryInstalls": 30.0, "meanAvailableKva": 76.75678571428571, "distSubstationCount": 31}, "geometry": {"type": "Polygon", "coordinates": [[[150.7109928184629, -33.54913886145787], [150.71006202818296, -33.55086400106277], [150.71755200854543, -33.55736200151486], [150.72641198798806, -33.55409599151633], [150.72812481831676, -33.547137661454514], [150.71884498876813, -33.542631001017675], [150.72348420869554, -33.53990242095574], [150.71918800866274, -33.539711001352835], [150.71550267829448, -33.534369311272485], [150.7026590280962, -33.54264000141953], [150.69621399861492, -33.53783901160295], [150.69404060832832, -33.5446179811461], [150.6835087186148, -33.54329260105656], [150.67433899826554, -33.55371500099005], [150.679829008107, -33.55447300144364], [150.6786449782568, -33.56131700137249], [150.697525958443, -33.563626951423835], [150.6981009781412, -33.560180991435914], [150.70359754837915, -33.56439657122861], [150.70643611867578, -33.561152340926355], [150.70281911865962, -33.55762144115973], [150.7075150186882, -33.55456301105253], [150.7058720081184, -33.55269401116084], [150.7079239982809, -33.549432991210416], [150.7109928184629, -33.54913886145787]]]}}, {"type": "Feature", "properties": {"postcode": "2758", "name": "Kurrajong", "region": "Western Sydney", "flexibleExport": 35.0, "networkVisibility": 53.0, "connectionAssessment": 65.0, "derOrchestration": 23.3, "composite": 44.1, "solarKwTotal": 16213.08, "solarGrowthPct": 47.05882352941176, "batteryInstalls": 315.0, "meanAvailableKva": 51.15022764227643, "distSubstationCount": 407}, "geometry": {"type": "Polygon", "coordinates": [[[150.66502868798102, -33.566217381270135], [150.67426300797902, -33.56867000097519], [150.67778602804677, -33.56641699155838], [150.67762699839375, -33.569117991345095], [150.6808089883353, -33.569521991380306], [150.6816690084388, -33.572017001049566], [150.68200750801088, -33.566672871012116], [150.68567002835752, -33.564832000967975], [150.68520702857523, -33.56241200118563], [150.6786449782568, -33.56131700137249], [150.679829008107, -33.55447300144364], [150.67433899826554, -33.55371500099005], [150.67510097803557, -33.55180601117318], [150.6835087186148, -33.54329260105656], [150.69404060832832, -33.5446179811461], [150.69621399861492, -33.53783901160295], [150.69020397831008, -33.53428401151889], [150.69193999864774, -33.528789011052375], [150.6999365982877, -33.5271027009148], [150.7028409782637, -33.52858801158054], [150.70612867835462, -33.5233963911429], [150.72382701838438, -33.52715600159832], [150.7308162185187, -33.52436411093409], [150.73583098813378, -33.51730301095274], [150.7407230083552, -33.520248000893574], [150.74607500822293, -33.51860100114522], [150.74739499809132, -33.52074101162521], [150.75105601825132, -33.51921900138033], [150.76321901855212, -33.5229330015731], [150.77042287831006, -33.52254933116078], [150.7762429184071, -33.52016873097633], [150.77717402848734, -33.51529899106588], [150.8002809784174, -33.51747500095897], [150.807151988108, -33.52433900093461], [150.8123129782986, -33.523785001197446], [150.8151030081288, -33.514930991053035], [150.8231500086461, -33.515496001014654], [150.82508498875129, -33.511308011189456], [150.8333550086143, -33.51140101154075], [150.83507200802413, -33.5023110011978], [150.8487270282651, -33.50400101109087], [150.84639697808123, -33.50617100120515], [150.85125398826105, -33.50681301136366], [150.85183298839425, -33.51136301133679], [150.85992500798207, -33.51416800095538], [150.86696300819582, -33.51159000117096], [150.86812600848512, -33.50765799108712], [150.86117001816862, -33.504196001091465], [150.86213000818688, -33.49811901125392], [150.86432098838506, -33.49693900126404], [150.86347802818707, -33.49315901102566], [150.86680700856022, -33.49362600163996], [150.86566699795563, -33.4852610110798], [150.85147101853875, -33.48112600147153], [150.84557999805958, -33.481644001573805], [150.8470319980539, -33.47435100129958], [150.84376860817116, -33.47461461115379], [150.84583946834454, -33.464147601310266], [150.8371369986054, -33.46270299158423], [150.83789998808186, -33.45520400156445], [150.84267597830794, -33.45353201144054], [150.84454999873793, -33.44943000136699], [150.85588499848512, -33.446110991126986], [150.85629905805072, -33.443827521412935], [150.8308752380185, -33.43330385142267], [150.82792650821696, -33.43590722100466], [150.82515400811118, -33.4344490015463], [150.8285720187155, -33.432211001016704], [150.8137500186485, -33.42497800116395], [150.81314700834434, -33.42645700102845], [150.80934100818226, -33.42452800098373], [150.80713997853098, -33.42788300153784], [150.80101100870604, -33.424790001169086], [150.79500496793784, -33.43073699167885], [150.79361778857782, -33.43850720139499], [150.77599102810652, -33.436490361593926], [150.77697900873073, -33.42932300107475], [150.76863401816902, -33.426432011085424], [150.76860601858, -33.42917300103497], [150.76426799837733, -33.43243000131372], [150.75115697810952, -33.437761001387365], [150.7477369983981, -33.43598600132401], [150.73404299846024, -33.43687699133703], [150.72508097848618, -33.432054011455556], [150.72518401794414, -33.43471100102275], [150.71690781857032, -33.44213199138631], [150.69962499876678, -33.44231899134158], [150.68603801872203, -33.44778300139913], [150.6559849779099, -33.45166601151343], [150.66395201848545, -33.40262300110223], [150.66025499834038, -33.38067699117234], [150.66510497830484, -33.373801001190856], [150.65757600836412, -33.373745001539575], [150.63493498852074, -33.38340600127051], [150.62999697815007, -33.380892001005485], [150.62580400801812, -33.3743740015524], [150.61100299798602, -33.371809001179315], [150.5923249984265, -33.362770010978686], [150.58099718789651, -33.351441611609275], [150.57827019823964, -33.35174064095364], [150.57472933852864, -33.35787471155858], [150.56660337789452, -33.355688821223225], [150.56664439856362, -33.359677811549524], [150.56072650857593, -33.361106911397414], [150.5590705784357, -33.366021941377674], [150.54711273807445, -33.36879810164088], [150.54172884801415, -33.37617021147106], [150.53626391823715, -33.377515271149846], [150.53429802800133, -33.3820903012955], [150.52621918849542, -33.38755146090781], [150.5292331485631, -33.39084640119155], [150.52184937871166, -33.39328356116571], [150.51834467798744, -33.40913066098942], [150.51107095804647, -33.416239861547986], [150.5011612486853, -33.420858070914505], [150.50034634826346, -33.42864105092366], [150.49455248866707, -33.434599110913574], [150.49260955847168, -33.44067410142066], [150.48359875818093, -33.44571620157736], [150.48643477816046, -33.45407517121828], [150.48313294846847, -33.46101422095249], [150.48312203842931, -33.46893822139129], [150.48668220832573, -33.48508822131892], [150.4784284686306, -33.49238340118956], [150.47727549803142, -33.496713431540876], [150.46381882850008, -33.50117665098756], [150.4615009280304, -33.50613870114051], [150.4574480088445, -33.50686875141646], [150.4539101782526, -33.51180285097326], [150.44735626846733, -33.51167693139377], [150.44456565832542, -33.526782130788426], [150.43873474861348, -33.52596724087718], [150.43723299812206, -33.53354934110629], [150.44025993884554, -33.53394328115958], [150.4394229587324, -33.537347371254846], [150.4301991885491, -33.53792851140996], [150.42943600862978, -33.53320400120375], [150.4340800183743, -33.527666001120146], [150.42735802840951, -33.52057199081766], [150.4168509986732, -33.52819599113698], [150.41027401835476, -33.52923900096698], [150.40661799821757, -33.53847000086181], [150.41030701886507, -33.54821501132556], [150.41580898887617, -33.548975011064506], [150.41546399807785, -33.56300900140849], [150.4262969788201, -33.564636000931074], [150.4287068182659, -33.55354869104645], [150.4388444382995, -33.55509168104699], [150.4470411987545, -33.5644991211627], [150.44801830886541, -33.57229611126918], [150.464817028359, -33.57571681079097], [150.4685890488471, -33.583808781388285], [150.48298570830522, -33.579335521228295], [150.48785666842312, -33.58308346094229], [150.49814842857975, -33.580131281012804], [150.51491313875493, -33.58196404090603], [150.51568707869467, -33.577848011312454], [150.5223538087948, -33.57051794093576], [150.53069865832094, -33.569287840869144], [150.53473252873124, -33.56556877152143], [150.53393346830288, -33.55735876084436], [150.54440126861076, -33.557287591078435], [150.5450803087273, -33.561426601162836], [150.5503652879866, -33.56588049098621], [150.54696137823734, -33.5696465714986], [150.54755340843374, -33.572012561133825], [150.56048414850216, -33.57121536127892], [150.56493112806052, -33.57553030096111], [150.56223125854206, -33.58062536088042], [150.5644964180232, -33.59015941112322], [150.55836864834743, -33.59722852111147], [150.56205777858935, -33.60903748101631], [150.5678096985401, -33.61201337096065], [150.5799434685598, -33.6130501812579], [150.58164860841134, -33.62279615079341], [150.58747940852882, -33.61821805123431], [150.60091713887903, -33.61450783123688], [150.6078530482557, -33.61752171102749], [150.6184030084795, -33.6137810108872], [150.62781000803128, -33.61508700081563], [150.62893402862386, -33.61163099093214], [150.61888301876002, -33.610887001398034], [150.61652748876128, -33.60753406109934], [150.61822700875237, -33.60439499106007], [150.60740701854743, -33.600158991412336], [150.6077200086605, -33.59484999110553], [150.61064098860456, -33.593027001427615], [150.60762298881315, -33.58957599127714], [150.60877397862714, -33.58234801107751], [150.60382202819983, -33.5779520009406], [150.6049459688423, -33.57199400135542], [150.6002230187438, -33.5713490014819], [150.60094498844944, -33.56754299126218], [150.59707598853822, -33.56703101145146], [150.59919699806056, -33.549920001224066], [150.60953992805238, -33.551262550986905], [150.61038880814812, -33.546821510997404], [150.62800301825663, -33.55047600084849], [150.62642001874107, -33.54565699096794], [150.62941899850298, -33.54608901129263], [150.6376989887673, -33.556366001281184], [150.6410540283686, -33.55733601101971], [150.6445609883557, -33.55484800118516], [150.6432209983958, -33.56271599129877], [150.6465380087178, -33.563213001095235], [150.64785401815118, -33.5663959911592], [150.66502868798102, -33.566217381270135]]]}}, {"type": "Feature", "properties": {"postcode": "2759", "name": "Erskine Park", "region": "Western Sydney", "flexibleExport": 61.7, "networkVisibility": 58.7, "connectionAssessment": 40.8, "derOrchestration": 69.9, "composite": 57.8, "solarKwTotal": 34453.81, "solarGrowthPct": 15.405968077723802, "batteryInstalls": 673.0, "meanAvailableKva": 2174.950927184466, "distSubstationCount": 235}, "geometry": {"type": "Polygon", "coordinates": [[[150.81314342855794, -33.8214221010973], [150.8158156685932, -33.81696373105325], [150.81336293818578, -33.81271626122113], [150.81566648806884, -33.807692900955765], [150.81434843856147, -33.798287871160646], [150.8104180882079, -33.79421378092803], [150.81148519873054, -33.79112160145687], [150.7710453488182, -33.78407782128418], [150.76837248804713, -33.80157147115741], [150.77550385825322, -33.81209355072743], [150.77618743845517, -33.822153571145684], [150.77895497806398, -33.82726000084942], [150.81314342855794, -33.8214221010973]]]}}, {"type": "Feature", "properties": {"postcode": "2760", "name": "Colyton", "region": "Western Sydney", "flexibleExport": 47.9, "networkVisibility": 65.3, "connectionAssessment": 52.8, "derOrchestration": 51.0, "composite": 54.2, "solarKwTotal": 33514.92, "solarGrowthPct": 22.852875280059745, "batteryInstalls": 536.0, "meanAvailableKva": 1604.2928559782608, "distSubstationCount": 411}, "geometry": {"type": "Polygon", "coordinates": [[[150.79733520856468, -33.73258196145684], [150.78374935860052, -33.72123374147661], [150.78005500824847, -33.72491900100325], [150.77791800871404, -33.72406900147224], [150.77966799875273, -33.727345991299835], [150.77544498805938, -33.72781201082255], [150.7772269886649, -33.729828011425234], [150.77538800881922, -33.73428801095477], [150.7796059880487, -33.73348799103558], [150.77877900887955, -33.740023011265706], [150.76903098818465, -33.733082990844956], [150.76732800878142, -33.73565199108009], [150.76178807866128, -33.73520128086386], [150.75920299856483, -33.7415100014743], [150.75241198834178, -33.74006500136455], [150.75367401800972, -33.74468099084791], [150.75955299836917, -33.74451299081491], [150.75856899818, -33.74920600102551], [150.76376096856976, -33.74971399101064], [150.76643400810565, -33.7582560011302], [150.76345002841228, -33.7604010012555], [150.76801197885226, -33.76749801133012], [150.76119297802325, -33.76987200096204], [150.7590189984418, -33.77641101129811], [150.76640200831855, -33.780699990806575], [150.76507949867576, -33.78342051111165], [150.81148519873054, -33.79112160145687], [150.8100749084132, -33.78387846100642], [150.80336522806275, -33.77708437077131], [150.80200804883992, -33.77003582104614], [150.7926826980626, -33.75840973109009], [150.79302013852094, -33.753484311290045], [150.78882895873136, -33.75119048117921], [150.78915117813554, -33.74678459105636], [150.78411691867203, -33.74207939116106], [150.79733520856468, -33.73258196145684]]]}}, {"type": "Feature", "properties": {"postcode": "2761", "name": "Rooty Hill", "region": "Western Sydney", "flexibleExport": 62.5, "networkVisibility": 58.7, "connectionAssessment": 49.1, "derOrchestration": 77.7, "composite": 62.0, "solarKwTotal": 45542.2, "solarGrowthPct": 4.826616682286786, "batteryInstalls": 1056.0, "meanAvailableKva": 1120.8276092436975, "distSubstationCount": 259}, "geometry": {"type": "Polygon", "coordinates": [[[150.86525611842617, -33.71659960126765], [150.84426102867735, -33.71766565118431], [150.84550078821104, -33.72851297149481], [150.83094954845546, -33.72608087095514], [150.82552400800702, -33.757342011011346], [150.855669978637, -33.76182600094178], [150.85916299856757, -33.75717201104716], [150.86184898821654, -33.74967100102186], [150.8652010085801, -33.747053010806034], [150.8624229883269, -33.743021011280206], [150.86623895799198, -33.74147879123687], [150.86629074856305, -33.737392141298514], [150.8726371187716, -33.729228981310314], [150.86663403885058, -33.726094511309086], [150.86878939815278, -33.723111341114155], [150.86413797820552, -33.71926771129265], [150.86525611842617, -33.71659960126765]]]}}, {"type": "Feature", "properties": {"postcode": "2762", "name": "Schofields", "region": "Western Sydney", "flexibleExport": 63.5, "networkVisibility": 52.6, "connectionAssessment": 47.8, "derOrchestration": 74.2, "composite": 59.5, "solarKwTotal": 34526.3, "solarGrowthPct": -16.095729704364146, "batteryInstalls": 1054.0, "meanAvailableKva": 822.9996271186441, "distSubstationCount": 199}, "geometry": {"type": "Polygon", "coordinates": [[[150.87559999883558, -33.70909101107882], [150.8932089888339, -33.712947000846754], [150.894819368101, -33.696364951393335], [150.90813507848952, -33.69379956109386], [150.90253086852096, -33.684822711126884], [150.89485199850546, -33.68889400100164], [150.89007535879736, -33.68222686127918], [150.86522301820284, -33.69242401107345], [150.85609563814788, -33.69359039113366], [150.85531574866596, -33.69011282101218], [150.85159051872603, -33.690694831309656], [150.8520512287027, -33.694222281536305], [150.8447699880662, -33.69535799090733], [150.8484360082491, -33.71091700135329], [150.85056497864153, -33.71055501112631], [150.85191949885106, -33.71639296084961], [150.86538540845342, -33.716272130954614], [150.8679547087436, -33.71146615132144], [150.86403898835277, -33.70500269103975], [150.86633402849515, -33.70408129104874], [150.8700584984603, -33.71084553093248], [150.87559999883558, -33.70909101107882]]]}}, {"type": "Feature", "properties": {"postcode": "2763", "name": "Quakers Hill", "region": "Western Sydney", "flexibleExport": 83.6, "networkVisibility": 72.1, "connectionAssessment": 46.8, "derOrchestration": 84.7, "composite": 71.8, "solarKwTotal": 38306.1, "solarGrowthPct": 47.010698552548774, "batteryInstalls": 1218.0, "meanAvailableKva": 1351.2437660818714, "distSubstationCount": 176}, "geometry": {"type": "Polygon", "coordinates": [[[150.89086298816378, -33.74321200108454], [150.8969446580957, -33.73755381149785], [150.893889278507, -33.73518400083145], [150.91790422845824, -33.73850242113024], [150.92141501796343, -33.731245681516405], [150.9140396886824, -33.72974946155562], [150.91323098843264, -33.72664801109114], [150.90939998815628, -33.72611500134761], [150.91079957864025, -33.71885568090163], [150.90826425802402, -33.72029089148209], [150.902722168354, -33.71474995127687], [150.87559999883558, -33.70909101107882], [150.8700584984603, -33.71084553093248], [150.86633402849515, -33.70408129104874], [150.86403898835277, -33.70500269103975], [150.8679629983971, -33.71169061144144], [150.86413797820552, -33.71926771129265], [150.86878939815278, -33.723111341114155], [150.86734953799126, -33.726983761031384], [150.8726371187716, -33.729228981310314], [150.86629074856305, -33.737392141298514], [150.86623895799198, -33.74147879123687], [150.88009347878625, -33.74743550086861], [150.8867977979911, -33.74022333114048], [150.89086298816378, -33.74321200108454]]]}}, {"type": "Feature", "properties": {"postcode": "2765", "name": "Gables", "region": "Western Sydney", "flexibleExport": 83.2, "networkVisibility": 78.6, "connectionAssessment": 60.8, "derOrchestration": 70.9, "composite": 73.4, "solarKwTotal": 145825.41, "solarGrowthPct": 85.83984375, "batteryInstalls": 3960.0, "meanAvailableKva": 560.3986694312796, "distSubstationCount": 957}, "geometry": {"type": "Polygon", "coordinates": [[[150.92776660828207, -33.64186922148704], [150.92444199821276, -33.63932100117218], [150.9278540179525, -33.636523001482686], [150.92305598845923, -33.62805100117609], [150.93494699865494, -33.629331991563134], [150.93385797822253, -33.6262210016338], [150.9366400085551, -33.62321501106488], [150.93561899867456, -33.6184670010981], [150.93047198806647, -33.616252990930676], [150.92991499845434, -33.613798011600956], [150.9353180181386, -33.61173400094316], [150.93704701814235, -33.605819991133075], [150.9315230079657, -33.603906001097336], [150.93019100852035, -33.59920401148074], [150.93485198833892, -33.59566901124964], [150.93435901806382, -33.586659010970465], [150.9418560079804, -33.58499401114934], [150.9433960186181, -33.582504001558675], [150.93960099856372, -33.57899801156061], [150.94173697851033, -33.57683601099244], [150.93575400827524, -33.57300099136976], [150.9411949880685, -33.57121900111534], [150.93785699849136, -33.564812011448744], [150.9338979882869, -33.56376999156267], [150.93279998829493, -33.559642991649454], [150.92920499790156, -33.56149100128621], [150.9268030079347, -33.55867400119011], [150.91862999803752, -33.56249199139905], [150.92033001839025, -33.56786140121935], [150.9171629880931, -33.571103001555706], [150.91308601831216, -33.57052399166064], [150.91237400822806, -33.57398800095411], [150.90469900815475, -33.57254501108748], [150.9036409787013, -33.574470001622046], [150.89414608798208, -33.57066328096656], [150.88853797842688, -33.574694001134475], [150.89199999839528, -33.58606000109265], [150.90983101869418, -33.58762400106306], [150.90612659822787, -33.596698011030234], [150.90672869853861, -33.602081900956215], [150.8950139881073, -33.61271000105439], [150.89162098839716, -33.62036800112706], [150.8753559984381, -33.60699101157461], [150.87674876801412, -33.60170450111455], [150.86319981814694, -33.59605103107331], [150.85730959806665, -33.60414785157411], [150.85748501838037, -33.607208991480036], [150.85536498802168, -33.60762001123173], [150.85809065805336, -33.60897478099941], [150.8555831888042, -33.61255856137954], [150.8579531682042, -33.61472243093042], [150.84992400822844, -33.613846001100434], [150.85130589830808, -33.61510925140099], [150.84770461880936, -33.61634919159426], [150.84330877854356, -33.62126553121244], [150.8443847284886, -33.62389163088456], [150.84158612873054, -33.62525252090435], [150.83613087830068, -33.62049514095663], [150.83746523851863, -33.622843731347444], [150.83576342872195, -33.62552144086421], [150.83942185814067, -33.626552961143446], [150.83736938827786, -33.62762883138954], [150.84126758882573, -33.63496364155732], [150.82619889880525, -33.64238757158811], [150.83039000852628, -33.65259301115941], [150.82792399832405, -33.65256799154448], [150.82658465874448, -33.65809590093083], [150.81811085875418, -33.66169800120631], [150.81324135839864, -33.668084261109314], [150.8147880084845, -33.67333980151091], [150.81887797868436, -33.67450531094224], [150.8181562281676, -33.67673625154817], [150.8123941186266, -33.6776139109795], [150.80844456858046, -33.67365561090941], [150.79643821829552, -33.66018426155363], [150.7859496183956, -33.64157546137998], [150.73921351887762, -33.68297815133696], [150.74022299798324, -33.687024000986256], [150.74650497874887, -33.68593001118597], [150.7449380285341, -33.69369699082629], [150.7571070188012, -33.6952879911254], [150.7580009781545, -33.690945001447595], [150.7622200182943, -33.69153301096828], [150.76304699836174, -33.68743300137593], [150.77733101806635, -33.68948201110096], [150.77442302865956, -33.69246800139039], [150.78424692824987, -33.69390469111874], [150.78617386843322, -33.69106045106121], [150.78498097849942, -33.702769001487354], [150.8167449982125, -33.70716801082713], [150.81351598865234, -33.723878001179685], [150.8453813580923, -33.728558690816186], [150.84426102867735, -33.71766565118431], [150.85191949885106, -33.71639296084961], [150.85056497864153, -33.71055501112631], [150.8484360082491, -33.71091700135329], [150.8447699880662, -33.69535799090733], [150.8520512287027, -33.694222281536305], [150.85159051872603, -33.690694831309656], [150.85531574866596, -33.69011282101218], [150.85609563814788, -33.69359039113366], [150.86522301820284, -33.69242401107345], [150.8885086987385, -33.682855841467884], [150.87891310867258, -33.670227240852995], [150.89302900867176, -33.66236800148157], [150.90649761860985, -33.672487591495134], [150.90863297871888, -33.66705100141874], [150.9128279682636, -33.664653360930764], [150.91539868879028, -33.66610857130105], [150.92286906881154, -33.65705830108152], [150.92355012834082, -33.658841881426774], [150.92696097847403, -33.656257011454656], [150.92789092793086, -33.64915931115438], [150.93659299791966, -33.64957695144097], [150.9378399879931, -33.64432101160109], [150.93615298872052, -33.64176000134813], [150.92776660828207, -33.64186922148704]]]}}, {"type": "Feature", "properties": {"postcode": "2766", "name": "Eastern Creek", "region": "Western Sydney", "flexibleExport": 33.7, "networkVisibility": 54.9, "connectionAssessment": 43.9, "derOrchestration": 40.6, "composite": 43.3, "solarKwTotal": 23164.47, "solarGrowthPct": 10.359116022099448, "batteryInstalls": 303.0, "meanAvailableKva": 3280.638501872659, "distSubstationCount": 326}, "geometry": {"type": "Polygon", "coordinates": [[[150.8104180882079, -33.79421378092803], [150.81566648806884, -33.807692900955765], [150.81336293818578, -33.81271626122113], [150.8158156685932, -33.81696373105325], [150.81290654820737, -33.822358811113574], [150.85643246865018, -33.82077168099849], [150.8708819086228, -33.82386190107601], [150.87276318833858, -33.810738930949654], [150.87902760883705, -33.80530869142313], [150.88567177864704, -33.80704507105016], [150.88837390832674, -33.80563934119789], [150.88930125805916, -33.80082912134735], [150.87014463881127, -33.80044216078289], [150.87148681886376, -33.79233646139939], [150.86296494822605, -33.790780571327836], [150.86074001889662, -33.78477601126719], [150.86528298883294, -33.776672011020324], [150.8634760186558, -33.77081400137244], [150.85351005858806, -33.77426174121635], [150.8629200082073, -33.76844500081399], [150.8607600180898, -33.76534200118318], [150.855669978637, -33.76182600094178], [150.83083001862374, -33.758139841239924], [150.82983162832207, -33.762999620945024], [150.8333613282623, -33.767841551453344], [150.82927956866422, -33.76728936146292], [150.8308603080185, -33.76812654094002], [150.82707532843406, -33.78222382110716], [150.85430396807666, -33.788731710906546], [150.85366882862806, -33.79535149128046], [150.82757194856418, -33.790490340888375], [150.8119131983527, -33.79066848102094], [150.8104180882079, -33.79421378092803]]]}}, {"type": "Feature", "properties": {"postcode": "2767", "name": "Bungarribee", "region": "Western Sydney", "flexibleExport": 60.0, "networkVisibility": 47.5, "connectionAssessment": 61.4, "derOrchestration": 82.0, "composite": 62.7, "solarKwTotal": 24162.13, "solarGrowthPct": 3.8619556285949055, "batteryInstalls": 616.0, "meanAvailableKva": 214.989752, "distSubstationCount": 131}, "geometry": {"type": "Polygon", "coordinates": [[[150.87247600862037, -33.78325499115547], [150.88212035834158, -33.78105891127583], [150.88727671861514, -33.75218794131595], [150.87454489878826, -33.74417844112934], [150.86385597817315, -33.74187601145707], [150.86241298828114, -33.74311700148445], [150.86518998804817, -33.74708901142855], [150.85508499841893, -33.76058400085557], [150.8629200082073, -33.76844500081399], [150.85351005858806, -33.77426174121635], [150.8634760186558, -33.77081400137244], [150.86528298883294, -33.776672011020324], [150.86074001889662, -33.78477601126719], [150.86296494822605, -33.790780571327836], [150.87107611809904, -33.7922796613975], [150.87247600862037, -33.78325499115547]]]}}, {"type": "Feature", "properties": {"postcode": "2768", "name": "Stanhope Gardens", "region": "Western Sydney", "flexibleExport": 63.9, "networkVisibility": 47.5, "connectionAssessment": 58.2, "derOrchestration": 82.0, "composite": 62.9, "solarKwTotal": 36922.75, "solarGrowthPct": 2.1739130434782608, "batteryInstalls": 1162.0, "meanAvailableKva": 239.17166423357665, "distSubstationCount": 147}, "geometry": {"type": "Polygon", "coordinates": [[[150.95316801804285, -33.754662000986684], [150.93032298810357, -33.704207011374486], [150.923626268646, -33.70509677104232], [150.9200002082219, -33.71636739116673], [150.91759500857455, -33.71614101096955], [150.91679798822014, -33.72001800128737], [150.91077972856746, -33.7191782412871], [150.90939998815628, -33.72611500134761], [150.91323098843264, -33.72664801109114], [150.9140396886824, -33.72974946155562], [150.92141501796343, -33.731245681516405], [150.91773983855785, -33.739333661347004], [150.93919000854146, -33.745851011429636], [150.95316801804285, -33.754662000986684]]]}}, {"type": "Feature", "properties": {"postcode": "2769", "name": "Postcode 2769", "region": "Western Sydney", "flexibleExport": 65.9, "networkVisibility": 45.6, "connectionAssessment": 45.6, "derOrchestration": 78.1, "composite": 58.8, "solarKwTotal": 29036.86, "solarGrowthPct": -13.6875, "batteryInstalls": 943.0, "meanAvailableKva": 282.3835208333333, "distSubstationCount": 97}, "geometry": {"type": "Polygon", "coordinates": [[[150.91679798822014, -33.72001800128737], [150.91687230853853, -33.71535470156318], [150.9156029782623, -33.71704000130791], [150.91072099851084, -33.71560800099063], [150.91442585825334, -33.70220895128978], [150.91271998807147, -33.69872899086995], [150.91931499847595, -33.697929991549444], [150.9170104182253, -33.69191598092551], [150.894819368101, -33.696364951393335], [150.8931309881178, -33.71404100086042], [150.902722168354, -33.71474995127687], [150.90826425802402, -33.72029089148209], [150.91679798822014, -33.72001800128737]]]}}, {"type": "Feature", "properties": {"postcode": "2770", "name": "Blackett", "region": "Blue Mountains", "flexibleExport": 64.8, "networkVisibility": 82.2, "connectionAssessment": 66.6, "derOrchestration": 60.8, "composite": 68.6, "solarKwTotal": 47826.03, "solarGrowthPct": 50.202224469160775, "batteryInstalls": 817.0, "meanAvailableKva": 570.315701594533, "distSubstationCount": 481}, "geometry": {"type": "Polygon", "coordinates": [[[150.81001694821276, -33.7837805214555], [150.8119131983527, -33.79066848102094], [150.83077938867604, -33.79090693133924], [150.85273610876683, -33.7964740210247], [150.85463133842072, -33.79063385148377], [150.85430396807666, -33.788731710906546], [150.82707532843406, -33.78222382110716], [150.8308603080185, -33.76812654094002], [150.82927956866422, -33.76728936146292], [150.8333613282623, -33.767841551453344], [150.82983162832207, -33.762999620945024], [150.83083001862374, -33.758139841239924], [150.82552400800702, -33.757342011011346], [150.83094954845546, -33.72608087095514], [150.78211400886343, -33.71970400082765], [150.79733520856468, -33.73258196145684], [150.7840094181803, -33.74172923101705], [150.78915117813554, -33.74678459105636], [150.78882895873136, -33.75119048117921], [150.79302013852094, -33.753484311290045], [150.79162893830167, -33.75575049134168], [150.79422529854315, -33.76161858146821], [150.80200804883992, -33.77003582104614], [150.80204275884415, -33.77423670102409], [150.81001694821276, -33.7837805214555]]]}}, {"type": "Feature", "properties": {"postcode": "2773", "name": "Postcode 2773", "region": "Blue Mountains", "flexibleExport": 71.9, "networkVisibility": 67.8, "connectionAssessment": 33.0, "derOrchestration": 73.7, "composite": 61.6, "solarKwTotal": 8426.58, "solarGrowthPct": 45.794392523364486, "batteryInstalls": 228.0, "meanAvailableKva": 1856.3655689655175, "distSubstationCount": 59}, "geometry": {"type": "Polygon", "coordinates": [[[150.62786219835272, -33.751438191029784], [150.62060052841295, -33.751322550714264], [150.6181899182126, -33.75449497128875], [150.61410899853934, -33.75399800081839], [150.6139037981756, -33.76010960139608], [150.6081672385179, -33.75947317117686], [150.61177945859845, -33.765649280824995], [150.6163298081948, -33.76795884074655], [150.60723801849304, -33.767764001219554], [150.6065359788103, -33.771302991052586], [150.60928701816397, -33.77566200080512], [150.6204689782244, -33.77400000087883], [150.62003499851735, -33.77836600116435], [150.6221053089218, -33.77656630138264], [150.62820000891693, -33.78262200087012], [150.63180598840123, -33.77921100127207], [150.63962965875572, -33.77914141110287], [150.64232094846489, -33.77634138077287], [150.64172570858796, -33.75758800100502], [150.64492558847837, -33.75196431085624], [150.642810998317, -33.74921299078474], [150.64111199845047, -33.752142011262684], [150.63254704820494, -33.7543276313085], [150.62786219835272, -33.751438191029784]]]}}, {"type": "Feature", "properties": {"postcode": "2774", "name": "Blaxland", "region": "Blue Mountains", "flexibleExport": 65.4, "networkVisibility": 71.5, "connectionAssessment": 45.8, "derOrchestration": 67.0, "composite": 62.4, "solarKwTotal": 15565.89, "solarGrowthPct": 48.709122203098104, "batteryInstalls": 402.0, "meanAvailableKva": 1002.5611794871794, "distSubstationCount": 129}, "geometry": {"type": "Polygon", "coordinates": [[[150.61851681873776, -33.75273682124974], [150.62874652866446, -33.751382930924954], [150.63254704820494, -33.7543276313085], [150.64130398818966, -33.75200300126051], [150.644155328038, -33.734116380771965], [150.64627626839012, -33.73442637134254], [150.64703824816021, -33.730849381048934], [150.64248026827377, -33.730184430741936], [150.64405316803064, -33.721212450798255], [150.64843903879347, -33.72185238075711], [150.64967189836742, -33.71603139122659], [150.65211498805516, -33.71602200094232], [150.63538598860745, -33.71356599126441], [150.63446899824694, -33.711174000852004], [150.63338001823868, -33.71345000100146], [150.62315001815617, -33.71196101135647], [150.61756602836633, -33.71413300112373], [150.59914899838, -33.71080799143314], [150.59818999830523, -33.71555200121931], [150.5924495785867, -33.71266861073701], [150.58899400852206, -33.72681099107053], [150.59458898830104, -33.72755501107043], [150.59511501837528, -33.72493600143103], [150.5971279982982, -33.725216991400934], [150.59223400807136, -33.75051800126263], [150.6021879882064, -33.751880011410165], [150.60119299892636, -33.75688300137194], [150.6139037981756, -33.76010960139608], [150.61410899853934, -33.75399800081839], [150.6181899182126, -33.75449497128875], [150.61851681873776, -33.75273682124974]]]}}, {"type": "Feature", "properties": {"postcode": "2775", "name": "Postcode 2775", "region": "Blue Mountains", "flexibleExport": 27.9, "networkVisibility": 57.9, "connectionAssessment": 58.8, "derOrchestration": 16.2, "composite": 40.2, "solarKwTotal": 2866.59, "solarGrowthPct": 58.75, "batteryInstalls": 42.0, "meanAvailableKva": 41.536747572815536, "distSubstationCount": 159}, "geometry": {"type": "MultiPolygon", "coordinates": [[[[151.1016188381305, -33.4807049712119], [151.1131978885808, -33.4647489714861], [151.12122587805175, -33.4624089611186], [151.135882928568, -33.46934004135112], [151.14031092852105, -33.469017031658616], [151.1431390585974, -33.46021700108752], [151.1481571079616, -33.46116805172772], [151.1457029986403, -33.44787397124979], [151.15219703840683, -33.448053951363235], [151.1653618983029, -33.430159981678734], [151.15934399797635, -33.42244500116429], [151.1533569682545, -33.42129999182262], [151.1528089986261, -33.41828599117948], [151.14217001805267, -33.4196220112778], [151.13630997777267, -33.41534599181552], [151.1354340080812, -33.41972600145152], [151.12847207810404, -33.418739591237006], [151.1194060179486, -33.40584900110257], [151.1096530080106, -33.405662001314006], [151.1189560185851, -33.39439001159988], [151.10885500849255, -33.3930460012299], [151.1057310083959, -33.3902990114951], [151.11195699806817, -33.38653100182305], [151.11281802787812, -33.38222400175113], [151.11788743841868, -33.377477621833336], [151.11903401840294, -33.36942699113229], [151.11419601837108, -33.36492500185044], [151.1149649978139, -33.360858001637595], [151.1006380179774, -33.34015800152664], [151.09464000814785, -33.337282001691904], [151.074454998461, -33.33504201118532], [151.07848247825635, -33.314362151380905], [151.0824049881141, -33.31490000158086], [151.08347698816684, -33.30937799173923], [151.09362683786478, -33.3107748918732], [151.09453944804005, -33.30861363146214], [151.09206189807966, -33.30733069148044], [151.0954970584211, -33.302834631705814], [151.09361964774922, -33.295857841522675], [151.09526663785576, -33.29153424168343], [151.09331545843108, -33.289720741283865], [151.09367257828237, -33.284477881789485], [151.08915200783767, -33.28140618127806], [151.09149563785382, -33.2792769614238], [151.08996417827933, -33.27097743130941], [151.08687900786083, -33.26904747175642], [151.0900833478866, -33.26842863122467], [151.09470574775864, -33.261757921341875], [151.09996173838374, -33.26163165184624], [151.096860338103, -33.25930154119619], [151.09966298836468, -33.253229531714304], [151.09842563811256, -33.250125411655], [151.10055537836118, -33.24878191151464], [151.09939905794428, -33.24525020189949], [151.10680209845526, -33.23133676154935], [151.10273376777238, -33.2221684513748], [151.09867693822, -33.22072980182331], [151.09826255795585, -33.202730521565066], [151.10115408843006, -33.197692141680484], [151.09671097791568, -33.19346169146085], [151.0995466277893, -33.18446675127991], [151.10417351833945, -33.18130368187266], [151.1010595182885, -33.17737564142574], [151.10065432778973, -33.1652076812695], [151.105813057819, -33.151438661448516], [151.09967101840502, -33.144458001592156], [151.1030529984816, -33.134481011668065], [151.09473698846932, -33.126702002001444], [151.10094800771734, -33.119823991719784], [151.10200000767864, -33.112689011530016], [151.1070439878118, -33.11216100191573], [151.11627402823575, -33.100059001887296], [151.12314898781872, -33.097308001593525], [151.12653899793568, -33.09530800174849], [151.12699900812467, -33.093624001918336], [151.12868399786603, -33.092934002016214], [151.12870800803697, -33.09279599160215], [151.11453399781863, -33.09117201182386], [151.10397199837345, -33.07696900154542], [151.08799700794432, -33.07837001179339], [151.08394236848463, -33.075247891592156], [151.07317800825035, -33.07675699187819], [151.06413498808533, -33.081224001513064], [151.05249100830457, -33.079940161808935], [151.04672298784897, -33.08824901136748], [151.04189900782382, -33.09109399160654], [151.03825498828053, -33.10131900137426], [151.03865998833646, -33.1106460013634], [151.03535575834604, -33.11740641168611], [151.03715878851233, -33.12354941195174], [151.02447499801048, -33.125732011349534], [151.01954800817168, -33.12183600158036], [151.01279598842518, -33.12183999128441], [151.01158399851187, -33.12407700176957], [151.00361845812284, -33.12606673151202], [150.99416156793674, -33.122428791522644], [150.98563497844881, -33.12800900124292], [150.98051698791605, -33.12626701185433], [150.97363998825904, -33.129689011750614], [150.96589698841365, -33.12989600168589], [150.9612879878124, -33.12678800191347], [150.95393900791524, -33.12630900130516], [150.95026728792186, -33.12253323177574], [150.94198043812196, -33.12321732139039], [150.9339265978321, -33.11917041142053], [150.9313975483548, -33.11312540147385], [150.92353661767893, -33.111113491544295], [150.90523898816696, -33.11583900140523], [150.89999105812487, -33.12117670181119], [150.88605089823966, -33.11924912146598], [150.88116898855674, -33.12637901126332], [150.8764259979427, -33.12761901183123], [150.87675599855388, -33.13343999161961], [150.86979598827645, -33.129602001356346], [150.86591501831398, -33.1311380017622], [150.8660180182462, -33.138280001788125], [150.86048096812488, -33.1438470016805], [150.86754200832902, -33.153240011533875], [150.86591297824, -33.15787500151572], [150.8598679883177, -33.156006001476065], [150.8611660080892, -33.160661011337496], [150.85882200796718, -33.162555001882936], [150.84651300807658, -33.160838991469376], [150.84456700833783, -33.170668011266024], [150.8542919980255, -33.172064001599786], [150.84516797856799, -33.22332400127185], [150.85125198861127, -33.22272399147558], [150.85547999842913, -33.22724700128504], [150.85896698796918, -33.22450201155687], [150.86118698824268, -33.22733700170714], [150.8657249985803, -33.22658400183418], [150.87532599830084, -33.246588991725865], [150.88777169842152, -33.2503590711192], [150.8863047585457, -33.25745508149793], [150.8808140282554, -33.25664999124834], [150.8743840078259, -33.287945001625424], [150.85479200839742, -33.28511300173331], [150.85315899787338, -33.29316500110397], [150.8727172682579, -33.29597237148822], [150.85198300794505, -33.38935801107733], [150.87151199864118, -33.39258700110399], [150.8700759778791, -33.39940001165798], [150.87730498866839, -33.40048000164811], [150.87695834856322, -33.402679041398905], [150.92637201782094, -33.406916001458654], [150.93510500782182, -33.415702011327646], [150.93161508797732, -33.42606202158679], [150.93929001798205, -33.427931011078805], [150.93693799859946, -33.431590011628856], [150.9407839980462, -33.43350700174679], [150.93802182856615, -33.437623411092794], [150.95451511816822, -33.443423741483784], [150.9709762184386, -33.44037708103289], [150.97011200859257, -33.42987101155155], [150.96709100842807, -33.4294300016794], [150.96799599819474, -33.41993199149722], [150.97184699856265, -33.42036401176538], [150.9730090080102, -33.41706000160833], [150.97985699837173, -33.41232300151357], [150.9790649780402, -33.40948099118446], [150.99306897849775, -33.41148301148434], [150.9935246381458, -33.409249541282406], [150.998287268627, -33.409906121139436], [150.9989590180167, -33.42303700137258], [150.99594301787502, -33.42797500137088], [151.00695400787566, -33.42847899135917], [151.00385800826638, -33.43545000137828], [151.01520800808217, -33.43711500112777], [151.01488399833562, -33.444648991420024], [151.01090400797779, -33.44407300115106], [151.01041402819428, -33.45115700103513], [151.01997545802485, -33.4550929315855], [151.01665136808012, -33.46631730118117], [151.0245434684997, -33.46871979135806], [151.03332098798924, -33.465664991667644], [151.04566298839012, -33.47392600119824], [151.05052398798816, -33.471795001709054], [151.051966028361, -33.46265600175386], [151.0567950182905, -33.463682001542324], [151.0558640079233, -33.46810799129895], [151.05325101806926, -33.4676850116101], [151.05202599809266, -33.47342700122379], [151.05512196805756, -33.47391000176024], [151.05276399823458, -33.47824701141358], [151.06268498863912, -33.47670400120581], [151.06536200861, -33.48190000159443], [151.07678701865032, -33.485093011091145], [151.08082201824297, -33.474544991051125], [151.0854944982938, -33.47530592138085], [151.07976107824805, -33.44884498172023], [151.07658976837686, -33.449505131193334], [151.07862705850803, -33.45806799162384], [151.07706379857257, -33.46084410177155], [151.07191090849093, -33.46297901117113], [151.06844796864763, -33.46010419134098], [151.0690641284909, -33.45687599167638], [151.0748791281409, -33.45946398129546], [151.07276015869252, -33.44915404133209], [151.07857091829436, -33.445071991301425], [151.0860200181249, -33.455379951511205], [151.08916500825646, -33.4711790113096], [151.09303608866594, -33.47869401156498], [151.1016188381305, -33.4807049712119]]], [[[151.1667132384764, -33.4606113311749], [151.1596523482909, -33.459864371778245], [151.1721423182871, -33.469454351279985], [151.16498316857917, -33.468112991083736], [151.16009589864893, -33.47439272160889], [151.17714996785526, -33.473834001391985], [151.17777499856192, -33.47018500161035], [151.17347617814343, -33.46976130143827], [151.17424201797428, -33.46547300164658], [151.16871901840238, -33.46473799131641], [151.1667132384764, -33.4606113311749]]]]}}, {"type": "Feature", "properties": {"postcode": "2776", "name": "Postcode 2776", "region": "Blue Mountains", "flexibleExport": 46.2, "networkVisibility": 54.2, "connectionAssessment": 54.4, "derOrchestration": 52.4, "composite": 51.8, "solarKwTotal": 5267.5, "solarGrowthPct": 37.93103448275862, "batteryInstalls": 133.0, "meanAvailableKva": 124.61858620689655, "distSubstationCount": 60}, "geometry": {"type": "Polygon", "coordinates": [[[150.5490161082614, -33.695941041179424], [150.55027017885592, -33.69052335091347], [150.55449402857576, -33.6902050008783], [150.56437391836113, -33.691620961099765], [150.56746499879586, -33.68927399142229], [150.56850995866023, -33.68412098118623], [150.5738509981832, -33.68487601082112], [150.57465600815374, -33.680688990999535], [150.57123799844766, -33.680191990805305], [150.57234799813526, -33.67470300120361], [150.5777609882209, -33.67573000078275], [150.57927500880072, -33.66822199099782], [150.58448600820313, -33.66888400140515], [150.58571699838302, -33.66705100141874], [150.58675400815713, -33.66265801128725], [150.58419002858835, -33.66238700088546], [150.58504897879837, -33.65818400116371], [150.58193997877035, -33.657738010799285], [150.5823620288504, -33.655130000786535], [150.57135399879866, -33.65604000133352], [150.5713739988901, -33.661675011227075], [150.56858400858576, -33.66128000103194], [150.5688849882234, -33.665518001360084], [150.56354197869499, -33.66672501099184], [150.5603600183979, -33.67755400141088], [150.5521970085465, -33.676162011116936], [150.55575601871783, -33.674921010854405], [150.55658799880808, -33.670679991425665], [150.5537500088232, -33.670290000950494], [150.55431802884866, -33.66747700096329], [150.55010898875463, -33.666929011315204], [150.55040098883268, -33.66865001081953], [150.5468809987823, -33.669287000936095], [150.5477409784617, -33.673881990926155], [150.54253899814475, -33.6731520009824], [150.5417289881514, -33.677092000882766], [150.53491297871224, -33.67614301101783], [150.53298300851145, -33.68519200134704], [150.52782201832093, -33.68448299085871], [150.52612100892313, -33.69295801100994], [150.53034635882946, -33.693549210917595], [150.52958499889698, -33.69733600116919], [150.52855799815177, -33.699977001432906], [150.52380201879694, -33.69931200107774], [150.52279950882138, -33.70445848136673], [150.5248298181444, -33.70637669080109], [150.52301576834455, -33.707416760973125], [150.52485883821967, -33.70772859140116], [150.52092858847743, -33.71237065075777], [150.52170600849058, -33.71444900137476], [150.54071501836768, -33.71596400113791], [150.53985099806613, -33.70813300130503], [150.54256699863214, -33.70845600102217], [150.54361399857052, -33.70358001091981], [150.54632360852156, -33.70398595144295], [150.5478759880624, -33.6961569909766], [150.54578202860978, -33.69588301137086], [150.54622812838667, -33.69364695083561], [150.5490161082614, -33.695941041179424]]]}}, {"type": "Feature", "properties": {"postcode": "2777", "name": "Springwood", "region": "Blue Mountains", "flexibleExport": 55.4, "networkVisibility": 69.7, "connectionAssessment": 53.0, "derOrchestration": 60.1, "composite": 59.5, "solarKwTotal": 22542.71, "solarGrowthPct": 44.94238156209987, "batteryInstalls": 532.0, "meanAvailableKva": 628.2595728155339, "distSubstationCount": 213}, "geometry": {"type": "Polygon", "coordinates": [[[150.61541975821814, -33.66506870098662], [150.6061318887477, -33.662729861234126], [150.60522599886914, -33.657797001011524], [150.58831298851865, -33.655425011229184], [150.58889399818312, -33.660288011303706], [150.58448600820313, -33.66888400140515], [150.57927500880072, -33.66822199099782], [150.5777609882209, -33.67573000078275], [150.57234799813526, -33.67470300120361], [150.57123799844766, -33.680191990805305], [150.57465600815374, -33.680688990999535], [150.5738509981832, -33.68487601082112], [150.56850995866023, -33.68412098118623], [150.56746499879586, -33.68927399142229], [150.56437391836113, -33.691620961099765], [150.55027017885592, -33.69052335091347], [150.5490161082614, -33.695941041179424], [150.54622812838667, -33.69364695083561], [150.54578202860978, -33.69588301137086], [150.5478759880624, -33.6961569909766], [150.54632360852156, -33.70398595144295], [150.54361399857052, -33.70358001091981], [150.5427309887822, -33.707707001446956], [150.55167001817324, -33.7112070013367], [150.55079598884285, -33.71569099108414], [150.55553401806165, -33.718249011064806], [150.55695102867563, -33.72205200111954], [150.5616329886477, -33.72271800143448], [150.5623440087883, -33.71917201121476], [150.5654050082375, -33.717705001147515], [150.56425102883026, -33.723666991009345], [150.56893298880232, -33.724315011440304], [150.57024107868807, -33.71731441107308], [150.57285399847353, -33.71767199120487], [150.57079700828822, -33.728124990951684], [150.57538800844782, -33.72875000120131], [150.57595200851242, -33.725800001113214], [150.58433200821733, -33.72693000108344], [150.58521198888647, -33.722406991280636], [150.5903949886998, -33.723108001326786], [150.5924495785867, -33.71266861073701], [150.59818999830523, -33.71555200121931], [150.59914899838, -33.71080799143314], [150.61756602836633, -33.71413300112373], [150.62315001815617, -33.71196101135647], [150.63338001823868, -33.71345000100146], [150.63446899824694, -33.711174000852004], [150.63538598860745, -33.71356599126441], [150.65576710860574, -33.71693904137937], [150.65817084849073, -33.713039960995815], [150.6598251383072, -33.692883660789256], [150.65897527814954, -33.685494111443184], [150.6536103587114, -33.68475219148061], [150.65339624885672, -33.67720520101979], [150.65755597862824, -33.661677171304405], [150.63370329855326, -33.65866846148008], [150.63283441836603, -33.663132461177995], [150.6159967083959, -33.662055701403325], [150.61541975821814, -33.66506870098662]]]}}, {"type": "Feature", "properties": {"postcode": "2778", "name": "Postcode 2778", "region": "Blue Mountains", "flexibleExport": 44.8, "networkVisibility": 54.8, "connectionAssessment": 54.5, "derOrchestration": 46.0, "composite": 50.0, "solarKwTotal": 3352.44, "solarGrowthPct": 45.588235294117645, "batteryInstalls": 77.0, "meanAvailableKva": 101.933025, "distSubstationCount": 42}, "geometry": {"type": "Polygon", "coordinates": [[[150.4724209986428, -33.71997900131892], [150.47053099808224, -33.728155000955304], [150.46374425845008, -33.7306875211559], [150.4660615381839, -33.73429517076497], [150.46245598809438, -33.7316949908156], [150.45985696883963, -33.74499000132054], [150.46727172877175, -33.74604955114207], [150.4667940181784, -33.75193901094792], [150.47073601878287, -33.75249301098212], [150.47146798853427, -33.74891699138676], [150.47440897845138, -33.74830599119493], [150.48120300881035, -33.74933001127991], [150.48069697882767, -33.75291199106366], [150.48587500826255, -33.753657011105396], [150.48623402894896, -33.75006399083167], [150.48923600818569, -33.75049099123319], [150.49375200890057, -33.72826500118607], [150.49765998850862, -33.7288190009792], [150.4983610086035, -33.72537301078766], [150.50249499894716, -33.72595300102988], [150.50575801872392, -33.71912500097815], [150.51192400812172, -33.72187900081716], [150.51053298846386, -33.72904600071248], [150.523465998575, -33.73079001138904], [150.52676300880555, -33.714716011392326], [150.52170600849058, -33.71444900137476], [150.52092858847743, -33.71237065075777], [150.52485883821967, -33.70772859140116], [150.52301576834455, -33.707416760973125], [150.5248298181444, -33.70637669080109], [150.52297999832825, -33.70353200119214], [150.51363402852016, -33.70151900095047], [150.51420798820638, -33.710148011384646], [150.5100039984408, -33.70958500077575], [150.50949101819276, -33.71210501137938], [150.50268398831324, -33.71114701131524], [150.5020984987504, -33.71524910088382], [150.4972044285735, -33.71665129118294], [150.49832643873646, -33.710880180751644], [150.50160300870098, -33.71099399098789], [150.50221000842325, -33.70803199129754], [150.4969460084191, -33.707275991113], [150.49743598820265, -33.704921001405964], [150.49249862821216, -33.70152941070284], [150.49475794864392, -33.70181470125087], [150.49589688845663, -33.69281149072734], [150.4850083882366, -33.689877171312396], [150.47593394859624, -33.69560847109241], [150.47528599827336, -33.70228501082222], [150.46566897889633, -33.710282001061856], [150.4684879784962, -33.71197199074464], [150.4660900084902, -33.71533400122796], [150.46900299881824, -33.71576599107515], [150.46822944874734, -33.71936284115894], [150.4724209986428, -33.71997900131892]]]}}, {"type": "Feature", "properties": {"postcode": "2779", "name": "Hazelbrook", "region": "Blue Mountains", "flexibleExport": 52.8, "networkVisibility": 56.8, "connectionAssessment": 61.3, "derOrchestration": 58.6, "composite": 57.4, "solarKwTotal": 5259.69, "solarGrowthPct": 43.269230769230774, "batteryInstalls": 119.0, "meanAvailableKva": 114.15037254901961, "distSubstationCount": 51}, "geometry": {"type": "Polygon", "coordinates": [[[150.45293802863864, -33.75646699081513], [150.4615500281472, -33.756969010692174], [150.46272200889442, -33.75115499092544], [150.4667940181784, -33.75193901094792], [150.46727172877175, -33.74604955114207], [150.45985696883963, -33.74499000132054], [150.46245598809438, -33.7316949908156], [150.4660615381839, -33.73429517076497], [150.46374425845008, -33.7306875211559], [150.47053099808224, -33.728155000955304], [150.4724209986428, -33.71997900131892], [150.46822944874734, -33.71936284115894], [150.46900299881824, -33.71576599107515], [150.4660900084902, -33.71533400122796], [150.4684879784962, -33.71197199074464], [150.46566897889633, -33.710282001061856], [150.4746969980944, -33.70310400107864], [150.47460764806297, -33.69869416126452], [150.4575819988573, -33.70283100095919], [150.4488896387584, -33.70227661075141], [150.44654089822666, -33.71978619120994], [150.44101574808792, -33.71945919107751], [150.44478600877645, -33.726157001241695], [150.43944098881846, -33.752836001033685], [150.4454399885915, -33.75559799119422], [150.45176199828612, -33.75328100120503], [150.45293802863864, -33.75646699081513]]]}}, {"type": "Feature", "properties": {"postcode": "2780", "name": "Katoomba", "region": "Blue Mountains", "flexibleExport": 46.3, "networkVisibility": 70.0, "connectionAssessment": 53.4, "derOrchestration": 48.1, "composite": 54.4, "solarKwTotal": 15627.53, "solarGrowthPct": 41.38513513513514, "batteryInstalls": 389.0, "meanAvailableKva": 661.093495, "distSubstationCount": 214}, "geometry": {"type": "MultiPolygon", "coordinates": [[[[150.348086018296, -33.719999001170834], [150.35436583861332, -33.70997503118385], [150.35107386882987, -33.70917115137707], [150.35459100852577, -33.69998901071656], [150.34398454876222, -33.6984709212672], [150.34610099843624, -33.68841700088596], [150.3498939388907, -33.6852980807425], [150.3472430086906, -33.682949011338906], [150.33837500819075, -33.68169900129644], [150.3373189882686, -33.68706400108466], [150.32693999810465, -33.68562799082471], [150.33008497835482, -33.67774300111533], [150.32148700873438, -33.679767011084195], [150.3213199786854, -33.67580499080783], [150.3147579786727, -33.67585999082734], [150.31364399855008, -33.67269300082359], [150.31137299822302, -33.67529001093779], [150.30867199862396, -33.67474900110504], [150.30952500827507, -33.667151010655566], [150.28904299848725, -33.677867000992386], [150.28675999846465, -33.6726770008032], [150.28400880819402, -33.67348970118704], [150.2844289987614, -33.66949699111476], [150.2749629780988, -33.66848210124667], [150.27421687874633, -33.67245555100469], [150.27092793898038, -33.67202389136475], [150.2701759987819, -33.676130001150554], [150.2729620086512, -33.67649199064707], [150.27119500811432, -33.68580600126113], [150.27346701814776, -33.686105001186], [150.27424497894674, -33.68186200080191], [150.27952999863024, -33.68255600125408], [150.27682600853964, -33.69882099109385], [150.2680910081091, -33.69764300126989], [150.26673900857222, -33.7044490113485], [150.26309298848082, -33.70391500062242], [150.26082498852682, -33.71567000090833], [150.27324601821482, -33.71735901106719], [150.2745519889749, -33.71047000069246], [150.28464401860953, -33.71176700108417], [150.28537499841744, -33.70938601127036], [150.28777899881388, -33.71325800118461], [150.28669469813005, -33.71888045109434], [150.28239002878067, -33.718305011318634], [150.28026408840572, -33.72561504077006], [150.28602199832272, -33.72638599089244], [150.28217697893797, -33.73232199067478], [150.28819699839036, -33.73310501070636], [150.28870500825994, -33.730453001053675], [150.29159802814087, -33.73083900099887], [150.29082097823357, -33.73489200129969], [150.30006099894038, -33.73606800102041], [150.30386600826068, -33.73228300077935], [150.3018609883095, -33.72665500119433], [150.30525297831332, -33.72634500122727], [150.31214201898834, -33.73291000082429], [150.3160697884821, -33.730724501357855], [150.3174860184601, -33.720425991331325], [150.32496497829067, -33.720750001316475], [150.3257879887028, -33.72539600091587], [150.33159242865668, -33.72648941120557], [150.33224300834834, -33.71940899125166], [150.33661402816287, -33.720006011242255], [150.33698899843725, -33.725778010756876], [150.34002199829732, -33.7262060106803], [150.33899700888003, -33.73170426134659], [150.33665997878626, -33.731610001314145], [150.33859499841728, -33.73788001135053], [150.3424509988081, -33.73228300077935], [150.34057201877945, -33.73139999107475], [150.34898497857048, -33.72731900086984], [150.3475559583794, -33.7227002907658], [150.3575479884549, -33.724574011284105], [150.35272300860487, -33.719666001198604], [150.348086018296, -33.719999001170834]], [[150.2930680681027, -33.70474606093055], [150.29073863865466, -33.70111218109901], [150.2901250785358, -33.686655931038146], [150.30333099862693, -33.68073700078252], [150.30540502895488, -33.682597031255725], [150.30335551814258, -33.682682330898864], [150.3015080384377, -33.69054204063695], [150.296377998802, -33.69411300079432], [150.2997810084394, -33.69439300116653], [150.2956839882612, -33.69957999086342], [150.29735298888883, -33.700896011330705], [150.30106700875234, -33.697707990959834], [150.30132217880205, -33.69403637122823], [150.30607108841556, -33.69533182078048], [150.30485198833674, -33.69939801131575], [150.30007000814433, -33.70202401112049], [150.29946443853999, -33.705362441066015], [150.2930680681027, -33.70474606093055]]], [[[150.3289709982322, -33.66629000078135], [150.31958097863588, -33.66574299122366], [150.316518008283, -33.668355011330206], [150.32807802882232, -33.670466000662806], [150.3289709982322, -33.66629000078135]]]]}}, {"type": "Feature", "properties": {"postcode": "2782", "name": "Wentworth Falls", "region": "Blue Mountains", "flexibleExport": 53.2, "networkVisibility": 54.3, "connectionAssessment": 60.0, "derOrchestration": 58.9, "composite": 56.6, "solarKwTotal": 8271.97, "solarGrowthPct": 34.56090651558073, "batteryInstalls": 231.0, "meanAvailableKva": 126.35053086419754, "distSubstationCount": 86}, "geometry": {"type": "Polygon", "coordinates": [[[150.37152700856106, -33.692249001051955], [150.37197697828014, -33.690049001306626], [150.36125521885148, -33.6868452411159], [150.35971297859538, -33.694436991222894], [150.35710899884361, -33.69407101138515], [150.3552330084082, -33.69676100073405], [150.35107386882987, -33.70917115137707], [150.35436583861332, -33.70997503118385], [150.35211298874654, -33.71382000136021], [150.3570609982647, -33.71458299106617], [150.35929600848823, -33.711458010699594], [150.36400201815707, -33.71376400117], [150.36201802866492, -33.717910001289745], [150.36375601810977, -33.72199000132766], [150.37879598809224, -33.72867600097716], [150.38118742824437, -33.72641193115491], [150.37917247831604, -33.73687564130407], [150.37051402872083, -33.735739001072794], [150.370930018766, -33.741711000629074], [150.37932128873442, -33.74298073097855], [150.3784117481025, -33.74513208076326], [150.37091599875927, -33.744061001275114], [150.36842202849388, -33.757693011100976], [150.37327298852034, -33.75832400104333], [150.37097800856503, -33.770200000748616], [150.3818426387514, -33.77161235062742], [150.38407198869027, -33.759728011049916], [150.39988301861376, -33.76178300134297], [150.40135900811777, -33.753846000956386], [150.37968599845158, -33.75255500068414], [150.38099999835367, -33.74549200100213], [150.37916897847967, -33.74524700113772], [150.37957799849656, -33.741524010632475], [150.3844327889393, -33.740610350864344], [150.38612098836123, -33.7429419909376], [150.39196700863462, -33.74370301119463], [150.39945797894046, -33.71546400086439], [150.3880809982251, -33.713834000841636], [150.38902977816696, -33.70939698127317], [150.3778121981088, -33.70568695104888], [150.38130400890702, -33.70633199094264], [150.3818649789542, -33.703760990656654], [150.3951310089142, -33.707250000977915], [150.3959959886165, -33.702921000667395], [150.40123198813328, -33.7036540111044], [150.40500301867795, -33.69689499111498], [150.40849898867586, -33.69789100098108], [150.40884599888696, -33.69608199105126], [150.4048420181211, -33.69409800105562], [150.4054649988723, -33.69102100069273], [150.39812400859134, -33.69235001093248], [150.39715500847078, -33.68776700085912], [150.39134099876426, -33.68691900082631], [150.38965600812455, -33.694384011368165], [150.38655098853152, -33.69394400114519], [150.3854706682826, -33.69929646115565], [150.37660798850416, -33.699241000807625], [150.376264998254, -33.69292401094215], [150.37152700856106, -33.692249001051955]]]}}, {"type": "Feature", "properties": {"postcode": "2783", "name": "Postcode 2783", "region": "Blue Mountains", "flexibleExport": 60.6, "networkVisibility": 70.5, "connectionAssessment": 53.0, "derOrchestration": 54.7, "composite": 59.7, "solarKwTotal": 3175.15, "solarGrowthPct": 93.26923076923077, "batteryInstalls": 82.0, "meanAvailableKva": 172.33219444444444, "distSubstationCount": 38}, "geometry": {"type": "Polygon", "coordinates": [[[150.44475027828602, -33.7037385709222], [150.43748900809658, -33.70349100136265], [150.43592099876813, -33.70975100074491], [150.4230909984706, -33.70791200079863], [150.42199296883416, -33.713258891149536], [150.41730899843256, -33.71349800070176], [150.41636148870853, -33.71797968076825], [150.41967999831874, -33.718456001186766], [150.4170338588341, -33.72269400117633], [150.42146185878713, -33.723867071131615], [150.4215950088751, -33.72809700113006], [150.42511499892547, -33.72996300138219], [150.42408299815742, -33.734955010751385], [150.4425900285554, -33.737123001055366], [150.44462800859267, -33.724227001389124], [150.44072275896474, -33.72168893110626], [150.44101574808792, -33.71945919107751], [150.44654089822666, -33.71978619120994], [150.4488896387584, -33.70227661075141], [150.45166899839973, -33.70268799129765], [150.4522340189505, -33.69994999118833], [150.44785200824847, -33.69921101133896], [150.44475027828602, -33.7037385709222]]]}}, {"type": "Feature", "properties": {"postcode": "2784", "name": "Postcode 2784", "region": "Blue Mountains", "flexibleExport": 40.0, "networkVisibility": 53.7, "connectionAssessment": 53.8, "derOrchestration": 46.6, "composite": 48.5, "solarKwTotal": 1510.52, "solarGrowthPct": 38.333333333333336, "batteryInstalls": 32.0, "meanAvailableKva": 120.24410526315789, "distSubstationCount": 19}, "geometry": {"type": "Polygon", "coordinates": [[[150.4170338588341, -33.72269400117633], [150.41967999831874, -33.718456001186766], [150.41636148870853, -33.71797968076825], [150.41730899843256, -33.71349800070176], [150.42199296883416, -33.713258891149536], [150.42279899839255, -33.70933301074322], [150.41691899844523, -33.708510001208026], [150.41187286864357, -33.717425040894156], [150.39937198860824, -33.71720400078842], [150.39644000879343, -33.730191000690034], [150.407796988519, -33.72945901094687], [150.40704898833135, -33.733190990833705], [150.41610942862636, -33.73238395087888], [150.4155310088048, -33.73523800138813], [150.4204399982019, -33.74170501123055], [150.42942600858407, -33.742403001178204], [150.43377198875837, -33.746758010841205], [150.4369050088388, -33.74698900111356], [150.4380730082527, -33.744544001254404], [150.44087999827548, -33.74567500105397], [150.4425900285554, -33.737123001055366], [150.42408299815742, -33.734955010751385], [150.42511499892547, -33.72996300138219], [150.4215950088751, -33.72809700113006], [150.42146185878713, -33.723867071131615], [150.4170338588341, -33.72269400117633]]]}}, {"type": "Feature", "properties": {"postcode": "2785", "name": "Blackheath", "region": "Blue Mountains", "flexibleExport": 39.8, "networkVisibility": 58.7, "connectionAssessment": 64.7, "derOrchestration": 33.8, "composite": 49.2, "solarKwTotal": 6943.29, "solarGrowthPct": 49.81684981684982, "batteryInstalls": 184.0, "meanAvailableKva": 80.63720869565218, "distSubstationCount": 147}, "geometry": {"type": "Polygon", "coordinates": [[[150.28504941841578, -33.65052460122824], [150.30936699820984, -33.651595001127355], [150.30414800829297, -33.65940400122345], [150.31378922828375, -33.650831211388976], [150.31577300846843, -33.65206000108395], [150.3142679988892, -33.65704100084037], [150.3166929884222, -33.6594689906625], [150.31911501890477, -33.65791599074074], [150.31796800862747, -33.65253399120789], [150.31995100817616, -33.648694000892355], [150.2937479885682, -33.644391990667366], [150.29361968848443, -33.64208569073673], [150.30090600819554, -33.641190001194786], [150.3094740181029, -33.63593200114033], [150.30369799814974, -33.62903200070057], [150.3052680089246, -33.62806600121401], [150.30176499882978, -33.627139000843464], [150.30438500811948, -33.62314201133303], [150.310006008499, -33.61995901103631], [150.31698100806526, -33.6209149908557], [150.31743699829337, -33.618608011351206], [150.32594000880175, -33.618469001425524], [150.32790899822524, -33.62113300137761], [150.33177500854322, -33.61440299094549], [150.33011600885968, -33.6120990009201], [150.33338498806003, -33.608702001317006], [150.31671699859317, -33.60675800118767], [150.31407899874327, -33.610239001203034], [150.30533400814858, -33.61001300142786], [150.30310698843948, -33.61514801092996], [150.29866701843534, -33.61635900121917], [150.29657699809528, -33.61605601099182], [150.29779696864162, -33.61034500093316], [150.27755198832466, -33.609639000697015], [150.2803429982169, -33.60392800093178], [150.26935598874275, -33.602980000798645], [150.26636298816737, -33.60009300097898], [150.26445202811462, -33.601870130948434], [150.26754598854816, -33.606128000919924], [150.2671783287636, -33.60980428087009], [150.26063299878763, -33.60889501117797], [150.25897659882855, -33.61746963086041], [150.27146951889213, -33.619145490948], [150.27075857870153, -33.622928520984544], [150.2664626382818, -33.62234554126779], [150.26704575808895, -33.6316525606713], [150.26408878893955, -33.63122558123507], [150.26191805856453, -33.64166369070335], [150.24050416884032, -33.638575870857814], [150.23780739850963, -33.65122195111364], [150.24682442861683, -33.6562559010646], [150.2481455880917, -33.66410793125829], [150.24428858877434, -33.66540294136712], [150.23136364822938, -33.663004051181474], [150.22891493868119, -33.67599808129917], [150.21483108877467, -33.67484022111236], [150.2139281489635, -33.678736250995236], [150.20437105889403, -33.66822532095705], [150.1946997686974, -33.66309544065808], [150.18118739822856, -33.66203850086165], [150.1677668185138, -33.65650154068246], [150.16908300850852, -33.65985799088574], [150.16286300880256, -33.66506500081307], [150.16546399896106, -33.66939301098809], [150.15699402848884, -33.67621501117455], [150.16222301845144, -33.681437000930096], [150.15667599882715, -33.68587401075268], [150.15902798856524, -33.69037800070937], [150.16113502838667, -33.689858000836985], [150.16384999858505, -33.6823169909576], [150.1706700288833, -33.676763000715084], [150.18392299823742, -33.680162000669185], [150.17546999873758, -33.68536300128289], [150.1813829982969, -33.6924569911071], [150.1812409782437, -33.705794620822566], [150.18466098849785, -33.71033658072618], [150.17800313824435, -33.715308641199606], [150.17738423853947, -33.72067865115682], [150.18143920857912, -33.72254859108816], [150.18837613844195, -33.72050952071366], [150.19743689853718, -33.71289244077544], [150.2012309286481, -33.718103390956166], [150.20722481880375, -33.714051341096855], [150.21241489823984, -33.721228270680584], [150.20985098873967, -33.72611225116256], [150.19943114858648, -33.7284493506596], [150.19518130880883, -33.73427535129725], [150.19099428821906, -33.73295342130893], [150.1797986081892, -33.74317056081052], [150.18462364822642, -33.750164430774376], [150.19179958834536, -33.75027832112571], [150.1956987384125, -33.75802819068428], [150.19319289870725, -33.76316919113983], [150.19567489892145, -33.76663714093928], [150.19092606835972, -33.77038717090091], [150.1890328886614, -33.77632946057561], [150.17758374897417, -33.77828697083905], [150.1790225383439, -33.784602110878275], [150.17099983905166, -33.789156331176684], [150.1911860183451, -33.79220500080117], [150.19504300867928, -33.795985010811044], [150.22004299817047, -33.797628991181185], [150.22283502854887, -33.78925301107187], [150.234836988767, -33.79048599063082], [150.2392710083307, -33.75884700086774], [150.24422299828385, -33.759487001146546], [150.2462199881947, -33.745446010593305], [150.26260100814918, -33.74262000092597], [150.26636200900367, -33.72928999119249], [150.27607297868468, -33.73115200071894], [150.27310800824108, -33.73361699124825], [150.27975899895912, -33.73462101097385], [150.28268899888698, -33.7296480010765], [150.28532897862377, -33.73000100093535], [150.28602199832272, -33.72638599089244], [150.28026408840572, -33.72561504077006], [150.28239002878067, -33.718305011318634], [150.28669469813005, -33.71888045109434], [150.28777899881388, -33.71325800118461], [150.2853529887947, -33.70937300120391], [150.28464401860953, -33.71176700108417], [150.2745519889749, -33.71047000069246], [150.27324601821482, -33.71735901106719], [150.26082498852682, -33.71567000090833], [150.26309298848082, -33.70391500062242], [150.26673900857222, -33.7044490113485], [150.2680910081091, -33.69764300126989], [150.27682600853964, -33.69882099109385], [150.27952999863024, -33.68255600125408], [150.27424497894674, -33.68186200080191], [150.27346701814776, -33.686105001186], [150.27119500811432, -33.68580600126113], [150.2729620086512, -33.67649199064707], [150.2701759987819, -33.676130001150554], [150.27089964833712, -33.67213863075224], [150.27421687874633, -33.67245555100469], [150.2749629780988, -33.66848210124667], [150.28003402896314, -33.66918901127514], [150.27842412849802, -33.65951800076328], [150.28504941841578, -33.65052460122824]]]}}, {"type": "Feature", "properties": {"postcode": "2786", "name": "Bell", "region": "Blue Mountains", "flexibleExport": 23.3, "networkVisibility": 57.9, "connectionAssessment": 35.4, "derOrchestration": 23.4, "composite": 35.0, "solarKwTotal": 2005.06, "solarGrowthPct": 34.61538461538461, "batteryInstalls": 59.0, "meanAvailableKva": 1416.006890410959, "distSubstationCount": 88}, "geometry": {"type": "MultiPolygon", "coordinates": [[[[150.26759099863548, -33.531864011154475], [150.27284498871245, -33.533618011457506], [150.27608301825632, -33.539517990980556], [150.276887988701, -33.53785099108971], [150.28587482822806, -33.540842001111], [150.2876569788523, -33.533069001305705], [150.2687580081059, -33.531206001104934], [150.2742460084161, -33.52823501136613], [150.27376299866086, -33.518740991284474], [150.28194374844253, -33.511828930809], [150.28524699837098, -33.51186201144405], [150.2950200182819, -33.51906001097966], [150.2986630083559, -33.51920399140363], [150.29934398883344, -33.5145250108817], [150.29022800839937, -33.51410600121709], [150.29095197865314, -33.509864011127206], [150.28415998836815, -33.50901099130241], [150.2847730085995, -33.505403990885824], [150.28143902820344, -33.50499399081041], [150.2820190083987, -33.501415001123576], [150.27654499845076, -33.500715000885776], [150.27678961868577, -33.49917994112365], [150.31466829806126, -33.504413721453965], [150.3119116280674, -33.52014981106384], [150.33100142882788, -33.522525671248644], [150.3356191484773, -33.51194757149277], [150.34236806813772, -33.51205348146479], [150.3482119387426, -33.50896839109835], [150.3473807285085, -33.49901233145195], [150.35364868836916, -33.49943526081597], [150.35576955865267, -33.495917191106976], [150.3484906186016, -33.49239426098736], [150.3544193880857, -33.489442731190906], [150.35173298880497, -33.485948001046616], [150.3483529787338, -33.488477011503264], [150.34332900857353, -33.48398700122132], [150.34200500862573, -33.48784901095309], [150.33816301836012, -33.48541500110568], [150.33670801799278, -33.48853701127931], [150.33126400818207, -33.48680500092446], [150.3285120184108, -33.490051010799334], [150.32094599835452, -33.489717011413205], [150.31752799852995, -33.48477000093476], [150.32120602828994, -33.48239700098744], [150.3207840186341, -33.477156010829205], [150.31709999800944, -33.47894400138117], [150.31710499803236, -33.47291100139961], [150.30599800867057, -33.47618100146897], [150.30103597824746, -33.46750400138795], [150.29701999868436, -33.46831301146346], [150.2941420085165, -33.472627011355605], [150.29462997876868, -33.46907700145061], [150.28673600805664, -33.46599300102034], [150.27821198864874, -33.46779501109216], [150.27573698810718, -33.463510001336715], [150.27386202803942, -33.46611201101337], [150.27070699833624, -33.464649010823415], [150.26760398827446, -33.467492000920466], [150.26473698809576, -33.46383701089432], [150.26284201805504, -33.466999011376664], [150.25945200883646, -33.46415500091007], [150.25739398828347, -33.45600096099026], [150.25526494872074, -33.45768999115895], [150.2541248285217, -33.455078021414046], [150.25132115867217, -33.455082961242425], [150.25068685825008, -33.45700499105429], [150.2544139081768, -33.457564991166066], [150.25347432878007, -33.46198218103224], [150.25127162826234, -33.461879630923406], [150.250075998467, -33.472517000771994], [150.24461000867794, -33.46779501109216], [150.23917698885643, -33.47079401143337], [150.2455209785295, -33.47897200101687], [150.24511199803845, -33.48333801122127], [150.22891300820163, -33.494661001203454], [150.23189099882697, -33.49787199082393], [150.23130798861436, -33.50126600146587], [150.25570297803307, -33.505490220973726], [150.2533412487606, -33.5181812907465], [150.25767021843666, -33.518740231120354], [150.25067393867968, -33.55804550104459], [150.24125098864167, -33.55679361120459], [150.2405550485197, -33.560419621377235], [150.23634275832094, -33.559811751172376], [150.23542211810536, -33.56201767140602], [150.22611816879137, -33.56051575107262], [150.22689002823296, -33.54951071076807], [150.21564214889864, -33.547976781152435], [150.21218030859328, -33.55854987086118], [150.22475612878455, -33.56032069117465], [150.22745135850457, -33.563532251164304], [150.22552138830375, -33.57167678099091], [150.22874232829764, -33.57207777068938], [150.2281463580904, -33.5750587709334], [150.23525330849384, -33.57600171090887], [150.23542799847726, -33.58136701084934], [150.23883632883607, -33.580557711280484], [150.23694157888258, -33.59327074115278], [150.24482645864393, -33.59441968133213], [150.24321859825292, -33.60243971114897], [150.25027448841556, -33.603440670812276], [150.24901559835953, -33.60911170095305], [150.2671783287636, -33.60980428087009], [150.26754598854816, -33.606128000919924], [150.26445202811462, -33.601870130948434], [150.26876899809514, -33.5968990009416], [150.26525700844073, -33.59643000080661], [150.2667929982191, -33.59280101116322], [150.26024872825516, -33.592217520883544], [150.26269699852716, -33.58028400126459], [150.2584989888465, -33.57830900115701], [150.2616820082573, -33.57536700133832], [150.2590649984424, -33.567451991430644], [150.26409998823624, -33.55383801083601], [150.26106898892428, -33.54092601105647], [150.26759099863548, -33.531864011154475]]], [[[150.47284943843945, -33.4983322410247], [150.47727549803142, -33.496713431540876], [150.4784284686306, -33.49238340118956], [150.48576817881232, -33.48624103086603], [150.47216097858882, -33.48456700141124], [150.47582900830304, -33.47196900118442], [150.4708940279498, -33.46684899105057], [150.4719049982587, -33.461344001562445], [150.46850301809064, -33.46089900132522], [150.4679859981188, -33.46377799147014], [150.4623959887182, -33.46766000131933], [150.45744599841487, -33.46702500129469], [150.456635998303, -33.47145801100354], [150.45895899850856, -33.4717509909253], [150.4541049788203, -33.48334400136715], [150.44560798882094, -33.48494900088758], [150.44649300814055, -33.490022001106084], [150.4432209980244, -33.48956000083989], [150.43646499874126, -33.49445401097056], [150.42686096810493, -33.49315100109668], [150.43045100878115, -33.48862000143625], [150.42680800882567, -33.48592401121241], [150.4200769782159, -33.4895150109081], [150.4182359888389, -33.495797000974065], [150.41494298868776, -33.49530099092132], [150.4146250084334, -33.49209700124998], [150.39400998869473, -33.49590800080779], [150.38746199880723, -33.49232501102412], [150.38649200874323, -33.49460800113119], [150.38974401876786, -33.49755699140951], [150.3860689786012, -33.50102001101674], [150.37104042800257, -33.498211041450695], [150.36751536875911, -33.49247105116604], [150.36078301852407, -33.49530401142568], [150.36500799832456, -33.50362400126238], [150.36232499826886, -33.50475499136479], [150.36326099877746, -33.50881900147327], [150.3588060287047, -33.50865600119503], [150.35673399802656, -33.51854500128143], [150.3680420285523, -33.516674011460104], [150.37158299875605, -33.52212599127516], [150.37460300807885, -33.517738000970766], [150.3983420288125, -33.50962301104539], [150.39749598829138, -33.50527299094864], [150.40296201850464, -33.50133501131358], [150.40623901876216, -33.5019190009957], [150.40857501848825, -33.50665200123769], [150.40970399867948, -33.49996399152826], [150.41945500806932, -33.50105801126793], [150.42200201846234, -33.50771901122618], [150.42533899833316, -33.50639800091356], [150.42605800808988, -33.501942990893056], [150.4226809885103, -33.501420001233335], [150.42301299865284, -33.49946701129777], [150.44515100864942, -33.5019190009957], [150.44717898864093, -33.49222200088026], [150.47284943843945, -33.4983322410247]]]]}}, {"type": "Feature", "properties": {"postcode": "2787", "name": "Postcode 2787", "region": "Blue Mountains", "flexibleExport": 51.7, "networkVisibility": 47.5, "connectionAssessment": 54.8, "derOrchestration": 59.6, "composite": 53.4, "solarKwTotal": 6306.24, "solarGrowthPct": 24.609375, "batteryInstalls": 86.0, "meanAvailableKva": 38.6435625, "distSubstationCount": 35}, "geometry": {"type": "MultiPolygon", "coordinates": [[[[149.80732299853162, -33.59423000107269], [149.79143100884144, -33.592397001113206], [149.79213199839367, -33.58904199110473], [149.79008700880217, -33.588775001003896], [149.78720007860053, -33.604238280749655], [149.77380599828837, -33.60109500096773], [149.77195898840236, -33.60119000120097], [149.77322302849984, -33.604167000744056], [149.766526009005, -33.6032180111281], [149.76595298895663, -33.605716000677845], [149.76934500860486, -33.6062180008125], [149.76855999872583, -33.61858200114842], [149.7586929988665, -33.61733700093012], [149.75649200874108, -33.62980600060697], [149.76047900865314, -33.63030300091963], [149.75930199823864, -33.6369189906312], [149.76513297891748, -33.637801000678174], [149.76375101876926, -33.644097990883935], [149.76683402873957, -33.64494400062817], [149.76393599895425, -33.65570400103274], [149.7614230086593, -33.65533500067305], [149.75117501891492, -33.69320500103051], [149.74771999861923, -33.692474990539026], [149.7486810082253, -33.6905280007347], [149.7434530091045, -33.6849220007951], [149.73950399894582, -33.68511401087578], [149.73384583885624, -33.69815096093783], [149.71713598879546, -33.69760101059615], [149.71871997825443, -33.694799000795605], [149.7163029891173, -33.69305600049038], [149.7141449986496, -33.69651800077251], [149.7115489788696, -33.696295001012], [149.7143639989327, -33.689148010807784], [149.708508008258, -33.690132001147525], [149.70667297830462, -33.68693600055478], [149.70850300823514, -33.68639900095549], [149.70314400869475, -33.683087000724974], [149.6981329985291, -33.686206010812846], [149.69756202843618, -33.68967000094244], [149.67693901908137, -33.68705399097096], [149.666468009093, -33.69505201106489], [149.66457598911964, -33.69930700047118], [149.6606489984653, -33.698615990971916], [149.65826700858986, -33.70096801093297], [149.65275400906373, -33.71357001066326], [149.6433599991509, -33.71635400107841], [149.63718500863394, -33.729653000663454], [149.63892798911846, -33.73596300104704], [149.63569102856974, -33.73766700070058], [149.63544398917168, -33.749347010605696], [149.63076899832964, -33.75810400060214], [149.63514202857374, -33.75978700070589], [149.63741298847663, -33.77141801075976], [149.6432060090466, -33.76924000054663], [149.64608100872292, -33.777775000884596], [149.6579779990034, -33.78920000090539], [149.65706100864284, -33.793847000781305], [149.64880999892787, -33.791120010530086], [149.6471249786438, -33.80077601085594], [149.64422399879118, -33.79929000105874], [149.6422170088345, -33.81024499093624], [149.64520500848877, -33.81062900071761], [149.64356202846164, -33.81958600038185], [149.64623700835853, -33.81940801074336], [149.64695200893416, -33.823987001035306], [149.64292400901425, -33.82704099089928], [149.64087099836559, -33.83382100061716], [149.64291101847695, -33.83610100063765], [149.64609100876868, -33.834461990405174], [149.64672000913058, -33.836410010396044], [149.64124898877594, -33.838947001039905], [149.64025399859756, -33.84174300083684], [149.648601988634, -33.84762800078482], [149.65243499844166, -33.860909000435036], [149.65742301892254, -33.86298899057845], [149.65433098896855, -33.866519990878814], [149.65784400899062, -33.86650499072062], [149.659916989188, -33.869270000460894], [149.65372399912772, -33.87223400087947], [149.65332000877814, -33.876072010590605], [149.65766701842176, -33.87892201100328], [149.65755298897454, -33.8829220008982], [149.66453500887474, -33.88370899098917], [149.6635620184377, -33.88604900059591], [149.66561299889375, -33.88710300058947], [149.66824000875442, -33.88168700034427], [149.6728860190471, -33.88161500042236], [149.6688009788016, -33.90313199031531], [149.6658221787942, -33.902370760695305], [149.66324899868027, -33.89583400059578], [149.66489697873024, -33.9178070106054], [149.70592099858027, -33.923258000760235], [149.70487198911061, -33.92888200040674], [149.72654098869742, -33.93185300076063], [149.72730379851083, -33.92796623045607], [149.74663401898403, -33.92360101058442], [149.74086011905493, -33.954056870744765], [149.75018108874863, -33.95538079035593], [149.74751501924104, -33.968238010581324], [149.74291823842262, -33.96758204055014], [149.74108834862923, -33.97654381079916], [149.74612527878412, -33.977250780838375], [149.74466699866767, -33.984444010323536], [149.724284008377, -33.98386699063408], [149.7179769888695, -34.00085501025733], [149.72430097845105, -34.000841000402446], [149.7238319887024, -34.00333401069842], [149.71831800911423, -34.005756010489094], [149.718373998411, -34.00825099062082], [149.7151700284911, -34.0070040008313], [149.7150049792273, -34.010483000868085], [149.70895199879055, -34.010760000240325], [149.7086289789874, -34.01585000077849], [149.70519800838846, -34.013983990547565], [149.704284018401, -34.01629600048503], [149.70830499888527, -34.019962990480096], [149.7009540085585, -34.023603000368304], [149.70522899846915, -34.02536299028], [149.70269297896363, -34.02789200047994], [149.72639100867255, -34.029347010737816], [149.72579199856636, -34.03646901090826], [149.72916799855807, -34.03593500077911], [149.73130897852758, -34.03130099068336], [149.7363889784087, -34.0303080102544], [149.73691000846, -34.036108000535194], [149.7428399888731, -34.03163901026893], [149.74205800901157, -34.035574990874025], [149.74533402920716, -34.036044010877596], [149.74354596856668, -34.04543901066893], [149.75885997860976, -34.04747301034477], [149.75706498926357, -34.05645999082058], [149.7830630187136, -34.059861000246435], [149.78123900929208, -34.06892091024742], [149.7966639792391, -34.0711730109522], [149.79870498839554, -34.06239800071566], [149.8135670191882, -34.06431400089842], [149.81289899870535, -34.06786101063853], [149.82765901861103, -34.06869601083455], [149.83236700906502, -34.07680600047941], [149.83034599910172, -34.080459010947415], [149.83235699913783, -34.08436700077001], [149.83112100893504, -34.08723301035025], [149.83409899866206, -34.09029600075149], [149.8315679791794, -34.092352990603175], [149.8303379690614, -34.10124999063357], [149.8367670085306, -34.10217200041462], [149.8375541689764, -34.09835017047186], [149.84685206903526, -34.09962305089198], [149.8438260284237, -34.10931000085754], [149.86317197839753, -34.11279399075705], [149.8629139984176, -34.116450000577586], [149.86662699869328, -34.11924400029302], [149.86294301849287, -34.12240300055619], [149.86152699872062, -34.13565899063515], [149.90425101916043, -34.1412820007618], [149.89676000843036, -34.17886201041776], [149.90595399856366, -34.18013100030393], [149.90613798880523, -34.182694000540465], [149.9132599788031, -34.183016000334064], [149.91557298884445, -34.1820350007547], [149.91656301852578, -34.1772020005043], [149.92005500898708, -34.17772999032118], [149.92059699853058, -34.17489000059139], [149.91537197912155, -34.174267990899], [149.9174129891763, -34.16364600028414], [149.9372260289619, -34.16559753023188], [149.936986079068, -34.15580000038433], [150.0538319989272, -34.16927701041688], [150.0552689988529, -34.173579000623455], [150.06071100901383, -34.172127010754444], [150.06193699917088, -34.176169000773], [150.0592680092403, -34.17741300092573], [150.06341298867488, -34.18308900081337], [150.06280099881116, -34.189576010912575], [150.0660389789477, -34.19533900038238], [150.06289800877695, -34.200722990579315], [150.06387299886384, -34.20610699059524], [150.06024398927062, -34.20656300062426], [150.0572640187584, -34.210362990732115], [150.05994001914144, -34.21705300093771], [150.05150099922403, -34.225438990766605], [150.05317499897617, -34.230151000530334], [150.04984199864217, -34.23423900033518], [150.05647597886198, -34.23438400051697], [150.06178099863695, -34.23769800056974], [150.05737599914846, -34.243768000919076], [150.0580350086308, -34.24692401033918], [150.05417698882724, -34.24743699073886], [150.05294201911065, -34.250143010393785], [150.05768701925606, -34.25172600036081], [150.05980598870445, -34.25537499025103], [150.0565889887213, -34.26217800072218], [150.05797798896643, -34.26551800033436], [150.06121798851578, -34.268833000818496], [150.07202899916112, -34.26810701059331], [150.08347101880136, -34.27228399092934], [150.09133599908253, -34.26643499079627], [150.0962160187101, -34.26636501056139], [150.09822500921487, -34.2684100006527], [150.09679698884872, -34.27827599077589], [150.1171450086237, -34.28281099054927], [150.12469498926063, -34.28813599061783], [150.12653199910085, -34.29312200080209], [150.13590775884037, -34.2937952202943], [150.13850100911438, -34.29974900093674], [150.1498960190175, -34.29548900083789], [150.16020098890036, -34.30727001059407], [150.1780570084153, -34.30780299080208], [150.187371989041, -34.303356000767295], [150.19853500902192, -34.30332599082746], [150.20824797925115, -34.294120000765915], [150.21302601853435, -34.27925100050794], [150.22478098876175, -34.27176499090714], [150.22554897915936, -34.261510000474715], [150.23108000877164, -34.24457700033224], [150.22992299844867, -34.231798000945965], [150.23526498838913, -34.22804799045411], [150.2541589986385, -34.22521200086092], [150.2609589785396, -34.21513400045991], [150.26622497909196, -34.212580000955036], [150.270940998688, -34.217240000453785], [150.27015500874697, -34.22340599046632], [150.27823983911753, -34.22446271034538], [150.27712588863938, -34.22721771093124], [150.28592972876666, -34.228478660933455], [150.28649872885418, -34.22572567063036], [150.33133598838916, -34.23220041052379], [150.33040698845159, -34.236947990859086], [150.34700400921432, -34.233926000653675], [150.3529409884018, -34.234731010694205], [150.35175313891506, -34.239006430731166], [150.35665070892833, -34.23971030040039], [150.35722663861992, -34.236925270861875], [150.5013740083721, -34.25725999060165], [150.50509700869344, -34.24391400055475], [150.497006998637, -34.24154001066401], [150.48841402903943, -34.24264801070274], [150.48851501854202, -34.24084600045128], [150.47826600831144, -34.23616400073703], [150.47551700903182, -34.22893000070947], [150.47044098868741, -34.22757201088546], [150.4745340284305, -34.22143500049689], [150.47052299858464, -34.21908101059411], [150.47228602856796, -34.216902000791215], [150.4715120086782, -34.20410700082213], [150.4660950085131, -34.19570200063098], [150.46499500887126, -34.18804700072059], [150.4594849989383, -34.186968001026614], [150.4558129887891, -34.18253000089787], [150.45609100838638, -34.17761400063926], [150.450324008417, -34.17360801040782], [150.44991801841758, -34.16786899077698], [150.4461039891135, -34.16345201082452], [150.44513699852422, -34.153781001003374], [150.4502449890113, -34.15008899091543], [150.44628199837186, -34.147426990418275], [150.44741298899274, -34.14040800085394], [150.45673997829707, -34.12483100071329], [150.4532270085807, -34.12190200049004], [150.45002700831603, -34.11321400062533], [150.44326801854135, -34.10891800099077], [150.44446400856117, -34.10671401051715], [150.43938298909214, -34.10589499100849], [150.4433669985126, -34.09550500116907], [150.43633297873382, -34.08658800100639], [150.42553802906747, -34.08757999048766], [150.42649998909113, -34.08086801048417], [150.40946871912675, -34.07837276108136], [150.4135969791172, -34.07234800116723], [150.4110680086917, -34.07002000070954], [150.41245799888029, -34.06880099100504], [150.40683998899232, -34.062456991117664], [150.40001799857004, -34.062232990647125], [150.40296701852748, -34.061037010607194], [150.40049501835895, -34.06055199073152], [150.40423399881092, -34.05836500057341], [150.40426498889158, -34.054329001171524], [150.40669898852695, -34.05662100067366], [150.41119801826946, -34.050359010977154], [150.41282098832363, -34.046432000808174], [150.41125298887667, -34.04100700065634], [150.41976201899573, -34.028709001122536], [150.42054800893672, -34.024241011147254], [150.41827901903932, -34.02301701069963], [150.421084008514, -34.022260010772435], [150.42226602883284, -34.016794000764236], [150.43123001881233, -34.009401011092315], [150.4309984690647, -34.00544582112256], [150.44416098884952, -34.00796001087192], [150.44580698901262, -34.00555099055896], [150.45884701901684, -34.00685001069085], [150.46053298882015, -34.01735801081158], [150.4668359883668, -34.024894000572], [150.47131099895523, -34.02103801066077], [150.47345300839402, -34.02392501052503], [150.47883401845547, -34.023085000888194], [150.4927390182805, -34.01356099112369], [150.50217674829992, -34.015005080969736], [150.50207199844957, -34.01145701056665], [150.506043018231, -34.00917901062245], [150.50339402839197, -34.0056260111851], [150.50445401886762, -34.00222301096516], [150.5086049882685, -34.002664990793264], [150.50875499883605, -34.010980000939334], [150.52912097862853, -34.0144430009571], [150.52553200874416, -34.02091600073443], [150.53048399869732, -34.02545100080412], [150.5386520085716, -34.02261101092611], [150.54370199843405, -34.01721300054377], [150.54855102887927, -34.01764200097588], [150.55200497838317, -34.0161590009948], [150.5404310186855, -34.015142001160264], [150.5383620090417, -34.012013000644195], [150.54083002877522, -34.003142990675485], [150.54693698897734, -34.000822000854946], [150.54551498822198, -33.99877500111814], [150.54820799820482, -33.995166000691135], [150.54873399863462, -33.98734901119489], [150.55881000861282, -33.98076900073197], [150.55822800900484, -33.97813601110688], [150.55603100829762, -33.97949200081386], [150.55412201825033, -33.97758600086383], [150.55813197820265, -33.97210701069726], [150.55395298855146, -33.97375700075501], [150.556188978837, -33.96983500107646], [150.55053402842793, -33.968766000665326], [150.54883601850486, -33.95989401058505], [150.5457659981736, -33.95881500075974], [150.55380800854945, -33.95433900102458], [150.55620897892845, -33.948307000620794], [150.54910899855335, -33.94417800073858], [150.54840600845304, -33.93624799113999], [150.54545698849563, -33.93832401056589], [150.53696497875623, -33.938223000820685], [150.53489699858167, -33.932930000926824], [150.5693750084311, -33.921084010717415], [150.57020000861164, -33.9189139906147], [150.56707998894993, -33.917513010814794], [150.56827598885127, -33.91166901069861], [150.56389299898555, -33.91137900059243], [150.55754973874454, -33.905342651241654], [150.59645738887068, -33.88414433115943], [150.6117053287229, -33.872692350936866], [150.61330099897552, -33.86443199124492], [150.6111968481361, -33.857888800762886], [150.59591812840893, -33.85716505088533], [150.59194714815337, -33.85464009120117], [150.58804212849415, -33.84621212129726], [150.59040498874558, -33.837390081213876], [150.59732870888215, -33.827355010879465], [150.60914437827327, -33.82258383098158], [150.61968904831832, -33.814067700782154], [150.64303499862297, -33.77977736074879], [150.63293599806175, -33.77888300089025], [150.62766498850337, -33.782600001190886], [150.6221053089218, -33.77656630138264], [150.62003499851735, -33.77836600116435], [150.6204689782244, -33.77400000087883], [150.60921201871926, -33.77560500082807], [150.6065359788103, -33.771302991052586], [150.60723801849304, -33.767764001219554], [150.6163298081948, -33.76795884074655], [150.611622108795, -33.76548234124022], [150.6069629983705, -33.757962000907014], [150.60119299892636, -33.75688300137194], [150.6021879882064, -33.751880011410165], [150.59223400807136, -33.75051800126263], [150.5971279982982, -33.725216991400934], [150.59511501837528, -33.72493600143103], [150.59458898830104, -33.72755501107043], [150.58899400852206, -33.72681099107053], [150.5897520087554, -33.72302101140132], [150.58521198888647, -33.722406991280636], [150.58433200821733, -33.72693000108344], [150.57595200851242, -33.725800001113214], [150.57538800844782, -33.72875000120131], [150.57079700828822, -33.728124990951684], [150.57285399847353, -33.71767199120487], [150.57024107868807, -33.71731441107308], [150.56893298880232, -33.724315011440304], [150.56425102883026, -33.723666991009345], [150.5654050082375, -33.717705001147515], [150.5623440087883, -33.71917201121476], [150.5616329886477, -33.72271800143448], [150.55695102867563, -33.72205200111954], [150.55553401806165, -33.718249011064806], [150.55079598884285, -33.71569099108414], [150.55167001817324, -33.7112070013367], [150.53985099806613, -33.70813300130503], [150.54071501836768, -33.71596400113791], [150.52676300880555, -33.714716011392326], [150.523465998575, -33.73079001138904], [150.51053298846386, -33.72904600071248], [150.51192400812172, -33.72187900081716], [150.50575801872392, -33.71912500097815], [150.50249499894716, -33.72595300102988], [150.4983610086035, -33.72537301078766], [150.49765998850862, -33.7288190009792], [150.49375200890057, -33.72826500118607], [150.48923600818569, -33.75049099123319], [150.48623402894896, -33.75006399083167], [150.48607999842045, -33.7535960013736], [150.48069697882767, -33.75291199106366], [150.48120300881035, -33.74933001127991], [150.47440897845138, -33.74830599119493], [150.47146798853427, -33.74891699138676], [150.47073601878287, -33.75249301098212], [150.46272200889442, -33.75115499092544], [150.4615500281472, -33.756969010692174], [150.45826900882705, -33.757456000869716], [150.45293802863864, -33.75646699081513], [150.45176199828612, -33.75328100120503], [150.4454399885915, -33.75559799119422], [150.43944098881846, -33.752836001033685], [150.43941696876607, -33.744699990728655], [150.43377198875837, -33.746758010841205], [150.42942600858407, -33.742403001178204], [150.42064399841644, -33.74180500081544], [150.4155310088048, -33.73523800138813], [150.41610942862636, -33.73238395087888], [150.40704898833135, -33.733190990833705], [150.407796988519, -33.72945901094687], [150.40124899863142, -33.728550991114865], [150.40086001823192, -33.730569010928], [150.39644000879343, -33.730191000690034], [150.39196700863462, -33.74370301119463], [150.38612098836123, -33.7429419909376], [150.3844327889393, -33.740610350864344], [150.37957799849656, -33.741524010632475], [150.37968599845158, -33.75255500068414], [150.40135900811777, -33.753846000956386], [150.39988301861376, -33.76178300134297], [150.38407198869027, -33.759728011049916], [150.3818426387514, -33.77161235062742], [150.37097800856503, -33.770200000748616], [150.37327298852034, -33.75832400104333], [150.36842202849388, -33.757693011100976], [150.37091599875927, -33.744061001275114], [150.3784117481025, -33.74513208076326], [150.37932128873442, -33.74298073097855], [150.370930018766, -33.741711000629074], [150.37051402872083, -33.735739001072794], [150.37917247831604, -33.73687564130407], [150.38118742824437, -33.72641193115491], [150.37879598809224, -33.72867600097716], [150.36375601810977, -33.72199000132766], [150.36201802866492, -33.717910001289745], [150.36400201815707, -33.71376400117], [150.3596289986927, -33.71153700100265], [150.3570609982647, -33.71458299106617], [150.3501480085042, -33.713556000677464], [150.348086018296, -33.719999001170834], [150.35272300860487, -33.719666001198604], [150.3575479884549, -33.724574011284105], [150.3475559583794, -33.7227002907658], [150.34898497857048, -33.72731900086984], [150.34057201877945, -33.73139999107475], [150.3424509988081, -33.73228300077935], [150.33859499841728, -33.73788001135053], [150.33665997878626, -33.731610001314145], [150.33899700888003, -33.73170426134659], [150.34002199829732, -33.7262060106803], [150.33698899843725, -33.725778010756876], [150.33661402816287, -33.720006011242255], [150.33224300834834, -33.71940899125166], [150.33159242865668, -33.72648941120557], [150.3257879887028, -33.72539600091587], [150.32496497829067, -33.720750001316475], [150.3174860184601, -33.720425991331325], [150.3160697884821, -33.730724501357855], [150.31214201898834, -33.73291000082429], [150.30525297831332, -33.72634500122727], [150.3018609883095, -33.72665500119433], [150.30386600826068, -33.73228300077935], [150.30006099894038, -33.73606800102041], [150.29082097823357, -33.73489200129969], [150.29159802814087, -33.73083900099887], [150.28870500825994, -33.730453001053675], [150.28819699839036, -33.73310501070636], [150.28021002869022, -33.73206599131906], [150.27975899895912, -33.73462101097385], [150.27310800824108, -33.73361699124825], [150.27607297868468, -33.73115200071894], [150.26651599820974, -33.729234991004546], [150.26260100814918, -33.74262000092597], [150.2462199881947, -33.745446010593305], [150.24422299828385, -33.759487001146546], [150.2392710083307, -33.75884700086774], [150.234836988767, -33.79048599063082], [150.22283502854887, -33.78925301107187], [150.22004299817047, -33.797628991181185], [150.19504300867928, -33.795985010811044], [150.1911860183451, -33.79220500080117], [150.17099983905166, -33.789156331176684], [150.1719477889502, -33.79293512081023], [150.16899883906135, -33.79621012095645], [150.17194785901876, -33.798754111262845], [150.17967775873234, -33.79718207061957], [150.18078486853963, -33.804892041179315], [150.17343000827066, -33.817329000807945], [150.16861401875994, -33.81385701111107], [150.16794701876316, -33.81731901111509], [150.150954008945, -33.835560010750356], [150.15217102852563, -33.848561011168954], [150.14199598827054, -33.85739500109611], [150.13788200879816, -33.856736990484805], [150.124780988576, -33.86348300107176], [150.1203780282633, -33.87468401058028], [150.10549799882548, -33.87907400056566], [150.1019560090339, -33.88241399076586], [150.1018900089116, -33.889499991108124], [150.09476798837105, -33.88655000084552], [150.08948497911712, -33.89048401116159], [150.08886301885204, -33.89691200112765], [150.08072300856685, -33.895342000480554], [150.07987901889953, -33.9000300111069], [150.07555098886124, -33.899526991124844], [150.07151499842695, -33.910688010679664], [150.06430300891566, -33.91009401093199], [150.0509240086221, -33.91598000047712], [150.05146799871375, -33.90454201099609], [150.04839900875015, -33.89870500049815], [150.04781799908565, -33.88943700067765], [150.04392300911655, -33.88506601070899], [150.04827300835348, -33.87175200088385], [150.03941901887708, -33.85306700080338], [150.02565599868103, -33.853686011048076], [150.02315100878204, -33.84876501045304], [150.01995699848368, -33.84895500050517], [150.01581698852928, -33.84533899111671], [150.0161189886531, -33.84093599097078], [150.01207799909417, -33.83458600109546], [150.00198498849926, -33.83690901050501], [149.99689002897367, -33.832250000556236], [149.99163099844964, -33.83374501073705], [149.980071008453, -33.83055599101737], [149.96681902904237, -33.83227899060198], [149.96009601859134, -33.82246101112463], [149.95879800870134, -33.8175880010069], [149.96257297835857, -33.80839599112534], [149.95280097893374, -33.78860199103674], [149.95940400859877, -33.78585300062863], [149.96114900849602, -33.776204990589164], [149.99500202896124, -33.77919500093657], [149.99078298882145, -33.776187990616044], [149.98927699828192, -33.76359900071671], [149.98276400855443, -33.75114700120957], [149.98418057899397, -33.7433794411903], [149.97644950877554, -33.730818521053294], [149.96832055854816, -33.72775457110217], [149.96597652878174, -33.72445258099249], [149.96909950839228, -33.72270457124288], [149.96703751908237, -33.72061359068027], [149.96835636898862, -33.71448955062358], [149.96260841869312, -33.71390759092573], [149.96686526892327, -33.709634560701275], [149.9650122385282, -33.7071405709071], [149.967869198237, -33.7061815506947], [149.96658819884524, -33.703740550585], [149.97057414862672, -33.7036415210555], [149.969060088521, -33.70088152097375], [149.97444792847352, -33.6961754709529], [149.97611575859634, -33.68890945086826], [149.97840072862442, -33.688356430617695], [149.97952182879393, -33.69180744094183], [149.9844326884835, -33.68842338118593], [149.98103664887438, -33.68327542091215], [149.97585466864896, -33.682524451143635], [149.97836856893724, -33.67868343115434], [149.9774895485671, -33.67377543095148], [149.97189347823334, -33.664794460797225], [149.97544137893954, -33.66117543076156], [149.97833838823868, -33.66535444078335], [149.98507234825465, -33.66642640123225], [149.9834242990344, -33.6615144109324], [149.98735319860876, -33.65597738113542], [149.97911211887092, -33.64986736105395], [149.97977403889482, -33.64395230121285], [149.9738330083054, -33.63988229117801], [149.97308388881694, -33.631918240732894], [149.96839896889608, -33.63409928127105], [149.97059085818933, -33.628390211279196], [149.97727378850723, -33.62877820081747], [149.97236077825087, -33.62400418067011], [149.97507269866884, -33.620887130686896], [149.97407861848387, -33.614931100678476], [149.96504070883452, -33.61367113120959], [149.96094576825624, -33.61576115068013], [149.96152568826432, -33.61019511098475], [149.95161772882128, -33.60436513088194], [149.95290967867638, -33.6012991111618], [149.9499126284957, -33.59505708072097], [149.93714474849668, -33.59157017058439], [149.94341660884226, -33.58740911091821], [149.93441669882773, -33.585836150815105], [149.93707998894783, -33.5795180106443], [149.9393170087026, -33.57978200060939], [149.94145298864925, -33.57640000113593], [149.94219400892715, -33.568746990655534], [149.9403860182638, -33.56265000067206], [149.933589968492, -33.55868099072092], [149.93035501837292, -33.55118799080714], [149.93574098893143, -33.523170000694755], [149.9435439989327, -33.52281601079189], [149.94950400822913, -33.519196001110146], [149.94161500879386, -33.51811099118443], [149.93975098840966, -33.516027010788456], [149.94056599842594, -33.51126100128528], [149.95203998820878, -33.506461010632876], [149.96071800850083, -33.50650500078417], [149.96074801851952, -33.50203399079207], [149.96291100811175, -33.50226600066286], [149.9633929883977, -33.49929300113546], [149.9592669885685, -33.49872801122681], [149.961934998437, -33.476893991212265], [149.95754601860506, -33.4762720007188], [149.95712202816398, -33.47827000083685], [149.92994099833317, -33.47473401093828], [149.92909101869955, -33.47903800081808], [149.90156698873707, -33.4751600111482], [149.8996631487313, -33.4690955810771], [149.89638628861087, -33.46943217107109], [149.8919359888793, -33.46593200093539], [149.88826999834077, -33.466891010976276], [149.89056000881592, -33.47316300110512], [149.89635500837443, -33.470557000773475], [149.89490602851603, -33.47861801089738], [149.89252699858957, -33.47967700082336], [149.88467598890765, -33.47718999112413], [149.88373428858856, -33.4818473308742], [149.8784037584562, -33.48109771107146], [149.880476668585, -33.476898211226214], [149.87732718867355, -33.47764879123686], [149.87777927841677, -33.47442446104121], [149.868471018986, -33.473509990871214], [149.86500599864456, -33.48303699068548], [149.8563639989988, -33.486633000912335], [149.8577025983666, -33.48875035080518], [149.86748343811212, -33.48992726066334], [149.86690151845423, -33.49406728062541], [149.86320201895893, -33.49362700100276], [149.8623316781111, -33.50291939115237], [149.87264898815104, -33.50423400069738], [149.8717295885089, -33.50894635133619], [149.86002991857038, -33.50745845105217], [149.86103377871387, -33.51370744100251], [149.8534619187099, -33.51277550069211], [149.8515150089778, -33.51472499074103], [149.84753001859707, -33.52842900095997], [149.8362979783578, -33.53162301095913], [149.8326729887255, -33.52688701088949], [149.82608399883014, -33.563373000923356], [149.8227560084004, -33.56294401106475], [149.82106897858503, -33.572835990948334], [149.80738599828078, -33.56973001078147], [149.8036100090357, -33.59035599076818], [149.8079699984369, -33.590968010770155], [149.80732299853162, -33.59423000107269]]], [[[150.4685890488471, -33.583808781388285], [150.464817028359, -33.57571681079097], [150.44801830886541, -33.57229611126918], [150.4470411987545, -33.5644991211627], [150.4388444382995, -33.55509168104699], [150.4287068182659, -33.55354869104645], [150.4262969788201, -33.564636000931074], [150.41546399807785, -33.56300900140849], [150.41580898887617, -33.548975011064506], [150.41030701886507, -33.54821501132556], [150.40658098852623, -33.53883099119646], [150.41027401835476, -33.52923900096698], [150.4168509986732, -33.52819599113698], [150.42735802840951, -33.52057199081766], [150.4340800183743, -33.527666001120146], [150.42943600862978, -33.53320400120375], [150.4301991885491, -33.53792851140996], [150.4394229587324, -33.537347371254846], [150.44025993884554, -33.53394328115958], [150.43723299812206, -33.53354934110629], [150.43873474861348, -33.52596724087718], [150.44456565832542, -33.526782130788426], [150.44735626846733, -33.51167693139377], [150.4539101782526, -33.51180285097326], [150.4574480088445, -33.50686875141646], [150.4615009280304, -33.50613870114051], [150.46314883801173, -33.50164864114932], [150.47284943843945, -33.4983322410247], [150.44717898864093, -33.49222200088026], [150.44515100864942, -33.5019190009957], [150.42301299865284, -33.49946701129777], [150.4226809885103, -33.501420001233335], [150.42605800808988, -33.501942990893056], [150.42533899833316, -33.50639800091356], [150.42200201846234, -33.50771901122618], [150.41945500806932, -33.50105801126793], [150.40970399867948, -33.49996399152826], [150.4074409987483, -33.50680200132077], [150.4063680087521, -33.5020620009407], [150.4033859981659, -33.50117001112273], [150.39749598829138, -33.50527299094864], [150.3983420288125, -33.50962301104539], [150.37460300807885, -33.517738000970766], [150.37158299875605, -33.52212599127516], [150.3680420285523, -33.516674011460104], [150.35673399802656, -33.51854500128143], [150.3588060287047, -33.50865600119503], [150.36326099877746, -33.50881900147327], [150.36232499826886, -33.50475499136479], [150.36500799832456, -33.50362400126238], [150.36078301852407, -33.49530401142568], [150.36751536875911, -33.49247105116604], [150.37104042800257, -33.498211041450695], [150.3860689786012, -33.50102001101674], [150.38974401876786, -33.49755699140951], [150.38649200874323, -33.49460800113119], [150.38746199880723, -33.49232501102412], [150.39400998869473, -33.49590800080779], [150.4146250084334, -33.49209700124998], [150.41494298868776, -33.49530099092132], [150.4182359888389, -33.495797000974065], [150.4200769782159, -33.4895150109081], [150.42680800882567, -33.48592401121241], [150.43045100878115, -33.48862000143625], [150.42686096810493, -33.49315100109668], [150.43646499874126, -33.49445401097056], [150.4432209980244, -33.48956000083989], [150.44649300814055, -33.490022001106084], [150.44560798882094, -33.48494900088758], [150.4541049788203, -33.48334400136715], [150.45895899850856, -33.4717509909253], [150.456635998303, -33.47145801100354], [150.45744599841487, -33.46702500129469], [150.4623959887182, -33.46766000131933], [150.4679859981188, -33.46377799147014], [150.46850301809064, -33.46089900132522], [150.4719049982587, -33.461344001562445], [150.4708940279498, -33.46684899105057], [150.47582900830304, -33.47196900118442], [150.47216097858882, -33.48456700141124], [150.48576817881232, -33.48624103086603], [150.48313294846847, -33.46101422095249], [150.48643477816046, -33.45407517121828], [150.48359875818093, -33.44571620157736], [150.49260955847168, -33.44067410142066], [150.49455248866707, -33.434599110913574], [150.50034634826346, -33.42864105092366], [150.5011612486853, -33.420858070914505], [150.51107095804647, -33.416239861547986], [150.51834467798744, -33.40913066098942], [150.52184937871166, -33.39328356116571], [150.5292331485631, -33.39084640119155], [150.52634219840056, -33.387381471483046], [150.53429802800133, -33.3820903012955], [150.5375219279442, -33.376364251209786], [150.54172884801415, -33.37617021147106], [150.5428788182403, -33.37271417106092], [150.5493677079653, -33.368709061048605], [150.54825869822113, -33.36372008101856], [150.54501774825434, -33.36659712142494], [150.5407947779851, -33.36356118128171], [150.54071479828045, -33.3676741916434], [150.53590683791174, -33.36644725165242], [150.52820000873126, -33.37072538106195], [150.52564913827737, -33.37568545155604], [150.52038820871493, -33.37378855115898], [150.5165983782279, -33.37776764094865], [150.51211942852697, -33.37490074097466], [150.5090614887397, -33.37914982118869], [150.5054145981807, -33.37556389151013], [150.4933967880877, -33.37928509094782], [150.48916285837208, -33.377345121074676], [150.48861090830871, -33.38141614155217], [150.48233797806958, -33.382723241265545], [150.48781195837313, -33.38677217090295], [150.48336603792856, -33.3911932409567], [150.48503412856277, -33.39735724101833], [150.47820522829937, -33.39679132121721], [150.4757502781549, -33.39898837091464], [150.47978830866327, -33.40327032143366], [150.4775363687899, -33.404865351188], [150.48032438819055, -33.40873633161382], [150.47875148843377, -33.413063350976635], [150.48035044831695, -33.41493333112854], [150.47694466827522, -33.42752438096495], [150.47916262847465, -33.429750330971025], [150.47348077801442, -33.43314338086971], [150.47275482877203, -33.438565360959785], [150.46001716809914, -33.44931454148675], [150.46835106806034, -33.454068421315135], [150.4643402286573, -33.456940491389304], [150.4512544681169, -33.458812691171616], [150.44987757806012, -33.47062469151572], [150.44765866834146, -33.472634741434966], [150.44933266809358, -33.476078701191994], [150.44533278813708, -33.47792176084695], [150.44739977836815, -33.481422760902646], [150.4247272186752, -33.481553130843835], [150.41693450875692, -33.48658131153642], [150.4147293980593, -33.48048629136506], [150.41262553827403, -33.48337136123145], [150.4086475484643, -33.48176440091093], [150.4111044380714, -33.47902434080774], [150.40852238799238, -33.473282371418335], [150.40538152831448, -33.47809342149908], [150.40315151811382, -33.476767451390955], [150.39726968829825, -33.479643551236705], [150.39712368870838, -33.482348571296754], [150.40060268863232, -33.482985531427786], [150.39906483844294, -33.48948661087052], [150.38903090824758, -33.48471470143207], [150.3894348186471, -33.4815456712909], [150.3865148187649, -33.4793817114752], [150.38349393807636, -33.48071874109834], [150.3828410281548, -33.48764780099118], [150.36935021815108, -33.48756298110548], [150.36944030839433, -33.49109600131641], [150.36541734802316, -33.4913620511969], [150.36223531855578, -33.48824406115085], [150.35953639855657, -33.48928411087072], [150.35871437808785, -33.48673708082945], [150.35485840823978, -33.48576513121259], [150.3535465283618, -33.49062617117502], [150.3484906186016, -33.49239426098736], [150.35576955865267, -33.495917191106976], [150.35364868836916, -33.49943526081597], [150.3473807285085, -33.49901233145195], [150.3482119387426, -33.50896839109835], [150.34236806813772, -33.51205348146479], [150.3356191484773, -33.51194757149277], [150.33100142882788, -33.522525671248644], [150.3119116280674, -33.52014981106384], [150.31466829806126, -33.504413721453965], [150.27678961868577, -33.49917994112365], [150.27654499845076, -33.500715000885776], [150.2820190083987, -33.501415001123576], [150.28143902820344, -33.50499399081041], [150.2847730085995, -33.505403990885824], [150.28415998836815, -33.50901099130241], [150.29095197865314, -33.509864011127206], [150.29022800839937, -33.51410600121709], [150.29934398883344, -33.5145250108817], [150.2986630083559, -33.51920399140363], [150.28194374844253, -33.511828930809], [150.27340500834202, -33.51945500112918], [150.2739339983651, -33.52885700074238], [150.2687580081059, -33.531206001104934], [150.2876569788523, -33.533069001305705], [150.28661293886276, -33.5405038408249], [150.276887988701, -33.53785099108971], [150.27608301825632, -33.539517990980556], [150.27284498871245, -33.533618011457506], [150.26759099863548, -33.531864011154475], [150.26106898892428, -33.54092601105647], [150.26409998823624, -33.55383801083601], [150.2590649984424, -33.567451991430644], [150.2616820082573, -33.57536700133832], [150.25856308813357, -33.579701530972315], [150.26269699852716, -33.58028400126459], [150.26024872825516, -33.592217520883544], [150.2667929982191, -33.59280101116322], [150.26525700844073, -33.59643000080661], [150.26876899809514, -33.5968990009416], [150.26665498824542, -33.6011199913912], [150.2803429982169, -33.60392800093178], [150.27755198832466, -33.609639000697015], [150.29779696864162, -33.61034500093316], [150.29657699809528, -33.61605601099182], [150.29866701843534, -33.61635900121917], [150.30310698843948, -33.61514801092996], [150.30533400814858, -33.61001300142786], [150.31407899874327, -33.610239001203034], [150.31671699859317, -33.60675800118767], [150.33352499858188, -33.60889501117797], [150.33011600885968, -33.6120990009201], [150.33177500854322, -33.61440299094549], [150.32790899822524, -33.62113300137761], [150.32594000880175, -33.618469001425524], [150.31743699829337, -33.618608011351206], [150.31698100806526, -33.6209149908557], [150.310006008499, -33.61995901103631], [150.30438500811948, -33.62314201133303], [150.30176499882978, -33.627139000843464], [150.3052680089246, -33.62806600121401], [150.30369799814974, -33.62903200070057], [150.3094740181029, -33.63593200114033], [150.30090600819554, -33.641190001194786], [150.29361968848443, -33.64208569073673], [150.2937479885682, -33.644391990667366], [150.31995100817616, -33.648694000892355], [150.31796800862747, -33.65253399120789], [150.31911501890477, -33.65791599074074], [150.3166929884222, -33.6594689906625], [150.3142679988892, -33.65704100084037], [150.31577300846843, -33.65206000108395], [150.31378922828375, -33.650831211388976], [150.30414800829297, -33.65940400122345], [150.30936699820984, -33.651595001127355], [150.28504941841578, -33.65052460122824], [150.27842412849802, -33.65951800076328], [150.27999486870493, -33.66967215137638], [150.2844289987614, -33.66949699111476], [150.28400880819402, -33.67348970118704], [150.28675999846465, -33.6726770008032], [150.28904299848725, -33.677867000992386], [150.30952500827507, -33.667151010655566], [150.30867199862396, -33.67474900110504], [150.31137299822302, -33.67529001093779], [150.31364399855008, -33.67269300082359], [150.3147579786727, -33.67585999082734], [150.3213199786854, -33.67580499080783], [150.32148700873438, -33.679767011084195], [150.33008497835482, -33.67774300111533], [150.32693999810465, -33.68562799082471], [150.3373189882686, -33.68706400108466], [150.33837500819075, -33.68169900129644], [150.3472430086906, -33.682949011338906], [150.3498939388907, -33.6852980807425], [150.34610099843624, -33.68841700088596], [150.34398454876222, -33.6984709212672], [150.35459100852577, -33.69998901071656], [150.35710899884361, -33.69407101138515], [150.35971297859538, -33.694436991222894], [150.36125521885148, -33.6868452411159], [150.376264998254, -33.69292401094215], [150.37557697857784, -33.696325010930636], [150.378440988265, -33.69950399096703], [150.3854706682826, -33.69929646115565], [150.38655098853152, -33.69394400114519], [150.38965600812455, -33.694384011368165], [150.39134099876426, -33.68691900082631], [150.39715500847078, -33.68776700085912], [150.39812400859134, -33.69235001093248], [150.4054649988723, -33.69102100069273], [150.4048420181211, -33.69409800105562], [150.40884599888696, -33.69608199105126], [150.40849898867586, -33.69789100098108], [150.40500301867795, -33.69689499111498], [150.40123198813328, -33.7036540111044], [150.3959959886165, -33.702921000667395], [150.3951310089142, -33.707250000977915], [150.3818649789542, -33.703760990656654], [150.38130400890702, -33.70633199094264], [150.37804539895998, -33.70536324068819], [150.38902977816696, -33.70939698127317], [150.3880809982251, -33.713834000841636], [150.39945797894046, -33.71546400086439], [150.39911600827813, -33.717168001075066], [150.41187286864357, -33.717425040894156], [150.41691899844523, -33.708510001208026], [150.43592099876813, -33.70975100074491], [150.43748900809658, -33.70349100136265], [150.44458310809983, -33.704556571323664], [150.44785200824847, -33.69921101133896], [150.4522340189505, -33.69994999118833], [150.45166899839973, -33.70268799129765], [150.45362298865294, -33.7029809912034], [150.47182896844637, -33.700310000781315], [150.4850083882366, -33.689877171312396], [150.49589688845663, -33.69281149072734], [150.49475794864392, -33.70181470125087], [150.49249862821216, -33.70152941070284], [150.49743598820265, -33.704921001405964], [150.4969460084191, -33.707275991113], [150.50221000842325, -33.70803199129754], [150.50160300870098, -33.71099399098789], [150.49832643873646, -33.710880180751644], [150.4972044285735, -33.71665129118294], [150.5020984987504, -33.71524910088382], [150.50268398831324, -33.71114701131524], [150.50949101819276, -33.71210501137938], [150.5100039984408, -33.70958500077575], [150.51420798820638, -33.710148011384646], [150.51363402852016, -33.70151900095047], [150.52297999832825, -33.70353200119214], [150.52380201879694, -33.69931200107774], [150.52855799815177, -33.699977001432906], [150.53034635882946, -33.693549210917595], [150.52612100892313, -33.69295801100994], [150.52782201832093, -33.68448299085871], [150.53298300851145, -33.68519200134704], [150.53491297871224, -33.67614301101783], [150.5417289881514, -33.677092000882766], [150.54253899814475, -33.6731520009824], [150.5477409784617, -33.673881990926155], [150.5468809987823, -33.669287000936095], [150.55040098883268, -33.66865001081953], [150.55010898875463, -33.666929011315204], [150.55431802884866, -33.66747700096329], [150.5537500088232, -33.670290000950494], [150.55658799880808, -33.670679991425665], [150.55575601871783, -33.674921010854405], [150.5521970085465, -33.676162011116936], [150.5603600183979, -33.67755400141088], [150.56354197869499, -33.66672501099184], [150.5688849882234, -33.665518001360084], [150.56858400858576, -33.66128000103194], [150.5713739988901, -33.661675011227075], [150.57135399879866, -33.65604000133352], [150.5823620288504, -33.655130000786535], [150.58193997877035, -33.657738010799285], [150.58504897879837, -33.65818400116371], [150.58419002858835, -33.66238700088546], [150.58675400815713, -33.66265801128725], [150.58889399818312, -33.660288011303706], [150.58831298851865, -33.655425011229184], [150.6068318488306, -33.65940184108902], [150.61595345810824, -33.614152211451696], [150.6078530482557, -33.61752171102749], [150.60091713887903, -33.61450783123688], [150.58747940852882, -33.61821805123431], [150.58164860841134, -33.62279615079341], [150.5799434685598, -33.6130501812579], [150.56310072802412, -33.61015447140277], [150.55836864834743, -33.59722852111147], [150.5644964180232, -33.59015941112322], [150.56223125854206, -33.58062536088042], [150.56493112806052, -33.57553030096111], [150.56048414850216, -33.57121536127892], [150.54755340843374, -33.572012561133825], [150.54696137823734, -33.5696465714986], [150.5503652879866, -33.56588049098621], [150.5450803087273, -33.561426601162836], [150.54440126861076, -33.557287591078435], [150.53393346830288, -33.55735876084436], [150.53473252873124, -33.56556877152143], [150.53069865832094, -33.569287840869144], [150.5223538087948, -33.57051794093576], [150.51568707869467, -33.577848011312454], [150.51491313875493, -33.58196404090603], [150.49814842857975, -33.580131281012804], [150.48785666842312, -33.58308346094229], [150.48298570830522, -33.579335521228295], [150.4685890488471, -33.583808781388285]], [[150.3289709982322, -33.66629000078135], [150.32807802882232, -33.670466000662806], [150.316518008283, -33.668355011330206], [150.31958097863588, -33.66574299122366], [150.3289709982322, -33.66629000078135]]], [[[150.29412598886, -33.705467820742776], [150.29946443853999, -33.705362441066015], [150.30007000814433, -33.70202401112049], [150.30485198833674, -33.69939801131575], [150.30607108841556, -33.69533182078048], [150.30132217880205, -33.69403637122823], [150.30106700875234, -33.697707990959834], [150.29735298888883, -33.700896011330705], [150.2956839882612, -33.69957999086342], [150.2997810084394, -33.69439300116653], [150.296377998802, -33.69411300079432], [150.3015080384377, -33.69054204063695], [150.30335551814258, -33.682682330898864], [150.30540502895488, -33.682597031255725], [150.30333099862693, -33.68073700078252], [150.2901250785358, -33.686655931038146], [150.29073863865466, -33.70111218109901], [150.29412598886, -33.705467820742776]]]]}}, {"type": "Feature", "properties": {"postcode": "2790", "name": "Lidsdale", "region": "Central West fringe", "flexibleExport": 21.7, "networkVisibility": 54.4, "connectionAssessment": 48.0, "derOrchestration": 19.2, "composite": 35.8, "solarKwTotal": 19561.13, "solarGrowthPct": 29.826732673267326, "batteryInstalls": 313.0, "meanAvailableKva": 1459.3635108359133, "distSubstationCount": 1009}, "geometry": {"type": "Polygon", "coordinates": [[[150.1859706486388, -33.75090843125114], [150.1797986081892, -33.74317056081052], [150.1902803485537, -33.7334204308732], [150.19541425903, -33.734173350815865], [150.19943114858648, -33.7284493506596], [150.20985098873967, -33.72611225116256], [150.2124118987651, -33.72118827079767], [150.20722481880375, -33.714051341096855], [150.2012309286481, -33.718103390956166], [150.19743689853718, -33.71289244077544], [150.18837613844195, -33.72050952071366], [150.18143920857912, -33.72254859108816], [150.17738423853947, -33.72067865115682], [150.17800313824435, -33.715308641199606], [150.18466098849785, -33.71033658072618], [150.1812409782437, -33.705794620822566], [150.1813829982969, -33.6924569911071], [150.17546999873758, -33.68536300128289], [150.18392299823742, -33.680162000669185], [150.1706700288833, -33.676763000715084], [150.16384999858505, -33.6823169909576], [150.16113502838667, -33.689858000836985], [150.15902798856524, -33.69037800070937], [150.15667599882715, -33.68587401075268], [150.16222301845144, -33.681437000930096], [150.15699402848884, -33.67621501117455], [150.16546399896106, -33.66939301098809], [150.16286300880256, -33.66506500081307], [150.16908300850852, -33.65985799088574], [150.1677668185138, -33.65650154068246], [150.18118739822856, -33.66203850086165], [150.1946997686974, -33.66309544065808], [150.20437105889403, -33.66822532095705], [150.2139281489635, -33.678736250995236], [150.21483108877467, -33.67484022111236], [150.22891493868119, -33.67599808129917], [150.23136364822938, -33.663004051181474], [150.24428858877434, -33.66540294136712], [150.2481455880917, -33.66410793125829], [150.24682442861683, -33.6562559010646], [150.23780739850963, -33.65122195111364], [150.24050416884032, -33.638575870857814], [150.26191805856453, -33.64166369070335], [150.26408878893955, -33.63122558123507], [150.26704575808895, -33.6316525606713], [150.2664626382818, -33.62234554126779], [150.27075857870153, -33.622928520984544], [150.27146951889213, -33.619145490948], [150.25897659882855, -33.61746963086041], [150.2602815086782, -33.61071461080163], [150.24901559835953, -33.60911170095305], [150.25027448841556, -33.603440670812276], [150.24321859825292, -33.60243971114897], [150.24482645864393, -33.59441968133213], [150.23694157888258, -33.59327074115278], [150.2395477181843, -33.58181097113861], [150.23542799847726, -33.58136701084934], [150.23525330849384, -33.57600171090887], [150.2281463580904, -33.5750587709334], [150.22874232829764, -33.57207777068938], [150.22552138830375, -33.57167678099091], [150.22745135850457, -33.563532251164304], [150.22475612878455, -33.56032069117465], [150.21218030859328, -33.55854987086118], [150.21564214889864, -33.547976781152435], [150.22689002823296, -33.54951071076807], [150.22611816879137, -33.56051575107262], [150.23542211810536, -33.56201767140602], [150.23634275832094, -33.559811751172376], [150.2405550485197, -33.560419621377235], [150.24125098864167, -33.55679361120459], [150.25067393867968, -33.55804550104459], [150.25767021843666, -33.518740231120354], [150.2533412487606, -33.5181812907465], [150.25570297803307, -33.505490220973726], [150.23130798861436, -33.50126600146587], [150.23189099882697, -33.49787199082393], [150.22891300820163, -33.494661001203454], [150.24511199803845, -33.48333801122127], [150.2455209785295, -33.47897200101687], [150.23917698885643, -33.47079401143337], [150.24461000867794, -33.46779501109216], [150.250075998467, -33.472517000771994], [150.25127162826234, -33.461879630923406], [150.25347432878007, -33.46198218103224], [150.2544139081768, -33.457564991166066], [150.25068685825008, -33.45700499105429], [150.25132115867217, -33.455082961242425], [150.2541248285217, -33.455078021414046], [150.25526494872074, -33.45768999115895], [150.25739398828347, -33.45600096099026], [150.25945200883646, -33.46415500091007], [150.26284201805504, -33.466999011376664], [150.26473698809576, -33.46383701089432], [150.26760398827446, -33.467492000920466], [150.27070699833624, -33.464649010823415], [150.27386202803942, -33.46611201101337], [150.27573698810718, -33.463510001336715], [150.27821198864874, -33.46779501109216], [150.28673600805664, -33.46599300102034], [150.29462997876868, -33.46907700145061], [150.2941420085165, -33.472627011355605], [150.29701999868436, -33.46831301146346], [150.30103597824746, -33.46750400138795], [150.30599800867057, -33.47618100146897], [150.31710499803236, -33.47291100139961], [150.3169419888426, -33.47873400120254], [150.3207049983301, -33.4770440113831], [150.3212429984555, -33.48211199084205], [150.3175579986672, -33.48495800129819], [150.32083000878336, -33.489653001334844], [150.3243310084486, -33.49028500139233], [150.32869396857836, -33.489983001100995], [150.33126400818207, -33.48680500092446], [150.33670801799278, -33.48853701127931], [150.33816301836012, -33.48541500110568], [150.34208701852296, -33.487826991286205], [150.34332900857353, -33.48398700122132], [150.3483529787338, -33.488477011503264], [150.35158001828853, -33.485901001343954], [150.3544193880857, -33.489442731190906], [150.35447639876688, -33.48603112105075], [150.35677034835447, -33.48572611130936], [150.35953639855657, -33.48928411087072], [150.36223531855578, -33.48824406115085], [150.36541734802316, -33.4913620511969], [150.36944030839433, -33.49109600131641], [150.36935021815108, -33.48756298110548], [150.3828410281548, -33.48764780099118], [150.38349393807636, -33.48071874109834], [150.3861548180165, -33.479382711002366], [150.3894348186471, -33.4815456712909], [150.38903090824758, -33.48471470143207], [150.39906483844294, -33.48948661087052], [150.40060268863232, -33.482985531427786], [150.39712368870838, -33.482348571296754], [150.39726968829825, -33.479643551236705], [150.40315151811382, -33.476767451390955], [150.40538152831448, -33.47809342149908], [150.40852238799238, -33.473282371418335], [150.4111044380714, -33.47902434080774], [150.4086475484643, -33.48176440091093], [150.41262553827403, -33.48337136123145], [150.4147293980593, -33.48048629136506], [150.41693450875692, -33.48658131153642], [150.4247272186752, -33.481553130843835], [150.44666579818718, -33.481796751278395], [150.44825172800722, -33.48016074125794], [150.44533278813708, -33.47792176084695], [150.44933266809358, -33.476078701191994], [150.44765866834146, -33.472634741434966], [150.44987757806012, -33.47062469151572], [150.4512544681169, -33.458812691171616], [150.4643402286573, -33.456940491389304], [150.46835106806034, -33.454068421315135], [150.46001716809914, -33.44931454148675], [150.47275482877203, -33.438565360959785], [150.47348077801442, -33.43314338086971], [150.47916262847465, -33.429750330971025], [150.47694466827522, -33.42752438096495], [150.48035044831695, -33.41493333112854], [150.47875148843377, -33.413063350976635], [150.48032438819055, -33.40873633161382], [150.4775363687899, -33.404865351188], [150.47978830866327, -33.40327032143366], [150.4757502781549, -33.39898837091464], [150.47820522829937, -33.39679132121721], [150.48503412856277, -33.39735724101833], [150.48336603792856, -33.3911932409567], [150.48781195837313, -33.38677217090295], [150.48233797806958, -33.382723241265545], [150.48861090830871, -33.38141614155217], [150.48916285837208, -33.377345121074676], [150.4933967880877, -33.37928509094782], [150.5054145981807, -33.37556389151013], [150.5090614887397, -33.37914982118869], [150.51211942852697, -33.37490074097466], [150.5165983782279, -33.37776764094865], [150.52038820871493, -33.37378855115898], [150.52564913827737, -33.37568545155604], [150.52820000873126, -33.37072538106195], [150.53590683791174, -33.36644725165242], [150.54071479828045, -33.3676741916434], [150.54108775812512, -33.36346718128567], [150.54501774825434, -33.36659712142494], [150.54879768828997, -33.36395908131199], [150.54965372795849, -33.368804080940144], [150.55881956848407, -33.36618294106728], [150.56072650857593, -33.361106911397414], [150.56664439856362, -33.359677811549524], [150.56660337789452, -33.355688821223225], [150.5747903287465, -33.35783271163805], [150.57696820791463, -33.35213767132429], [150.58099718789651, -33.351441611609275], [150.58276206840935, -33.343049601256645], [150.5906209985371, -33.342604471286045], [150.59130489853928, -33.33736346139744], [150.5820299180966, -33.330692581492364], [150.58558680824387, -33.325330541206434], [150.58378775851259, -33.32194156098906], [150.55960106864526, -33.32030986161533], [150.55152310859006, -33.31528499147191], [150.55150704850934, -33.31116296142705], [150.5603189887456, -33.312406851563246], [150.5667157984591, -33.306303771390134], [150.56522473791952, -33.29810777108743], [150.55683480823748, -33.29402584170459], [150.55750279817767, -33.290776801484164], [150.56075570831428, -33.28892274125921], [150.56611164819282, -33.290836701340766], [150.57556050833853, -33.2896185915906], [150.55739471827255, -33.280643701174135], [150.55320272820265, -33.27483170159058], [150.55429367821625, -33.26566162150505], [150.56257851848486, -33.26529952147683], [150.5603894678679, -33.25691856131502], [150.55501148872213, -33.254184631715944], [150.54922758784897, -33.257328721649955], [150.54392862810886, -33.25599280141217], [150.53314951843592, -33.24017611154518], [150.52569950861204, -33.2389662315224], [150.5299014178794, -33.23332116145009], [150.53151230828792, -33.22423009102473], [150.54433713788265, -33.22095288135465], [150.5416001086542, -33.21463790167006], [150.53338614815647, -33.21080400118021], [150.53060010864272, -33.202187971741836], [150.52523299821365, -33.20212100111977], [150.5250980182573, -33.207423991708716], [150.52179498841613, -33.20948600131741], [150.52027698829954, -33.207301001194956], [150.5226850086569, -33.20362200133341], [150.52079298868355, -33.201686001640475], [150.5130869985296, -33.20678900148282], [150.50422498799605, -33.20068100121415], [150.4928830083391, -33.202050001545864], [150.48684999834947, -33.20037000149884], [150.4792790285759, -33.20318499112965], [150.47753997822073, -33.196077001434865], [150.47326699784136, -33.19511300160527], [150.47142699840785, -33.20188400166111], [150.46571401862806, -33.20486899148684], [150.46487101800588, -33.20957201099788], [150.45841098845602, -33.211459011423344], [150.45751399818695, -33.21560601164948], [150.44948399828635, -33.21888101149198], [150.44832399837009, -33.22223400137651], [150.43540897792084, -33.22361401113193], [150.43144398852985, -33.22643700158468], [150.4189729882575, -33.221859011447826], [150.4084309880055, -33.22510799155134], [150.40312100863184, -33.2307630010117], [150.3985650086323, -33.23154000167712], [150.38307002848364, -33.226274991576766], [150.38115599798928, -33.20623999104345], [150.37145699835938, -33.2027450112121], [150.36497000857122, -33.194854001315534], [150.35120201799674, -33.194466001221606], [150.34643300857869, -33.199817991440604], [150.34234700803415, -33.20076399106126], [150.33187453828342, -33.19859107163815], [150.32693199860708, -33.19391300150142], [150.32420599799534, -33.18623899137758], [150.32017402842015, -33.18453300163583], [150.31771100870955, -33.179635991663595], [150.31882202798494, -33.177007991619746], [150.3132509981897, -33.17362399105987], [150.2919609879399, -33.167363001297595], [150.28114300816452, -33.17245000157019], [150.27272701835608, -33.17096301166321], [150.26092700839698, -33.17395400133699], [150.25642202821402, -33.16797999138866], [150.25168797853195, -33.166900001340366], [150.24687399855253, -33.17280799114064], [150.24342098868635, -33.1729550010003], [150.23680700855806, -33.16531500106612], [150.2296689881239, -33.16303999132422], [150.22632799817373, -33.16518899163795], [150.21069001790997, -33.165795000947995], [150.20723200802098, -33.16813800137478], [150.19158196877285, -33.16838400124067], [150.18931999831096, -33.18840901095448], [150.1730759983869, -33.20597000105876], [150.17705697868817, -33.20736200153498], [150.1757705786249, -33.210344661037944], [150.1795540184969, -33.21620000158392], [150.17365298809054, -33.21766600152626], [150.1682409879483, -33.22711800152045], [150.16357606811894, -33.227422140954175], [150.15872700802936, -33.22180800101217], [150.14927598833367, -33.2244320010356], [150.14971800796246, -33.22171300123899], [150.14099501800732, -33.22558999107629], [150.13494499841775, -33.21717099143218], [150.1316300281698, -33.21673500106868], [150.12724798872168, -33.22151500098468], [150.10684605835158, -33.233313651286906], [150.10670089868646, -33.236106321292574], [150.10423411862809, -33.23446966106168], [150.09581031796824, -33.23716272110751], [150.0915133184348, -33.235275741580715], [150.0885502883522, -33.22582476139672], [150.08030233829908, -33.218791821523176], [150.07093454841282, -33.22664692146039], [150.0719289888222, -33.230530991123004], [150.06480666824427, -33.2317570213577], [150.0618467382478, -33.237519110979534], [150.05755396798267, -33.2321470014052], [150.052608988482, -33.23107001093566], [150.05906401800894, -33.22922700120158], [150.05944999803543, -33.227058000848636], [150.06368899874084, -33.22771100104981], [150.0641649980436, -33.22516901104039], [150.06907800829995, -33.22326900134051], [150.06751598803953, -33.21743801139449], [150.05965600867953, -33.21633100150874], [150.0588189881422, -33.21436401146763], [150.05876200800373, -33.19449601160896], [150.03497101793428, -33.19051299109991], [150.0360889784919, -33.185304001401406], [150.0245189884495, -33.18357000097271], [150.0232859887383, -33.19113900088912], [150.01950899877002, -33.19059700094751], [150.02187901859423, -33.18015701142713], [150.00447198873636, -33.177939011546904], [150.00396897799132, -33.180575001343904], [149.99833998799562, -33.179035001210366], [149.99544699865743, -33.18229200127166], [149.9857380286262, -33.180868001575256], [149.97988499879867, -33.21064801099331], [149.97801400838617, -33.21107001090195], [149.97770299816008, -33.207052991033045], [149.97068499803783, -33.20696900148221], [149.97039598845134, -33.20940901147307], [149.96760599814695, -33.209394001320405], [149.96365198796545, -33.208235990834496], [149.9625960084675, -33.20494200090345], [149.95908200838346, -33.20496801125445], [149.9610649782877, -33.21135600134106], [149.9563919987736, -33.21124900099101], [149.9568910281853, -33.21535700141497], [149.95208700872573, -33.22226201155583], [149.95377399811687, -33.223146991231204], [149.94712898838205, -33.22972800105148], [149.94854299862305, -33.23151800122038], [149.94232905805362, -33.25351193095938], [149.96168898850829, -33.25603600124519], [149.9577350187509, -33.25757100121483], [149.95425400839738, -33.269437011282804], [149.95913697809237, -33.27510001147216], [149.9578439987679, -33.279358001457304], [149.96340097801382, -33.29024200134309], [149.96033600801113, -33.291925000934036], [149.9673210085214, -33.296488010887316], [149.9622790082751, -33.2958460013023], [149.9615230184713, -33.29766000133711], [149.96361899823495, -33.29838000084152], [149.96096898880802, -33.30006000085032], [149.9630100285072, -33.30303800132603], [149.9612749981129, -33.30224200085995], [149.95969297865932, -33.30479301114831], [149.97499998813146, -33.306765990945166], [149.97322798846994, -33.300159001404616], [149.99349365878453, -33.30284686139046], [149.99315614825753, -33.304629971453835], [149.99741313862484, -33.3052129709154], [149.99774616835518, -33.303458971096575], [150.00472799871085, -33.30439600147819], [150.00248868825207, -33.31881384149353], [150.03815002816398, -33.32349299122664], [150.0363760180729, -33.342546991178345], [150.0289884187034, -33.341249051368465], [150.02828053817467, -33.34512275077277], [150.03135613884044, -33.3470739614218], [150.02372014810837, -33.34608197123075], [150.01759793810592, -33.364642911444676], [150.05085534858833, -33.36726865091389], [150.05026732847128, -33.370876040935734], [150.05453698867737, -33.37136300099511], [150.05510500870292, -33.36776701147672], [150.0664089788435, -33.369919000755644], [150.06290837803033, -33.386691661272565], [150.0596820283817, -33.38623300113042], [150.0589824680492, -33.389937681074194], [150.08350098839585, -33.39550500089625], [150.08431401852528, -33.398244000891154], [150.10200399883294, -33.40353400109753], [150.09959901837456, -33.40342300146594], [150.0960519782544, -33.42412200121199], [150.08275499863788, -33.422335990830064], [150.08233100819677, -33.42462100078235], [150.0850550082604, -33.42439800113051], [150.0857528887434, -33.426880390987556], [150.07567899878921, -33.43072101125968], [150.07261299841892, -33.4504810110263], [150.08959710862752, -33.45266354112589], [150.0899621785691, -33.457492540896716], [150.08381634826455, -33.46623760118779], [150.08495236855265, -33.46803061075024], [150.07909298853434, -33.467286000879014], [150.0798409788405, -33.47253600078441], [150.07366401831814, -33.476552000808276], [150.07793801828538, -33.47903600100649], [150.0771580084292, -33.48540701068929], [150.072571018349, -33.48255000110997], [150.06840100825738, -33.483967010988856], [150.0388760088474, -33.479824001125074], [150.0386299989186, -33.47622100125805], [150.03479209868252, -33.47660169105621], [150.0384169886018, -33.46030301087007], [150.03683401873067, -33.453303000922446], [150.03887002876252, -33.4424410007075], [150.04313402868397, -33.4396329907795], [150.0452850086992, -33.42843900103108], [150.01487101851765, -33.42425200072878], [150.0154889983477, -33.41733600073235], [150.0101540188597, -33.41661400113167], [150.01060602865275, -33.41426800122697], [150.0048080080599, -33.4135050011207], [150.0041360080403, -33.417040001192156], [149.99881477816598, -33.4164551613137], [149.9979248387736, -33.4208931814425], [150.0011439884252, -33.421325010984546], [149.99963190820637, -33.4293231907497], [149.99325600857782, -33.428498231182935], [149.99426497833858, -33.423106000797326], [149.98898401814185, -33.42141601082432], [149.98508201861867, -33.42131700116462], [149.98236699811463, -33.42668599095168], [149.97100600830967, -33.42585901128048], [149.96972500891783, -33.43239900068222], [149.96510100824796, -33.431817001353636], [149.96150746863373, -33.44722345080784], [149.95362000891092, -33.44673812112054], [149.95291000835812, -33.461155010925886], [149.9506180287759, -33.46082001130732], [149.94631999887483, -33.47678299098461], [149.961934998437, -33.476893991212265], [149.9592669885685, -33.49872801122681], [149.9633929883977, -33.49929300113546], [149.96291100811175, -33.50226600066286], [149.96074801851952, -33.50203399079207], [149.96071800850083, -33.50650500078417], [149.95203998820878, -33.506461010632876], [149.94056599842594, -33.51126100128528], [149.93975098840966, -33.516027010788456], [149.94161500879386, -33.51811099118443], [149.94950400822913, -33.519196001110146], [149.9435439989327, -33.52281601079189], [149.93574098893143, -33.523170000694755], [149.93035501837292, -33.55118799080714], [149.933589968492, -33.55868099072092], [149.9403860182638, -33.56265000067206], [149.94219400892715, -33.568746990655534], [149.94145298864925, -33.57640000113593], [149.9393170087026, -33.57978200060939], [149.93707998894783, -33.5795180106443], [149.93441669882773, -33.585836150815105], [149.94341357882485, -33.58719610080895], [149.93714474849668, -33.59157017058439], [149.9499126284957, -33.59505708072097], [149.95290967867638, -33.6012991111618], [149.95161772882128, -33.60436513088194], [149.96152568826432, -33.61019511098475], [149.96094576825624, -33.61576115068013], [149.96504070883452, -33.61367113120959], [149.97407861848387, -33.614931100678476], [149.97507269866884, -33.620887130686896], [149.97236077825087, -33.62400418067011], [149.97727378850723, -33.62877820081747], [149.97059085818933, -33.628390211279196], [149.96839896889608, -33.63409928127105], [149.97308388881694, -33.631918240732894], [149.9738330083054, -33.63988229117801], [149.97977403889482, -33.64395230121285], [149.97911211887092, -33.64986736105395], [149.98735319860876, -33.65597738113542], [149.9834242990344, -33.6615144109324], [149.98507234825465, -33.66642640123225], [149.97833838823868, -33.66535444078335], [149.97544137893954, -33.66117543076156], [149.97189347823334, -33.664794460797225], [149.9774895485671, -33.67377543095148], [149.97836856893724, -33.67868343115434], [149.97585466864896, -33.682524451143635], [149.98103664887438, -33.68327542091215], [149.9844326884835, -33.68842338118593], [149.97952182879393, -33.69180744094183], [149.97840072862442, -33.688356430617695], [149.97611575859634, -33.68890945086826], [149.97444792847352, -33.6961754709529], [149.969060088521, -33.70088152097375], [149.97057414862672, -33.7036415210555], [149.96658819884524, -33.703740550585], [149.967869198237, -33.7061815506947], [149.9650122385282, -33.7071405709071], [149.96686526892327, -33.709634560701275], [149.96260841869312, -33.71390759092573], [149.96835636898862, -33.71448955062358], [149.96703751908237, -33.72061359068027], [149.96909950839228, -33.72270457124288], [149.96597652878174, -33.72445258099249], [149.96832055854816, -33.72775457110217], [149.97644950877554, -33.730818521053294], [149.98418057899397, -33.7433794411903], [149.98276400855443, -33.75114700120957], [149.98927699828192, -33.76359900071671], [149.99078298882145, -33.776187990616044], [149.99500202896124, -33.77919500093657], [149.96114900849602, -33.776204990589164], [149.95940400859877, -33.78585300062863], [149.95280097893374, -33.78860199103674], [149.96257297835857, -33.80839599112534], [149.95879800870134, -33.8175880010069], [149.96009601859134, -33.82246101112463], [149.968237998882, -33.83268399058641], [149.980071008453, -33.83055599101737], [149.99163099844964, -33.83374501073705], [149.99689002897367, -33.832250000556236], [150.00198498849926, -33.83690901050501], [150.01207799909417, -33.83458600109546], [150.0161189886531, -33.84093599097078], [150.01581698852928, -33.84533899111671], [150.01995699848368, -33.84895500050517], [150.02315100878204, -33.84876501045304], [150.02565599868103, -33.853686011048076], [150.03906898852998, -33.85277500097939], [150.04827300835348, -33.87175200088385], [150.04392300911655, -33.88506601070899], [150.04781799908565, -33.88943700067765], [150.04839900875015, -33.89870500049815], [150.05146799871375, -33.90454201099609], [150.0509240086221, -33.91598000047712], [150.06430300891566, -33.91009401093199], [150.07138199835754, -33.910753000549654], [150.07555098886124, -33.899526991124844], [150.07987901889953, -33.9000300111069], [150.08072300856685, -33.895342000480554], [150.08886301885204, -33.89691200112765], [150.08948497911712, -33.89048401116159], [150.09476798837105, -33.88655000084552], [150.1018900089116, -33.889499991108124], [150.1019560090339, -33.88241399076586], [150.10549799882548, -33.87907400056566], [150.1203780282633, -33.87468401058028], [150.124780988576, -33.86348300107176], [150.13788200879816, -33.856736990484805], [150.14199598827054, -33.85739500109611], [150.15217102852563, -33.848561011168954], [150.150954008945, -33.835560010750356], [150.16794701876316, -33.81731901111509], [150.16861401875994, -33.81385701111107], [150.17343000827066, -33.817329000807945], [150.177538018438, -33.81111002075818], [150.18071577821289, -33.80010305116633], [150.1793457485899, -33.79696107108889], [150.17194785901876, -33.798754111262845], [150.16926886904253, -33.796642131217716], [150.1719477889502, -33.79293512081023], [150.1711326989839, -33.788731121104945], [150.1790225383439, -33.784602110878275], [150.17758374897417, -33.77828697083905], [150.1890328886614, -33.77632946057561], [150.19092606835972, -33.77038717090091], [150.19567489892145, -33.76663714093928], [150.19319289870725, -33.76316919113983], [150.1956987384125, -33.75802819068428], [150.19179958834536, -33.75027832112571], [150.1859706486388, -33.75090843125114]]]}}, {"type": "Feature", "properties": {"postcode": "2795", "name": "Meadow Flat", "region": "Central West fringe", "flexibleExport": 50.7, "networkVisibility": 35.8, "connectionAssessment": 68.9, "derOrchestration": 70.7, "composite": 56.5, "solarKwTotal": 62862.23, "solarGrowthPct": -2.8424657534246576, "batteryInstalls": 1050.0, "meanAvailableKva": 26.69588636363636, "distSubstationCount": 241}, "geometry": {"type": "Polygon", "coordinates": [[[149.91146074851045, -33.399479671061194], [149.91507099858558, -33.37407900117653], [149.91908698892846, -33.37465001099192], [149.92718797819433, -33.36767301077276], [149.91537697824606, -33.3659689909871], [149.9158500184983, -33.3633920010229], [149.91877899883832, -33.363949991070385], [149.9217209786989, -33.3601229907835], [149.9233180287638, -33.35595600145649], [149.92126800860675, -33.35551000104476], [149.92822202891787, -33.35202501078646], [149.9309209785615, -33.35306200073449], [149.9357620184922, -33.347323011155794], [149.93588698852128, -33.337423991190555], [149.9268889685621, -33.33619400099628], [149.92680899873892, -33.33399000100235], [149.93062602841604, -33.328023990874335], [149.93659501817032, -33.324599001473594], [149.9381039983031, -33.3183140108997], [149.93595900825423, -33.3174049911587], [149.93601999847212, -33.31329999123455], [149.93951296809703, -33.31107899083138], [149.94099997813288, -33.29928101092172], [149.96254399870747, -33.303252991208566], [149.96096898880802, -33.30006000085032], [149.96366498838424, -33.29822800143268], [149.961974018558, -33.2962229909076], [149.9673210085214, -33.296488010887316], [149.96033600801113, -33.291925000934036], [149.96340097801382, -33.29024200134309], [149.9578439987679, -33.279358001457304], [149.95913697809237, -33.27510001147216], [149.95425400839738, -33.269437011282804], [149.9577350187509, -33.25757100121483], [149.96168898850829, -33.25603600124519], [149.94232905805362, -33.25351193095938], [149.94854299862305, -33.23151800122038], [149.94712898838205, -33.22972800105148], [149.95377399811687, -33.223146991231204], [149.95208700872573, -33.22226201155583], [149.9568910281853, -33.21535700141497], [149.9563919987736, -33.21124900099101], [149.9610649782877, -33.21135600134106], [149.95908200838346, -33.20496801125445], [149.9625960084675, -33.20494200090345], [149.9639519884394, -33.20836599101877], [149.96568799799735, -33.206872011094966], [149.9598569786909, -33.19991401095722], [149.9565420084429, -33.20189401154333], [149.953584997971, -33.200029010989866], [149.9543969779698, -33.192565990953526], [149.95104700846008, -33.191746001239046], [149.95351498866765, -33.1834370010493], [149.94947002855517, -33.18477799091342], [149.9490680180925, -33.19041000147663], [149.94022800819855, -33.19098800114811], [149.93977401851856, -33.19596600133774], [149.93507402846052, -33.19185900107258], [149.93845297851965, -33.19045400125539], [149.9393019987526, -33.18715001112759], [149.9314540280713, -33.188672001181445], [149.92219200852148, -33.17917601133287], [149.91180800845316, -33.17947700093541], [149.9126360179899, -33.175492991501265], [149.91623600840617, -33.173231001260774], [149.90513599805584, -33.17369799121683], [149.90443500850367, -33.169900000999895], [149.90813402829855, -33.16793600137833], [149.89915400878104, -33.16375500134846], [149.9055159979974, -33.16107100107745], [149.89977501862856, -33.158854001218096], [149.90449600860302, -33.154780001581315], [149.89809499836736, -33.14817700106578], [149.9028540185194, -33.142592001151534], [149.90047099827638, -33.141473011565104], [149.8959920180327, -33.145737001161066], [149.8939639985153, -33.135216991329216], [149.88957498814057, -33.13952500109559], [149.88446899820158, -33.13454999131149], [149.88128499872874, -33.135084001548776], [149.88218398864768, -33.13192901110832], [149.89069998879503, -33.12926601127336], [149.88899098798444, -33.12711599095475], [149.88377998858203, -33.12883901109697], [149.8844949882594, -33.124536001196574], [149.8802550083903, -33.12073900138451], [149.8756280082457, -33.123886000948694], [149.8775299887389, -33.1289790013449], [149.87599198853079, -33.130043011261066], [149.87010599861722, -33.12976401114767], [149.87092899824955, -33.122519001215515], [149.86740900819927, -33.124866001332784], [149.86164700825267, -33.12214001154492], [149.86194798878861, -33.11876400129787], [149.8547529980975, -33.11645000140571], [149.85335099833193, -33.11966900122967], [149.8446810080802, -33.12061100113556], [149.8411299983048, -33.12392900116583], [149.83600101868112, -33.12313500142502], [149.83637499811368, -33.11842401148379], [149.83342601858038, -33.11507800130452], [149.83654599871622, -33.11278300088146], [149.83432000847642, -33.110431011192375], [149.8256989979673, -33.10453201116195], [149.81180100859478, -33.101047991394154], [149.8082010082971, -33.09489500153435], [149.80557497849838, -33.09693100129889], [149.80842000858019, -33.102436990920836], [149.8038019987749, -33.10642400157718], [149.80048399850943, -33.10615299153785], [149.79540698822157, -33.10058901145759], [149.79258499813017, -33.10608099094028], [149.78806600872034, -33.106171990975014], [149.7739349882783, -33.116574011004325], [149.76867800860808, -33.1118650009291], [149.7639080083483, -33.099123990962774], [149.75553198818014, -33.09963200119069], [149.75143500842614, -33.10403001088804], [149.74483897843385, -33.10092900106242], [149.7397090187482, -33.10586700093928], [149.73543800837425, -33.10333500120788], [149.73702899840427, -33.099709000914466], [149.73402399813327, -33.096003010936194], [149.72946298822941, -33.09587201102262], [149.7349920083104, -33.06956501103483], [149.73763402812116, -33.066069011131084], [149.74131599879027, -33.067857991137224], [149.7458300286014, -33.062368011002334], [149.74840097819845, -33.048080001404045], [149.71588097856312, -33.04289700109939], [149.72328098815828, -33.037745011388594], [149.72196701879898, -33.035020990870144], [149.7239240085269, -33.033349001396104], [149.7229320079418, -33.03007000105844], [149.71868099855766, -33.02985800119449], [149.71971099877754, -33.016748011077134], [149.72148098800946, -33.01576100119269], [149.7205610080556, -33.00383199134682], [149.73453499849444, -32.992021000910256], [149.7115809885381, -32.99109600116812], [149.71280000866685, -32.984005001027136], [149.69888701832744, -32.982294991001424], [149.70024097798827, -32.97457800131188], [149.70346998844667, -32.97499600158806], [149.7052760082063, -32.965464011233834], [149.73101697844953, -32.96880100093384], [149.7327749985285, -32.95974801146789], [149.7414870083759, -32.960964001605575], [149.74217900848708, -32.95726200157424], [149.74392899852575, -32.95751301154024], [149.74490497855606, -32.94716100126421], [149.73837501875462, -32.942463991084225], [149.74004798813917, -32.933398001609376], [149.74299999858818, -32.93378100129782], [149.7445270186885, -32.92570901119529], [149.75145500851764, -32.92457799158779], [149.75562100852983, -32.91213201110825], [149.74708785864533, -32.91083780159491], [149.75482180796425, -32.90650159159492], [149.75046888830437, -32.90591861141475], [149.7553527383483, -32.892861571174244], [149.74383687809, -32.88896864114098], [149.74434484843368, -32.88607363139324], [149.73329198795767, -32.884608001153595], [149.7313540182593, -32.90461901128072], [149.73023499858797, -32.90806800129256], [149.7255719786954, -32.90754101114371], [149.72489997867575, -32.91116399092965], [149.71861299788728, -32.91032999102276], [149.71931401798216, -32.90633300100678], [149.71549600824306, -32.90569101152826], [149.71479699857775, -32.90979599160094], [149.7052389985149, -32.90878201099236], [149.70460601861626, -32.91550999094098], [149.7008610086721, -32.91503199095988], [149.7016729886709, -32.91072301143549], [149.69247600804601, -32.90957601117427], [149.69101801808532, -32.91767901151714], [149.67759499854623, -32.915968001482035], [149.6759919881594, -32.92446100163088], [149.67146098827428, -32.9238240109511], [149.66805199855196, -32.941831001248126], [149.6712750181458, -32.9456970011167], [149.66646701825118, -32.95064000089562], [149.66404600825484, -32.95033301125975], [149.65728898848553, -32.98079400146597], [149.65847800847712, -32.984106001487135], [149.65084399853015, -32.98767899105955], [149.6409450186467, -32.98505601141705], [149.64274198877817, -32.98843200139343], [149.64098998830985, -32.99020900149824], [149.61616432857758, -32.98673400132074], [149.61469738870176, -32.99482201156851], [149.60198356841826, -32.99325913134352], [149.600728988479, -32.999748010875514], [149.60429200872971, -33.00020599110715], [149.6016569984731, -33.01173501145228], [149.60519599867152, -33.012202001279256], [149.6012189988052, -33.03597101130148], [149.5971180080735, -33.04084400086423], [149.60010698868808, -33.04222700140541], [149.59446500815503, -33.07247500127529], [149.58904201802366, -33.07228601110982], [149.58729698848202, -33.0760470008246], [149.57901400862434, -33.080893001209624], [149.56907698868184, -33.07754200085628], [149.5627140185052, -33.08234701112453], [149.56155901861186, -33.07907501091252], [149.5563039981672, -33.082181011198735], [149.55127298880836, -33.071668991251556], [149.55694800847922, -33.06097499137591], [149.55435299840562, -33.05976200110694], [149.55305801853302, -33.050105011020456], [149.54936202875564, -33.04904399093808], [149.55437000800555, -33.04508599078579], [149.53894601812053, -33.04223000147605], [149.53181296806486, -33.04345300144702], [149.52992898801332, -33.04572800081581], [149.53084499831192, -33.049517001105386], [149.51848298883638, -33.04906901142515], [149.5230860084545, -33.0573190113364], [149.5194339983967, -33.06070601102434], [149.50831802857707, -33.05382301139347], [149.5069929686172, -33.05795500087209], [149.4999489883186, -33.05843400135748], [149.49533297816313, -33.06274900128121], [149.48606602865908, -33.05411499139354], [149.47129199862823, -33.055319010906246], [149.46986798834155, -33.05742801097018], [149.47353298803827, -33.05823400084775], [149.47295901847065, -33.06022101118765], [149.46232397880632, -33.06299901104541], [149.4467409987941, -33.06011700131554], [149.43557900828242, -33.0666910012325], [149.42362897877257, -33.06552500088121], [149.4239320083657, -33.061144991400774], [149.42195899808297, -33.06008600085388], [149.4170800088231, -33.0661739911367], [149.41116200834261, -33.07036600116151], [149.40652098819135, -33.070655010746606], [149.40183698814528, -33.076772001402304], [149.39784001873025, -33.077569001196785], [149.3984709881993, -33.08194500102527], [149.39265799808058, -33.08023000103744], [149.3929429886045, -33.08462900095316], [149.390430988253, -33.085859991434965], [149.37049698851777, -33.08604499121517], [149.36015201845197, -33.08038901127854], [149.35083199827747, -33.078743011193104], [149.34974399833126, -33.08175800099809], [149.34458399808412, -33.080253991240106], [149.33661801841893, -33.073694001010786], [149.3356559883267, -33.06820800070116], [149.32763799890148, -33.060247001214044], [149.32295500856182, -33.059157001333546], [149.32438033847365, -33.06571830120992], [149.31984841871366, -33.07198736081998], [149.31471374826265, -33.10004940104496], [149.3180560183121, -33.11348800095435], [149.32263800836944, -33.11680100108472], [149.31597000894982, -33.15281800074198], [149.29666602826603, -33.15018000071023], [149.28580300875902, -33.206419000780976], [149.2916880186107, -33.20725400116269], [149.28940584863133, -33.218621010605155], [149.30097518829345, -33.22291598090023], [149.3090720183596, -33.22207801127435], [149.31393498886135, -33.24204600104001], [149.31826599861142, -33.245773991080505], [149.3170529989917, -33.25178399125816], [149.32153300870473, -33.26300900119656], [149.31110951869655, -33.27220840096886], [149.31083751871, -33.27600440122791], [149.31335751855903, -33.279561391258085], [149.32031645894298, -33.28115036081409], [149.32589800890852, -33.28724200112579], [149.32380600868157, -33.29340999101696], [149.32801200887675, -33.308818990587035], [149.33260498892324, -33.31364999126828], [149.33692300903434, -33.326142010782334], [149.33274799891984, -33.33457199054737], [149.31897800869552, -33.34298600078668], [149.3127209983999, -33.350604001015824], [149.3183903182602, -33.3514095705729], [149.31408466884892, -33.37279566062955], [149.3163429984389, -33.373079000672114], [149.31569599853364, -33.37663300105404], [149.33852200844345, -33.37883500108277], [149.33799800856178, -33.381564990881465], [149.34643600889135, -33.3816610108843], [149.34700799857208, -33.377637001002746], [149.3598329988467, -33.37939300084885], [149.35917698883918, -33.38295800077092], [149.38312897856713, -33.38623400098091], [149.38410498824183, -33.38119399113363], [149.39891402831427, -33.383178011143066], [149.39990299888194, -33.37792301080064], [149.41438199881728, -33.37850800053193], [149.4101209884891, -33.40061500123421], [149.40388200827948, -33.40174599091055], [149.3979610083243, -33.42769800070645], [149.39375299859785, -33.43155199065511], [149.3898100188297, -33.44636200062558], [149.38324001842108, -33.44555801091434], [149.38022996871987, -33.46017700065646], [149.40140299855682, -33.463085000528494], [149.39815599843647, -33.481546000961785], [149.3917900287851, -33.48587101103702], [149.39295499907982, -33.491430000628], [149.38875800898697, -33.49096200102415], [149.38808498848118, -33.49656401102437], [149.38435698903524, -33.49844599057188], [149.3861809984567, -33.49862900067743], [149.3814680088781, -33.519508000965196], [149.38520199829043, -33.51997000091601], [149.38132898829969, -33.5221190010343], [149.37861433879993, -33.53380057052763], [149.36373554903727, -33.532939690634265], [149.3640295191207, -33.53139869082035], [149.35814064830996, -33.530549710598414], [149.35872354892814, -33.52722570071443], [149.33841399860694, -33.52611001086812], [149.3269429984173, -33.588502001022235], [149.32460798863463, -33.58816000056634], [149.32518599882442, -33.600988000721436], [149.29704799911138, -33.599567990796665], [149.2935519985707, -33.62398400065038], [149.28951801856593, -33.62343199097659], [149.28844900900478, -33.63269700078626], [149.29912499837133, -33.634399000938195], [149.29728999896074, -33.64384301042761], [149.31107998837822, -33.64526801105279], [149.30831401902455, -33.65991399031751], [149.29272701905143, -33.65909500051085], [149.29206100899813, -33.66258900097816], [149.29021698870534, -33.66125700047329], [149.28825299840645, -33.67062200063345], [149.2845569691031, -33.670108990348865], [149.28314098885673, -33.67681600040225], [149.26464497899067, -33.68850600064615], [149.26395399846737, -33.69169300061392], [149.26758998886865, -33.69560099041251], [149.2607569985758, -33.69979600027157], [149.2674359888829, -33.703644000681194], [149.26669697903458, -33.707561000276165], [149.26382201888416, -33.70717600090212], [149.26337401917047, -33.70956300028759], [149.27535601882298, -33.7110560009625], [149.27591099890384, -33.707939990476184], [149.2956070187506, -33.70984599095391], [149.2940299984216, -33.718272000859464], [149.2960550184643, -33.71854099101208], [149.2917069991143, -33.73320900040597], [149.29728999896074, -33.7339190109788], [149.2966991689135, -33.73703779057895], [149.28757738895595, -33.74023585097705], [149.28643733882552, -33.73765586025236], [149.258094988555, -33.73960800058404], [149.24284400880381, -33.759812990615615], [149.2340080089893, -33.760517990797354], [149.21941600907604, -33.79236400023775], [149.20304699869868, -33.80194501032799], [149.19725400867142, -33.79805499090438], [149.18516100869087, -33.79770601048527], [149.18587600926654, -33.79985700034913], [149.18230597856336, -33.802611000735986], [149.18481199882993, -33.804831000750234], [149.180451998649, -33.80642700088705], [149.18223900915885, -33.81134201087541], [149.17914398871326, -33.81356800086335], [149.18197999881136, -33.81523000076738], [149.18188798886837, -33.81876001057666], [149.17842299906965, -33.81925000041894], [149.1799899888102, -33.8216370006544], [149.17737300863965, -33.82313500021286], [149.18220301905535, -33.830748010225825], [149.18144498917755, -33.83547300064369], [149.1783320087145, -33.83631701016281], [149.18335400886934, -33.838870010657295], [149.17596800850103, -33.83876400028453], [149.1768509886449, -33.84163200022864], [149.17028401915204, -33.84117799079536], [149.17468200908635, -33.84455500023231], [149.17564600918402, -33.847378010884995], [149.17336198867528, -33.84842999060274], [149.17881099850885, -33.85106800088967], [149.18188601886294, -33.849278990844105], [149.1839119785434, -33.85183601015977], [149.1818349891649, -33.85825199042502], [149.1751800189102, -33.8563940003709], [149.17727598879236, -33.86014099069293], [149.1717040085795, -33.859847010649574], [149.1732129887123, -33.856002010302326], [149.17004099881655, -33.857451000685806], [149.17085998926783, -33.85528800066937], [149.16671598899697, -33.85186400059115], [149.16626700922134, -33.85889600015225], [149.160744988813, -33.85381100021682], [149.15842800911645, -33.854936000437625], [149.14850898871737, -33.84950099069928], [149.1439290090896, -33.851780010618675], [149.14596398875392, -33.85536500013035], [149.14296898852865, -33.853889010368626], [149.14247699921384, -33.857312010215544], [149.140075009247, -33.85511301045262], [149.14070999867695, -33.8583279905886], [149.13523298925423, -33.859703000751274], [149.14001999911395, -33.860542000532384], [149.13592199887384, -33.86302400034157], [149.13750799876246, -33.86513200038468], [149.13471497933892, -33.868850000359615], [149.12639498889166, -33.866425000523634], [149.11816584866222, -33.87057645085375], [149.12208386874025, -33.87581242017169], [149.11836900895202, -33.879783400688225], [149.12435989873458, -33.88227040076892], [149.1171460685753, -33.884276410332205], [149.13063095868128, -33.894234350436975], [149.13078210921103, -33.90112032069101], [149.13919298850382, -33.90306900026078], [149.13747098907103, -33.90974201009447], [149.14768897867822, -33.914327990307875], [149.15497309931357, -33.927152170583156], [149.15332698865765, -33.93630000008674], [149.14032200911916, -33.94474700063641], [149.1464840090988, -33.95390700066853], [149.14450398926198, -33.957931990208515], [149.1526319890718, -33.96703299017277], [149.16212301883192, -33.97060399036854], [149.1648779990947, -33.97795500067545], [149.17143897862124, -33.97573800021787], [149.17934498855476, -33.984677000469645], [149.19773799938702, -33.98489600058384], [149.2027859887013, -33.96908699021974], [149.20741199890247, -33.96828999029522], [149.21188499906128, -33.971361990092866], [149.21845200897835, -33.963636000728904], [149.22098798895803, -33.9679199904455], [149.22651598855282, -33.96685301031861], [149.22573499863475, -33.973718010656654], [149.23550870935014, -33.97965369082721], [149.23677262907344, -33.976986700434054], [149.23233557859393, -33.97137474056339], [149.2338735491576, -33.96765674081522], [149.2439414186027, -33.96978570058884], [149.25685204898514, -33.96376567013941], [149.26319494900173, -33.9639846406748], [149.2660238390529, -33.96037464052623], [149.27502663894762, -33.95930258032575], [149.27480157862962, -33.95511259076448], [149.27932140886253, -33.948522610650045], [149.290938228979, -33.952918530376564], [149.29967399926565, -33.946221510845724], [149.3015970686085, -33.95362745013328], [149.30882092935622, -33.952767420599706], [149.31414788868537, -33.956750360525994], [149.31827778899955, -33.95404035025125], [149.32340275854384, -33.95603232041069], [149.33237350924418, -33.95091629045648], [149.33650749868957, -33.95342325077933], [149.34777829853834, -33.95329915047641], [149.34887533912965, -33.95769212021278], [149.35181723904006, -33.956381100306366], [149.35386225917426, -33.958566080286694], [149.35206547858738, -33.971236010275405], [149.36443422902082, -33.96916493069002], [149.36341540923294, -33.97690289030495], [149.37035624856387, -33.97689884081342], [149.37120128926003, -33.981577800579146], [149.3758042693523, -33.984376740772966], [149.38357106916283, -33.97962670030114], [149.38530521920808, -33.99098964083922], [149.39362597861327, -33.997503990757714], [149.3975649887262, -33.99568300047011], [149.40049100911747, -33.99699200016823], [149.40268998881322, -34.00604500054716], [149.4130099991889, -34.00830499071452], [149.41259999911006, -34.01153001024557], [149.41944399915505, -34.01213599064227], [149.4347330090838, -34.0229270104846], [149.44458198873855, -34.02306400054077], [149.4465759791747, -34.02674100057511], [149.4519719991863, -34.02677201059148], [149.45589300885757, -34.02961799050399], [149.45866499872025, -34.0132390004738], [149.46468300864132, -34.010376990876985], [149.48021897891638, -34.01537901062513], [149.48390598913423, -34.02186901071207], [149.4926539890852, -34.0220860007272], [149.49232697896554, -34.02880299085412], [149.50118399845942, -34.02910701023452], [149.50927400851592, -34.03689101031198], [149.51315698890787, -34.03201001016447], [149.51839100853778, -34.041533990683114], [149.5123939886517, -34.048246000196585], [149.51610198890444, -34.05338000050207], [149.53021700855464, -34.05399700081229], [149.52530199864847, -34.057179000476886], [149.52574699888743, -34.05917200086448], [149.5368939893305, -34.06283001061721], [149.5359460187707, -34.06765399018143], [149.53857598858025, -34.072089000364166], [149.5425499988533, -34.06951300013569], [149.54540498855667, -34.07115601021106], [149.54562898886263, -34.07380900055565], [149.54133300891706, -34.07655100075294], [149.54595398855267, -34.08047499049921], [149.54624298915596, -34.0849180103297], [149.55071099917342, -34.08502300015547], [149.55088100893417, -34.09368499013059], [149.55291898897153, -34.093740990527316], [149.5545529885407, -34.08829899049608], [149.5603819992142, -34.09540499061631], [149.56361100877433, -34.09617400081728], [149.56329943889776, -34.08747881072356], [149.57026535919144, -34.09147182074107], [149.57185025864388, -34.09645690057645], [149.5789212988938, -34.09270973086085], [149.57673611911738, -34.10094487021893], [149.58172704924152, -34.107430880657404], [149.58872106883726, -34.10552873050964], [149.58746003899424, -34.10954576086107], [149.59660707867923, -34.11180654066003], [149.60216412889204, -34.11723538040248], [149.60367325904352, -34.12305728027482], [149.61033713878925, -34.11994021031159], [149.61468592889372, -34.10938430046926], [149.6191748085718, -34.10527924042854], [149.62342800894692, -34.114279010216464], [149.617444999186, -34.11832499072207], [149.62164600923973, -34.11937000063089], [149.62326901881974, -34.129129990370664], [149.62768897885095, -34.1251280007078], [149.6278430192609, -34.11346401023719], [149.63442498882242, -34.1219240003786], [149.63849498857513, -34.120460010318766], [149.63374797889847, -34.11865000031492], [149.63454400930934, -34.11661500020039], [149.64115401888412, -34.11945200047839], [149.6431880184864, -34.11810499039587], [149.64173801904016, -34.11568900082862], [149.6443569988606, -34.115068990815], [149.64516799879735, -34.11794600055712], [149.64830301852766, -34.11619699071371], [149.6482439992135, -34.11342000084633], [149.65576401923903, -34.1172220107677], [149.65686799931586, -34.11160000026058], [149.6546159785941, -34.10995900068527], [149.66271697863976, -34.111239990479156], [149.66391300908379, -34.10277600018997], [149.65738300885815, -34.09886000066818], [149.6593269990656, -34.097453000407256], [149.6588669888766, -34.091401000406506], [149.65164097846036, -34.09034900083196], [149.65193100853298, -34.08764200023188], [149.64594500917875, -34.08571301019514], [149.64611001891674, -34.078371010333356], [149.64391600870104, -34.075948010312], [149.64071601921614, -34.076931000750655], [149.64100600886462, -34.07385801073364], [149.63789799877998, -34.074573990200975], [149.63635597861108, -34.071492000240184], [149.63063901929456, -34.07003300053171], [149.6339899787477, -34.059176000291636], [149.6360499989505, -34.057026000416236], [149.64080602861105, -34.057519010455685], [149.64406601926868, -34.05012300055692], [149.65085801853678, -34.052367000702716], [149.65122600890138, -34.04920400042167], [149.65339198898522, -34.050998000243375], [149.6577769892805, -34.04995800082899], [149.65871000917903, -34.04630300091364], [149.66246001914604, -34.04852399055076], [149.66079298852384, -34.04373100082986], [149.68191100912605, -34.043822000229625], [149.68370198929117, -34.04637400037788], [149.6826560089406, -34.05171301030337], [149.68483100900824, -34.049499000911624], [149.68769998907382, -34.04940900050512], [149.68817499843314, -34.05200701068131], [149.69684202873597, -34.051091000680316], [149.69455599869588, -34.04696900030286], [149.6968869992974, -34.04768200044071], [149.6993249784695, -34.04500999073113], [149.69647501843332, -34.04355900065888], [149.6995159791635, -34.037742010660224], [149.6963579984946, -34.03017100062404], [149.70042300900417, -34.03015299034342], [149.70501298867762, -34.02655301048387], [149.70458199856387, -34.02429199095987], [149.70087998917577, -34.02396101064586], [149.70825298912527, -34.020198000743555], [149.704284018401, -34.01629600048503], [149.7051270190232, -34.014102010374266], [149.7086289789874, -34.01585000077849], [149.70895199879055, -34.010760000240325], [149.7150049792273, -34.010483000868085], [149.7151700284911, -34.0070040008313], [149.718373998411, -34.00825099062082], [149.71831800911423, -34.005756010489094], [149.7238319887024, -34.00333401069842], [149.72430097845105, -34.000841000402446], [149.7179769888695, -34.00085501025733], [149.724284008377, -33.98386699063408], [149.74466699866767, -33.984444010323536], [149.74612527878412, -33.977250780838375], [149.74108834862923, -33.97654381079916], [149.74291823842262, -33.96758204055014], [149.74751501924104, -33.968238010581324], [149.75018108874863, -33.95538079035593], [149.74086011905493, -33.954056870744765], [149.74663401898403, -33.92360101058442], [149.72730379851083, -33.92796623045607], [149.72654098869742, -33.93185300076063], [149.70487198911061, -33.92888200040674], [149.70592099858027, -33.923258000760235], [149.66489697873024, -33.9178070106054], [149.66324899868027, -33.89583400059578], [149.6658221787942, -33.902370760695305], [149.6688009788016, -33.90313199031531], [149.6728860190471, -33.88161500042236], [149.66824000875442, -33.88168700034427], [149.66561299889375, -33.88710300058947], [149.6635620184377, -33.88604900059591], [149.66453500887474, -33.88370899098917], [149.65755298897454, -33.8829220008982], [149.65766701842176, -33.87892201100328], [149.65332000877814, -33.876072010590605], [149.65372399912772, -33.87223400087947], [149.659916989188, -33.869270000460894], [149.65784400899062, -33.86650499072062], [149.65433098896855, -33.866519990878814], [149.65742301892254, -33.86298899057845], [149.65243499844166, -33.860909000435036], [149.648601988634, -33.84762800078482], [149.64025399859756, -33.84174300083684], [149.64124898877594, -33.838947001039905], [149.64672000913058, -33.836410010396044], [149.64609100876868, -33.834461990405174], [149.64291101847695, -33.83610100063765], [149.64087099836559, -33.83382100061716], [149.64292400901425, -33.82704099089928], [149.64695200893416, -33.823987001035306], [149.64623700835853, -33.81940801074336], [149.64356202846164, -33.81958600038185], [149.64520500848877, -33.81062900071761], [149.6422170088345, -33.81024499093624], [149.64422399879118, -33.79929000105874], [149.6471249786438, -33.80077601085594], [149.64880999892787, -33.791120010530086], [149.65706100864284, -33.793847000781305], [149.6579779990034, -33.78920000090539], [149.64608100872292, -33.777775000884596], [149.6432060090466, -33.76924000054663], [149.63741298847663, -33.77141801075976], [149.63514202857374, -33.75978700070589], [149.63076899832964, -33.75810400060214], [149.63544398917168, -33.749347010605696], [149.63569102856974, -33.73766700070058], [149.63892798911846, -33.73596300104704], [149.63758201907373, -33.728437990858495], [149.6433599991509, -33.71635400107841], [149.65275400906373, -33.71357001066326], [149.65826700858986, -33.70096801093297], [149.6606489984653, -33.698615990971916], [149.66457598911964, -33.69930700047118], [149.666468009093, -33.69505201106489], [149.67693901908137, -33.68705399097096], [149.69756202843618, -33.68967000094244], [149.6981329985291, -33.686206010812846], [149.70314400869475, -33.683087000724974], [149.70850300823514, -33.68639900095549], [149.70667297830462, -33.68693600055478], [149.708508008258, -33.690132001147525], [149.7143639989327, -33.689148010807784], [149.7115489788696, -33.696295001012], [149.7141449986496, -33.69651800077251], [149.7163029891173, -33.69305600049038], [149.71871997825443, -33.694799000795605], [149.71713598879546, -33.69760101059615], [149.73384583885624, -33.69815096093783], [149.73950399894582, -33.68511401087578], [149.7434530091045, -33.6849220007951], [149.7486810082253, -33.6905280007347], [149.74771999861923, -33.692474990539026], [149.75117501891492, -33.69320500103051], [149.7614230086593, -33.65533500067305], [149.76393599895425, -33.65570400103274], [149.76683402873957, -33.64494400062817], [149.76375101876926, -33.644097990883935], [149.76513297891748, -33.637801000678174], [149.75930199823864, -33.6369189906312], [149.76047900865314, -33.63030300091963], [149.75649200874108, -33.62980600060697], [149.7586929988665, -33.61733700093012], [149.76855999872583, -33.61858200114842], [149.76934500860486, -33.6062180008125], [149.76595298895663, -33.605716000677845], [149.766526009005, -33.6032180111281], [149.77322302849984, -33.604167000744056], [149.77195898840236, -33.60119000120097], [149.77380599828837, -33.60109500096773], [149.78720007860053, -33.604238280749655], [149.79008700880217, -33.588775001003896], [149.79213199839367, -33.58904199110473], [149.79143100884144, -33.592397001113206], [149.80732299853162, -33.59423000107269], [149.8079699984369, -33.590968010770155], [149.8036100090357, -33.59035599076818], [149.80738599828078, -33.56973001078147], [149.82106897858503, -33.572835990948334], [149.8227560084004, -33.56294401106475], [149.82608399883014, -33.563373000923356], [149.8326729887255, -33.52688701088949], [149.8362979783578, -33.53162301095913], [149.84753001859707, -33.52842900095997], [149.8515150089778, -33.51472499074103], [149.8534619187099, -33.51277550069211], [149.86103377871387, -33.51370744100251], [149.86002991857038, -33.50745845105217], [149.8717295885089, -33.50894635133619], [149.87264898815104, -33.50423400069738], [149.8623316781111, -33.50291939115237], [149.86320201895893, -33.49362700100276], [149.86690151845423, -33.49406728062541], [149.86748343811212, -33.48992726066334], [149.8577025983666, -33.48875035080518], [149.85654799822348, -33.486083001055064], [149.86500599864456, -33.48303699068548], [149.86564700858352, -33.47706199061807], [149.8705460087147, -33.472681010995935], [149.87777927841677, -33.47442446104121], [149.87732718867355, -33.47764879123686], [149.880476668585, -33.476898211226214], [149.8784037584562, -33.48109771107146], [149.88373428858856, -33.4818473308742], [149.88467598890765, -33.47718999112413], [149.89007200891925, -33.47955200106886], [149.89490602851603, -33.47861801089738], [149.89635500837443, -33.470557000773475], [149.89056000881592, -33.47316300110512], [149.88826999834077, -33.466891010976276], [149.8919359888793, -33.46593200093539], [149.89638628861087, -33.46943217107109], [149.8996631487313, -33.4690955810771], [149.90156698873707, -33.4751600111482], [149.92909101869955, -33.47903800081808], [149.92994099833317, -33.47473401093828], [149.94631999887483, -33.47678299098461], [149.9506180287759, -33.46082001130732], [149.95291000835812, -33.461155010925886], [149.95378279891173, -33.44635978118961], [149.96150746863373, -33.44722345080784], [149.96510100824796, -33.431817001353636], [149.96972500891783, -33.43239900068222], [149.97100600830967, -33.42585901128048], [149.98236699811463, -33.42668599095168], [149.9851910085171, -33.419401011219655], [149.9894050082099, -33.41840800134324], [149.98985391881524, -33.41624322072544], [149.98718295887932, -33.415862231441565], [149.98813600851364, -33.411171001228084], [149.97662098818017, -33.40828101081318], [149.97788698840165, -33.401965001307914], [149.9752529680885, -33.40159727137914], [149.97759692868462, -33.39994226082712], [149.97190799860158, -33.399116001420104], [149.96900496879343, -33.40731399107892], [149.96159400873498, -33.406419001367276], [149.96013999831104, -33.41117300110512], [149.95579401813674, -33.41115700133764], [149.95140601836673, -33.41051499108209], [149.9506749981346, -33.40723900095023], [149.9405429988597, -33.40610900141093], [149.9361620185253, -33.4001559908364], [149.92968497847718, -33.399117001122406], [149.91742441844164, -33.40194328080354], [149.91146074851045, -33.399479671061194]]]}}, {"type": "Feature", "properties": {"postcode": "2845", "name": "Postcode 2845", "region": "Other Endeavour", "flexibleExport": 39.1, "networkVisibility": 68.9, "connectionAssessment": 30.4, "derOrchestration": 22.7, "composite": 40.3, "solarKwTotal": 2606.12, "solarGrowthPct": 82.29166666666666, "batteryInstalls": 37.0, "meanAvailableKva": 1704.3755238095237, "distSubstationCount": 89}, "geometry": {"type": "Polygon", "coordinates": [[[150.07728419837045, -33.429046680946755], [150.0857528887434, -33.426880390987556], [150.0850550082604, -33.42439800113051], [150.08233100819677, -33.42462100078235], [150.08275499863788, -33.422335990830064], [150.0960519782544, -33.42412200121199], [150.09959901837456, -33.40342300146594], [150.10200399883294, -33.40353400109753], [150.08431401852528, -33.398244000891154], [150.08350098839585, -33.39550500089625], [150.0589824680492, -33.389937681074194], [150.0596820283817, -33.38623300113042], [150.06290837803033, -33.386691661272565], [150.0664089788435, -33.369919000755644], [150.05510500870292, -33.36776701147672], [150.05453698867737, -33.37136300099511], [150.05026732847128, -33.370876040935734], [150.04993802854602, -33.367162001378134], [150.01892601820177, -33.364800001078926], [150.0164439883431, -33.37930400110732], [150.01471296802828, -33.379084991367776], [150.0246840080689, -33.38958400112583], [150.02031999870687, -33.38916500090037], [150.00648400836027, -33.39578400098285], [150.00243400869903, -33.402576001228624], [149.98769099839325, -33.413360001436324], [149.9894050082099, -33.41840800134324], [149.9851910085171, -33.419401011219655], [149.98508201861867, -33.42131700116462], [149.99426497833858, -33.423106000797326], [149.99325600857782, -33.428498231182935], [149.99963190820637, -33.4293231907497], [150.0011439884252, -33.421325010984546], [149.9979248387736, -33.4208931814425], [149.99881477816598, -33.4164551613137], [150.0041360080403, -33.417040001192156], [150.0048080080599, -33.4135050011207], [150.01060602865275, -33.41426800122697], [150.0101540188597, -33.41661400113167], [150.0154889983477, -33.41733600073235], [150.01487101851765, -33.42425200072878], [150.0452850086992, -33.42843900103108], [150.04313402868397, -33.4396329907795], [150.03887002876252, -33.4424410007075], [150.03683401873067, -33.453303000922446], [150.0384169886018, -33.46030301087007], [150.03479209868252, -33.47660169105621], [150.0386299989186, -33.47622100125805], [150.0388760088474, -33.479824001125074], [150.06840100825738, -33.483967010988856], [150.072571018349, -33.48255000110997], [150.07710099864633, -33.485412001234465], [150.07793801828538, -33.47903600100649], [150.07366401831814, -33.476552000808276], [150.0798409788405, -33.47253600078441], [150.07909298853434, -33.467286000879014], [150.08495236855265, -33.46803061075024], [150.08381634826455, -33.46623760118779], [150.0899621785691, -33.457492540896716], [150.08959710862752, -33.45266354112589], [150.07261299841892, -33.4504810110263], [150.07728419837045, -33.429046680946755]]]}}, {"type": "Feature", "properties": {"postcode": "2846", "name": "Postcode 2846", "region": "Other Endeavour", "flexibleExport": 10.1, "networkVisibility": 46.2, "connectionAssessment": 61.3, "derOrchestration": 16.3, "composite": 33.5, "solarKwTotal": 557.44, "solarGrowthPct": 17.391304347826086, "batteryInstalls": 12.0, "meanAvailableKva": 15.322470588235294, "distSubstationCount": 114}, "geometry": {"type": "Polygon", "coordinates": [[[150.238167618447, -33.09815942117032], [150.21701900841268, -33.09670601137153], [150.20703898791422, -33.080978011002735], [150.20073598836757, -33.08030600160368], [150.19555999810842, -33.087485991575385], [150.19631901792965, -33.090009011503035], [150.19235598866265, -33.09051900110614], [150.18570098786523, -33.09815700096538], [150.17835699810945, -33.10020400096823], [150.17364798806761, -33.10674599116384], [150.1669669882292, -33.107862011686855], [150.15751199798, -33.114358001105465], [150.15721597794104, -33.1170010113846], [150.16084896796926, -33.11850900153693], [150.13806300854813, -33.115725011244194], [150.1320829982619, -33.12074300167143], [150.13129101835457, -33.11682000122884], [150.12775697865322, -33.12045599096827], [150.12806799876083, -33.11226600139566], [150.10093699790482, -33.10849800153134], [150.10271797802415, -33.09907301142567], [150.0691990086738, -33.09464599152782], [150.06990202841854, -33.085851000951735], [150.05969400831435, -33.07510600160635], [150.0517990180145, -33.07400501106442], [150.059228008159, -33.06607400161394], [150.06340700859, -33.06538301165158], [150.0609260279636, -33.046967001431575], [150.05733099804434, -33.04303099108916], [150.04624097785822, -33.04639899117395], [150.0380009985567, -33.037674001555104], [150.03960699853675, -33.03392899103137], [150.03476800856154, -33.033178001052285], [150.03508201826236, -33.029895991601585], [150.03242200789137, -33.032089001382595], [150.03102098818775, -33.02844201143369], [150.02480299801312, -33.02754000106989], [150.02414398853077, -33.030713011473786], [150.0155419980511, -33.02945901168414], [150.01220100810102, -33.045843991333584], [150.0069520180469, -33.04888600155921], [149.99976399828236, -33.04916800149514], [150.00490899846082, -33.070021991653654], [149.99742098810378, -33.072005011140305], [149.99907801868022, -33.07752500125101], [149.99757198861482, -33.085942001609475], [149.9769974487595, -33.08326699110421], [149.97900721810367, -33.06908689092418], [149.9713043280357, -33.06536691158959], [149.9703882880927, -33.0598519009397], [149.96240733800332, -33.04964989148176], [149.96187436844357, -33.05261890139935], [149.9581673886769, -33.05207894094077], [149.95852837847048, -33.05014892152053], [149.9519894786353, -33.0492619811939], [149.95308341824222, -33.04450792098097], [149.94700448817184, -33.043572971650505], [149.94408273837152, -33.05994610112153], [149.93931079864907, -33.0593301413824], [149.93429204859896, -33.07654028161446], [149.93357109848114, -33.079826331325556], [149.9358830880363, -33.080160311087404], [149.932245308191, -33.09830946095487], [149.92326597857965, -33.09710300138832], [149.9243490081474, -33.104294001394265], [149.92717399861192, -33.105921001524486], [149.92410299821867, -33.10656099130143], [149.92576998841665, -33.10995800116723], [149.92180900820685, -33.11252800106271], [149.92410566801166, -33.11630265156157], [149.92240100875884, -33.128716001307474], [149.9156929983765, -33.12909100105588], [149.91382397796943, -33.136840001351736], [149.9041430084256, -33.136493991531026], [149.90038701837372, -33.140574001144316], [149.9028540185194, -33.142592001151534], [149.89809499836736, -33.14817700106578], [149.90449600860302, -33.154780001581315], [149.89977501862856, -33.158854001218096], [149.9055159979974, -33.16107100107745], [149.89915400878104, -33.16375500134846], [149.90813402829855, -33.16793600137833], [149.90443500850367, -33.169900000999895], [149.90513599805584, -33.17369799121683], [149.91623600840617, -33.173231001260774], [149.9126360179899, -33.175492991501265], [149.91180800845316, -33.17947700093541], [149.92219200852148, -33.17917601133287], [149.9314540280713, -33.188672001181445], [149.9393019987526, -33.18715001112759], [149.93845297851965, -33.19045400125539], [149.93507402846052, -33.19185900107258], [149.9392380180431, -33.19579400101089], [149.9406879779634, -33.19060901104669], [149.9490680180925, -33.19041000147663], [149.94947002855517, -33.18477799091342], [149.95419199859163, -33.183835991192026], [149.95104700846008, -33.191746001239046], [149.9543969779698, -33.192565990953526], [149.953584997971, -33.200029010989866], [149.9565420084429, -33.20189401154333], [149.9598569786909, -33.19991401095722], [149.96760599814695, -33.209394001320405], [149.97039598845134, -33.20940901147307], [149.97068499803783, -33.20696900148221], [149.97741500816147, -33.207021011200844], [149.97811000864564, -33.211221011336704], [149.97988499879867, -33.21064801099331], [149.9857380286262, -33.180868001575256], [149.99544699865743, -33.18229200127166], [149.99833998799562, -33.179035001210366], [150.00396897799132, -33.180575001343904], [150.00447198873636, -33.177939011546904], [150.02187901859423, -33.18015701142713], [150.01950899877002, -33.19059700094751], [150.0232859887383, -33.19113900088912], [150.0245189884495, -33.18357000097271], [150.0360889784919, -33.185304001401406], [150.03497101793428, -33.19051299109991], [150.05876200800373, -33.19449601160896], [150.0588189881422, -33.21436401146763], [150.05965600867953, -33.21633100150874], [150.06751598803953, -33.21743801139449], [150.06907800829995, -33.22326900134051], [150.0641649980436, -33.22516901104039], [150.06368899874084, -33.22771100104981], [150.05944999803543, -33.227058000848636], [150.05906401800894, -33.22922700120158], [150.052608988482, -33.23107001093566], [150.05755396798267, -33.2321470014052], [150.06196298833038, -33.23754701107407], [150.06480666824427, -33.2317570213577], [150.0719289888222, -33.230530991123004], [150.07093454841282, -33.22664692146039], [150.08030233829908, -33.218791821523176], [150.0885502883522, -33.22582476139672], [150.0915133184348, -33.235275741580715], [150.09581031796824, -33.23716272110751], [150.10423411862809, -33.23446966106168], [150.10670089868646, -33.236106321292574], [150.10684605835158, -33.233313651286906], [150.12724798872168, -33.22151500098468], [150.1316300281698, -33.21673500106868], [150.13494499841775, -33.21717099143218], [150.14099501800732, -33.22558999107629], [150.14971800796246, -33.22171300123899], [150.14927598833367, -33.2244320010356], [150.15872700802936, -33.22180800101217], [150.16357606811894, -33.227422140954175], [150.16838501843108, -33.2270690914364], [150.17365298809054, -33.21766600152626], [150.1795540184969, -33.21620000158392], [150.1757705786249, -33.210344661037944], [150.17705697868817, -33.20736200153498], [150.1730759983869, -33.20597000105876], [150.18931999831096, -33.18840901095448], [150.19158196877285, -33.16838400124067], [150.20723200802098, -33.16813800137478], [150.21069001790997, -33.165795000947995], [150.22632799817373, -33.16518899163795], [150.229487008312, -33.16304601104655], [150.23680700855806, -33.16531500106612], [150.24342098868635, -33.1729550010003], [150.24687399855253, -33.17280799114064], [150.25168797853195, -33.166900001340366], [150.25642202821402, -33.16797999138866], [150.26092700839698, -33.17395400133699], [150.27272701835608, -33.17096301166321], [150.28114300816452, -33.17245000157019], [150.2919609879399, -33.167363001297595], [150.3132509981897, -33.17362399105987], [150.31882202798494, -33.177007991619746], [150.31771100870955, -33.179635991663595], [150.32017402842015, -33.18453300163583], [150.32420599799534, -33.18623899137758], [150.32693199860708, -33.19391300150142], [150.33187453828342, -33.19859107163815], [150.34234700803415, -33.20076399106126], [150.34643300857869, -33.199817991440604], [150.35120201799674, -33.194466001221606], [150.36497000857122, -33.194854001315534], [150.37145699835938, -33.2027450112121], [150.38115599798928, -33.20623999104345], [150.38307002848364, -33.226274991576766], [150.3982789886391, -33.23149601127782], [150.40312100863184, -33.2307630010117], [150.4084309880055, -33.22510799155134], [150.4189729882575, -33.221859011447826], [150.43144398852985, -33.22643700158468], [150.43540897792084, -33.22361401113193], [150.4481289786135, -33.222313991144375], [150.44948399828635, -33.21888101149198], [150.45751399818695, -33.21560601164948], [150.45841098845602, -33.211459011423344], [150.4651710085984, -33.20904999145566], [150.46539599794949, -33.205300011040045], [150.4605870081115, -33.20629299108424], [150.45621697824035, -33.20380201160319], [150.45648776819627, -33.19396739143596], [150.44228999843702, -33.18604001172427], [150.44614209834285, -33.18158900116461], [150.44668601836585, -33.1757060012533], [150.44191900859772, -33.17356000170526], [150.442526988382, -33.16757399150199], [150.43637100801308, -33.16640899120098], [150.43329402843332, -33.16054701169632], [150.42419898862684, -33.16249400116816], [150.42031100821194, -33.15756599165493], [150.41943599792128, -33.14303800110483], [150.40954701808357, -33.144109001141906], [150.4035549883388, -33.15596900108288], [150.3955849985942, -33.16109600171962], [150.38589899848483, -33.155000011489435], [150.35349502794656, -33.15026201101779], [150.34630798824398, -33.14387000122241], [150.32715800844434, -33.13458500128633], [150.32534399817027, -33.125466991393665], [150.32203997838562, -33.12120900112166], [150.3252209882652, -33.11564299123577], [150.32502498844664, -33.107174011512], [150.3289709982322, -33.10679999120889], [150.33445899854237, -33.10082300146967], [150.3319560082932, -33.09009699135559], [150.3348969982103, -33.08191699116493], [150.32470900784205, -33.07529000177638], [150.32333298825276, -33.071465991630404], [150.3185580283943, -33.071055001535726], [150.3099809985032, -33.0640640013357], [150.30535298865217, -33.05549600138861], [150.3068449978126, -33.045536001452405], [150.3134860181293, -33.042174001645925], [150.30590496836, -33.03884899178598], [150.30639198819463, -33.035636011358015], [150.3118880185451, -33.03242500139054], [150.2737486184298, -33.02741305137482], [150.25547182803575, -33.039353951576686], [150.25061002803878, -33.04334300106894], [150.26104581867816, -33.04500396135567], [150.2579790080274, -33.0587769915783], [150.24219396816173, -33.056474001163195], [150.23910840787434, -33.070777901581174], [150.23084742865638, -33.069540351692545], [150.22653002838283, -33.09121400149254], [150.23874153860726, -33.095141411434184], [150.238167618447, -33.09815942117032]]]}}, {"type": "Feature", "properties": {"postcode": "2847", "name": "Portland", "region": "Other Endeavour", "flexibleExport": 27.5, "networkVisibility": 59.0, "connectionAssessment": 66.7, "derOrchestration": 23.6, "composite": 44.2, "solarKwTotal": 3535.65, "solarGrowthPct": 46.45669291338583, "batteryInstalls": 80.0, "meanAvailableKva": 55.76120512820513, "distSubstationCount": 153}, "geometry": {"type": "Polygon", "coordinates": [[[150.00648400836027, -33.39578400098285], [150.02031999870687, -33.38916500090037], [150.0246840080689, -33.38958400112583], [150.01471296802828, -33.379084991367776], [150.0164439883431, -33.37930400110732], [150.01860492887815, -33.3586230309551], [150.02057089816572, -33.35884705102234], [150.02372014810837, -33.34608197123075], [150.03135613884044, -33.3470739614218], [150.02828053817467, -33.34512275077277], [150.0289884187034, -33.341249051368465], [150.0363760180729, -33.342546991178345], [150.03815002816398, -33.32349299122664], [150.00248868825207, -33.31881384149353], [150.00472799871085, -33.30439600147819], [149.99774616835518, -33.303458971096575], [149.99741313862484, -33.3052129709154], [149.99315614825753, -33.304629971453835], [149.99349365878453, -33.30284686139046], [149.97322798846994, -33.300159001404616], [149.97499998813146, -33.306765990945166], [149.95969297865932, -33.30479301114831], [149.96115801859833, -33.30202700097728], [149.94099997813288, -33.29928101092172], [149.93951296809703, -33.31107899083138], [149.93601999847212, -33.31329999123455], [149.93595900825423, -33.3174049911587], [149.9381039983031, -33.3183140108997], [149.93659501817032, -33.324599001473594], [149.93062602841604, -33.328023990874335], [149.92680899873892, -33.33399000100235], [149.9268889685621, -33.33619400099628], [149.93588698852128, -33.337423991190555], [149.9357620184922, -33.347323011155794], [149.9309209785615, -33.35306200073449], [149.92822202891787, -33.35202501078646], [149.92126800860675, -33.35551000104476], [149.9233180287638, -33.35595600145649], [149.9217209786989, -33.3601229907835], [149.91877899883832, -33.363949991070385], [149.9158500184983, -33.3633920010229], [149.91537697824606, -33.3659689909871], [149.92718797819433, -33.36767301077276], [149.91908698892846, -33.37465001099192], [149.91507099858558, -33.37407900117653], [149.91146074851045, -33.399479671061194], [149.91742441844164, -33.40194328080354], [149.92968497847718, -33.399117001122406], [149.9361620185253, -33.4001559908364], [149.9405429988597, -33.40610900141093], [149.9506749981346, -33.40723900095023], [149.95140601836673, -33.41051499108209], [149.95579401813674, -33.41115700133764], [149.96013999831104, -33.41117300110512], [149.96159400873498, -33.406419001367276], [149.96900496879343, -33.40731399107892], [149.97190799860158, -33.399116001420104], [149.97759692868462, -33.39994226082712], [149.9752529680885, -33.40159727137914], [149.97788698840165, -33.401965001307914], [149.97662098818017, -33.40828101081318], [149.98558797853278, -33.40949699126068], [149.98769099839325, -33.413360001436324], [150.00243400869903, -33.402576001228624], [150.00648400836027, -33.39578400098285]]]}}, {"type": "Feature", "properties": {"postcode": "2848", "name": "Kandos", "region": "Other Endeavour", "flexibleExport": 8.7, "networkVisibility": 45.9, "connectionAssessment": 35.2, "derOrchestration": 19.1, "composite": 27.2, "solarKwTotal": 1843.79, "solarGrowthPct": 3.571428571428571, "batteryInstalls": 20.0, "meanAvailableKva": 1795.242551724138, "distSubstationCount": 96}, "geometry": {"type": "Polygon", "coordinates": [[[150.01285950823853, -33.00655502159228], [150.01894908873487, -33.00292503120355], [150.02553489859417, -33.006093021359284], [150.0299398585568, -33.00453100146683], [150.02912302855376, -33.00772202109029], [150.03218303805951, -33.008742981003564], [150.03330081805575, -33.00608096116149], [150.03850210846656, -33.00737696156917], [150.03617004785303, -33.00256297123482], [150.04291787785698, -33.00370597105971], [150.03725109843225, -32.996864971591464], [150.0233659181373, -32.99043203108225], [150.02120467846322, -32.98587278140155], [150.01186480821596, -32.979438241677244], [150.009820808568, -32.966337671447256], [150.00044044855588, -32.9650731212546], [150.01129799822118, -32.90686002172534], [150.01595773836462, -32.90747187174497], [150.02502374821435, -32.900981311784534], [150.0256281482123, -32.897365031096975], [150.01047499858876, -32.889484011175234], [150.00963399851474, -32.89389800163377], [150.0020343679921, -32.89286218140628], [150.00366799835368, -32.88529689167951], [149.99836107864186, -32.884647631450065], [150.00112704799554, -32.88111659104469], [149.99568599813372, -32.87885600155417], [149.99574399786007, -32.875135001764434], [150.0037889978292, -32.868766011346764], [149.99690100818304, -32.86512401175301], [150.00005398793078, -32.847993001173286], [150.01184801780502, -32.84841299121106], [150.0145399983186, -32.84321499128941], [150.021862008096, -32.84409000112241], [150.0182520185323, -32.83819100107746], [150.01900099788355, -32.8345060110808], [149.99749898792157, -32.82363500147964], [149.99442597799705, -32.84019699141546], [149.98470500827034, -32.838902991722776], [149.98650598848113, -32.83281599111697], [149.972506997928, -32.830984991098255], [149.96850597800932, -32.833211001528774], [149.96547100814382, -32.829908001389505], [149.9597559784085, -32.82918200113756], [149.95907598787443, -32.83294100122323], [149.95115402835307, -32.83197300143108], [149.9488820084382, -32.84319100154711], [149.9426679978002, -32.842357001137465], [149.9419279980085, -32.84624699164261], [149.93765000862314, -32.84564101162593], [149.9370360083298, -32.84883899178695], [149.93296600857713, -32.848254001377725], [149.93227399858455, -32.85916099150212], [149.92790600788916, -32.8586090110262], [149.92634201852155, -32.86448899144172], [149.92362700789906, -32.86411000122521], [149.92279199868963, -32.87364399141512], [149.91971901840955, -32.87450800138612], [149.9213580180016, -32.877356001311654], [149.9197740285426, -32.883147001240864], [149.92272099854452, -32.884477001677155], [149.91987600798856, -32.8892460112821], [149.92293299825664, -32.89051899135816], [149.92001499802427, -32.89679800167274], [149.92144098819787, -32.90191199140145], [149.91739999863893, -32.90772199132456], [149.92163198799355, -32.909221991082276], [149.91855598847584, -32.91247699103484], [149.92052899786017, -32.9154720010707], [149.91512699866203, -32.91717000120865], [149.9140479782754, -32.93046600099119], [149.9201989981473, -32.93024101118629], [149.91686001862675, -32.94346200169972], [149.9189240183662, -32.94372601140284], [149.91481199811952, -32.96306001164083], [149.90910700795584, -32.962478001066465], [149.90648196810054, -32.97724801150752], [149.92352301802347, -32.97945900166786], [149.92253492870307, -32.98471306127134], [149.9303098286225, -32.98574001112103], [149.92809190794898, -32.98987705104035], [149.9288200086564, -33.00096310144346], [149.93736100801985, -32.995847001676914], [149.93877300872953, -33.00138400160609], [149.94892475836426, -33.00264692132958], [149.95134977844003, -33.005164881528486], [149.95921282824168, -33.019237981048875], [149.97671493848412, -33.02508303102486], [149.97749793793358, -33.020587981171005], [150.01444232809106, -33.02576017160282], [150.0102961080831, -33.01250818152881], [150.01285950823853, -33.00655502159228]]]}}, {"type": "Feature", "properties": {"postcode": "2849", "name": "Bylong", "region": "Other Endeavour", "flexibleExport": 7.3, "networkVisibility": 42.4, "connectionAssessment": 73.9, "derOrchestration": 16.6, "composite": 35.0, "solarKwTotal": 3675.02, "solarGrowthPct": 6.569343065693431, "batteryInstalls": 48.0, "meanAvailableKva": 24.78873732718894, "distSubstationCount": 544}, "geometry": {"type": "MultiPolygon", "coordinates": [[[[150.021862008096, -32.84409000112241], [150.0145399983186, -32.84321499128941], [150.01184801780502, -32.84841299121106], [150.00005398793078, -32.847993001173286], [149.99690100818304, -32.86512401175301], [150.0037889978292, -32.868766011346764], [149.99574399786007, -32.875135001764434], [149.99568599813372, -32.87885600155417], [150.00112704799554, -32.88111659104469], [149.99836107864186, -32.884647631450065], [150.00366799835368, -32.88529689167951], [150.0020343679921, -32.89286218140628], [150.00963399851474, -32.89389800163377], [150.01047499858876, -32.889484011175234], [150.0256281482123, -32.897365031096975], [150.02502374821435, -32.900981311784534], [150.01595773836462, -32.90747187174497], [150.01129799822118, -32.90686002172534], [150.00044044855588, -32.9650731212546], [150.009820808568, -32.966337671447256], [150.01186480821596, -32.979438241677244], [150.02120467846322, -32.98587278140155], [150.0233659181373, -32.99043203108225], [150.03725109843225, -32.996864971591464], [150.04278216846865, -33.003253001532464], [150.03608291845694, -33.00260698151674], [150.03850210846656, -33.00737696156917], [150.03330081805575, -33.00608096116149], [150.03224713824494, -33.00874100128934], [150.02912302855376, -33.00772202109029], [150.03026386830334, -33.004644031299534], [150.02189711785056, -33.005829951376526], [150.01890692810363, -33.00291702142001], [150.01285950823853, -33.00655502159228], [150.0102961080831, -33.01250818152881], [150.0140388183401, -33.023049661201135], [150.01311901804934, -33.029037001321804], [150.0150719887147, -33.03176499125858], [150.0155419980511, -33.02945901168414], [150.02414398853077, -33.030713011473786], [150.02480299801312, -33.02754000106989], [150.03102098818775, -33.02844201143369], [150.03209200817852, -33.031955011319134], [150.0344489979395, -33.02960099106234], [150.03489601848952, -33.033313001430564], [150.03960699853675, -33.03392899103137], [150.0380009985567, -33.037674001555104], [150.04624097785822, -33.04639899117395], [150.05902199841327, -33.04423299121948], [150.06340700859, -33.06538301165158], [150.059228008159, -33.06607400161394], [150.0517990180145, -33.07400501106442], [150.05969400831435, -33.07510600160635], [150.06990202841854, -33.085851000951735], [150.0691990086738, -33.09464599152782], [150.10271797802415, -33.09907301142567], [150.10093699790482, -33.10849800153134], [150.12806799876083, -33.11226600139566], [150.12675402850311, -33.11925099110708], [150.128222028391, -33.12041699160936], [150.13129101835457, -33.11682000122884], [150.13178701864715, -33.12080000103781], [150.13806300854813, -33.115725011244194], [150.16084896796926, -33.11850900153693], [150.15721597794104, -33.1170010113846], [150.15751199798, -33.114358001105465], [150.1669669882292, -33.107862011686855], [150.17364798806761, -33.10674599116384], [150.17835699810945, -33.10020400096823], [150.18570098786523, -33.09815700096538], [150.19235598866265, -33.09051900110614], [150.19631901792965, -33.090009011503035], [150.19555999810842, -33.087485991575385], [150.20090698807184, -33.08026700098456], [150.20703898791422, -33.080978011002735], [150.21889298841847, -33.09791600134696], [150.238167618447, -33.09815942117032], [150.23874153860726, -33.095141411434184], [150.22653002838283, -33.09121400149254], [150.23084742865638, -33.069540351692545], [150.23910840787434, -33.070777901581174], [150.24219396816173, -33.056474001163195], [150.2579790080274, -33.0587769915783], [150.26104581867816, -33.04500396135567], [150.25138999836904, -33.04248900116869], [150.2737486184298, -33.02741305137482], [150.3118880185451, -33.03242500139054], [150.3113540186177, -33.02755301107418], [150.31656300848886, -33.02530400138529], [150.3150159981785, -33.02184999171488], [150.31964298844167, -33.01840400121109], [150.31896799793043, -33.01429600181408], [150.32682498859543, -33.004196001816204], [150.3302670084724, -33.006620001198485], [150.33331402833912, -33.00411600153155], [150.33242298851047, -33.00251901140668], [150.33854097822768, -33.002032001401915], [150.3355929778581, -32.99723500120359], [150.34067800830488, -32.989007001563685], [150.34018500838533, -32.980569001093905], [150.3470060178473, -32.969071011668156], [150.346402018498, -32.961556991775346], [150.34969902783024, -32.95980601128952], [150.34731900796027, -32.95224700148671], [150.34922999855578, -32.947065001762496], [150.34203902782554, -32.941566001307535], [150.3420429983791, -32.93304000164127], [150.3444129885589, -32.92739800129772], [150.35276443800745, -32.92250166153049], [150.35522336858688, -32.9173606216684], [150.35294733859257, -32.91010165133534], [150.34892438810286, -32.909355691581524], [150.3504592783434, -32.9023086513531], [150.3468052677375, -32.8963436618253], [150.34709021783723, -32.89056765128314], [150.34010627823727, -32.88771970173784], [150.33539729783976, -32.88178472126405], [150.34049412855606, -32.875608661708576], [150.34102512811043, -32.87064564144159], [150.36142380837583, -32.86810547150907], [150.35891873852677, -32.85959547183846], [150.36256957807967, -32.845766421779636], [150.35576499790602, -32.83998600168548], [150.34942198829492, -32.81825200194589], [150.34275701799444, -32.81527899124569], [150.33853998828423, -32.80896300192809], [150.33737399840166, -32.80402300132494], [150.3399259980378, -32.80172800184969], [150.33822900770258, -32.79841001190532], [150.34121999784836, -32.79375700184889], [150.3321250083476, -32.7885490116086], [150.32836100801836, -32.783631011761436], [150.32524000829468, -32.78593100129371], [150.32065297779027, -32.78340601175948], [150.3176289880325, -32.78449701187631], [150.31342298783738, -32.77932700195452], [150.3001960085411, -32.77230199155099], [150.2970019982427, -32.766823001835796], [150.28882198777458, -32.76530899139802], [150.27538399781125, -32.7471470117242], [150.27726601773878, -32.7322030014821], [150.2908420077944, -32.720889991910944], [150.2969401384556, -32.691550682013286], [150.3059918776688, -32.68023156164868], [150.3080997178891, -32.66522050148277], [150.3192894879026, -32.66084841165901], [150.3201623880507, -32.647922421491465], [150.31134347778615, -32.6469194719513], [150.25115613815453, -32.615269762038054], [150.22766199816732, -32.61234400199071], [150.23674199837933, -32.60820100153612], [150.23936298773097, -32.60112901165866], [150.25329098802047, -32.60071768201725], [150.25946988800555, -32.59771662184354], [150.26604262827576, -32.5777184916424], [150.23683302826032, -32.57404271181759], [150.2377359680715, -32.56643966176488], [150.24753767837598, -32.54998749170364], [150.24266072829178, -32.54723754137351], [150.24183867817862, -32.53842255183324], [150.2430385381407, -32.526912551365555], [150.24873640825743, -32.5235885113534], [150.24132446813698, -32.51233755163204], [150.24303536798607, -32.50418050146261], [150.24014635818455, -32.498200501834226], [150.2476001283562, -32.483189401625665], [150.245314137842, -32.48014039193378], [150.23733825784407, -32.47979144163691], [150.23828116819382, -32.47256242186813], [150.22674931792346, -32.463072481702184], [150.2272461976667, -32.45601345161841], [150.2343530780015, -32.45422937147405], [150.23700406838867, -32.45745136188139], [150.24509994803728, -32.45753130170841], [150.24748894836512, -32.4604662918193], [150.25397579801603, -32.45800022203131], [150.26885049774924, -32.44796201192459], [150.27252933778956, -32.43644691194246], [150.27671526782467, -32.43589785151675], [150.27571122801814, -32.432065831548734], [150.27990415772592, -32.42873078211899], [150.28003709760816, -32.4218337814666], [150.28317901819642, -32.42046374190905], [150.28794397800908, -32.42245371184712], [150.29963974836096, -32.4194326115935], [150.30238662761653, -32.41540860164424], [150.30957351819873, -32.41407954154647], [150.31055149787886, -32.40916453195181], [150.3189120077354, -32.40836600147404], [150.31519600798504, -32.40290400194742], [150.3145340080111, -32.393725011915905], [150.31918699821355, -32.39073600148907], [150.3193389778882, -32.38821500185949], [150.31662498775185, -32.38516100213344], [150.30895699813104, -32.385949991482335], [150.3062009875006, -32.37391900184996], [150.301892997978, -32.375053992207086], [150.29562200809988, -32.38426399200646], [150.2869950175059, -32.38688900202045], [150.2814630078317, -32.383505001631534], [150.28756200806208, -32.379684001683984], [150.28426598777506, -32.374523001887205], [150.27912298814468, -32.37568099153908], [150.27628098808032, -32.38145299186472], [150.26676098765228, -32.37686499166821], [150.26805300757596, -32.3713640016088], [150.26510300755658, -32.369030002129676], [150.26319500835098, -32.360815001649144], [150.2585339979897, -32.3577670016978], [150.26427898833634, -32.354730001784695], [150.2615210077005, -32.35224601191161], [150.2596519881917, -32.338570992124204], [150.26025500837736, -32.33443600221983], [150.2707709880289, -32.323477012088205], [150.26758599771432, -32.32072001216974], [150.25972100755163, -32.327556001963906], [150.25171298762947, -32.3250370017279], [150.2557649977203, -32.31971200188811], [150.26219600809318, -32.316468011629865], [150.25677899804668, -32.31487701191408], [150.25275301753956, -32.30984201163425], [150.25513000829034, -32.302852011900086], [150.2485320082926, -32.3063740020918], [150.24528000814942, -32.31299200168233], [150.23692398807268, -32.308123011684245], [150.2315519881135, -32.31423300195471], [150.2215650083665, -32.31481699209147], [150.21617099788617, -32.32330400205231], [150.2134809882763, -32.32270700216147], [150.21138099753492, -32.31809701200785], [150.2081680076313, -32.31882999165919], [150.20643699809622, -32.3255210014612], [150.2147309975874, -32.328764991551175], [150.21764099832217, -32.33772800189401], [150.20802500751614, -32.33948400187894], [150.20577200763074, -32.333643001890984], [150.19694400821217, -32.33259200160854], [150.19604500751348, -32.33852200169257], [150.19186699792428, -32.3422110017984], [150.1892819977778, -32.35003800200962], [150.1863799875576, -32.3469850018558], [150.18729800828575, -32.33344499209516], [150.17969899760067, -32.333679001900414], [150.17766597806036, -32.32638101184402], [150.17090198826276, -32.32465100219725], [150.16539898788398, -32.320033991757484], [150.16380097751997, -32.33250701203345], [150.1605900079274, -32.33294599215988], [150.1594759882789, -32.32651201179688], [150.15526399811748, -32.32700699216461], [150.142350228123, -32.341547071445824], [150.13289398831722, -32.33694801161889], [150.126768998029, -32.34128200159033], [150.11759398839934, -32.339392001992486], [150.1022359977383, -32.34281001179674], [150.06580099816088, -32.34430100166491], [150.0693159881884, -32.35454400147087], [150.07595048763443, -32.35534439193157], [150.07475098789678, -32.36215300195554], [150.05823192832426, -32.36751931163287], [150.05300709756142, -32.37319935182812], [150.04944724836358, -32.38218043169154], [150.05716615808802, -32.3914684321227], [150.06236711791877, -32.39282842210816], [150.06369615831363, -32.39780344181979], [150.05612141831085, -32.40948956155322], [150.0565134682537, -32.414983611460926], [150.0523435982993, -32.41781465150208], [150.04279274792773, -32.418937731466066], [150.03217186840726, -32.41446983157338], [150.02682494761416, -32.41604788194332], [150.0247499983096, -32.42155395184404], [150.02767802823212, -32.42531692172199], [150.02954109819882, -32.437006941898275], [150.02248122760113, -32.44575801165339], [150.02459122826968, -32.449960991697445], [150.02264438770786, -32.461861041412824], [150.02558332766952, -32.46223902170012], [150.01972449831845, -32.469760062009705], [150.0153395276676, -32.471021091465126], [150.01495562813935, -32.47843408139411], [150.01077472777152, -32.480712131792345], [150.01758464842965, -32.48687410201056], [150.016601698371, -32.48889411185557], [150.02080865796688, -32.49292210201893], [150.0223427181641, -32.50125809175997], [150.02009686797, -32.51511812155367], [150.01141804817743, -32.518498181935236], [150.0136090283756, -32.52075918167065], [150.01081108798095, -32.52392519180807], [150.01111111809934, -32.52889722193023], [150.0210740481496, -32.541072201712076], [150.03524093832095, -32.55194515134707], [150.0266191283112, -32.56337123141663], [150.02359626773577, -32.574198261491716], [150.0164124484935, -32.583977301420184], [149.99360885783824, -32.59209644184988], [149.99044590768912, -32.59226545186823], [149.98461098789772, -32.58700949196918], [149.96557630776311, -32.59421663145818], [149.95524749838924, -32.59282768152594], [149.95245546801087, -32.588609691621514], [149.93108873804246, -32.579128791224164], [149.92938863773972, -32.56605079128795], [149.90845000800482, -32.5469150018407], [149.9033960080629, -32.5470810014391], [149.89193397844969, -32.53642790192529], [149.88860999809938, -32.54622101133514], [149.8847200081532, -32.54550300162375], [149.88196900832543, -32.56117999146537], [149.88716229834034, -32.56187700150158], [149.88407450843448, -32.57919805190013], [149.87974754828966, -32.57862305147421], [149.87936699857914, -32.580712001758926], [149.89615801771404, -32.58291500188486], [149.8979649878912, -32.59238600184992], [149.89443900787455, -32.61203599189833], [149.8846729984161, -32.610884001668126], [149.88147300803294, -32.62916000188227], [149.89259597842357, -32.630533001351964], [149.88892798823528, -32.640231991636014], [149.88896999794954, -32.651223011614654], [149.8967039885909, -32.65884501178438], [149.91039100772065, -32.66222000133772], [149.91782098780862, -32.65844201170841], [149.9216130083883, -32.66134601172916], [149.92274399811075, -32.659045991192556], [149.9282000183968, -32.6604960011532], [149.93065299853578, -32.658614001829115], [149.93436898840469, -32.66108900158021], [149.93711499809106, -32.67013201181741], [149.9286479785846, -32.694055001517306], [149.93202897859916, -32.694613001505594], [149.93051400850013, -32.6992089915798], [149.9335590179372, -32.70079899152515], [149.92729101855065, -32.71216800176241], [149.93083502775508, -32.71262900184217], [149.92978699834737, -32.7182970015708], [149.93394898828018, -32.71883799149414], [149.927947987959, -32.7333550017757], [149.9277550082764, -32.737587001695054], [149.93232097777897, -32.73942500130636], [149.93173901859518, -32.742348001295575], [149.91859299816718, -32.73628399128756], [149.9178920184965, -32.7399040017674], [149.91337801832978, -32.7393470013819], [149.9144340086075, -32.73576499127856], [149.87646900831976, -32.73134279122123], [149.87887157859828, -32.71639694117832], [149.8627839879415, -32.71674799136771], [149.8621608984941, -32.720267991364], [149.84184013809647, -32.71568892169274], [149.8280499986603, -32.78937799155319], [149.8330810179006, -32.79429100158241], [149.82524898782407, -32.79916701133314], [149.82581900839767, -32.80595499149225], [149.82009518864737, -32.80780766105921], [149.81476122784886, -32.80648470107383], [149.8097063484563, -32.81094975139987], [149.81232200810337, -32.8128980111564], [149.81420200861817, -32.807623011339984], [149.81655600788764, -32.80747501117218], [149.81978399785987, -32.81034401142664], [149.8259509978624, -32.80963200171281], [149.82571199838608, -32.812325011737926], [149.83198400785207, -32.81425999157351], [149.8359890082057, -32.812377011599104], [149.83871800829226, -32.80746600139474], [149.84129000801985, -32.809731011667594], [149.8429970082823, -32.807395991172335], [149.84170399841514, -32.811128001628525], [149.84440302800877, -32.81446000173358], [149.84709799811566, -32.81312100151849], [149.846790017907, -32.815379001274835], [149.8487660186813, -32.81353600152245], [149.85148799843387, -32.81494499150998], [149.85307199867268, -32.81241800143556], [149.86132500803743, -32.81860400126474], [149.8653129978929, -32.81642200170426], [149.8652119985089, -32.81090700173345], [149.87122201791544, -32.81430500152401], [149.872814408419, -32.81237999153939], [149.86817499804874, -32.83845799125704], [149.85988668848657, -32.83743478166836], [149.85738001783966, -32.85074601129936], [149.86670700804237, -32.85199200171321], [149.86437801787045, -32.865152991374806], [149.85934400813858, -32.8660460113555], [149.8579229883435, -32.87365200159868], [149.8749700183512, -32.87576500117239], [149.87569297800033, -32.87222501110366], [149.8901930083948, -32.87358500107263], [149.88959699866163, -32.87683600165994], [149.90183347845766, -32.878485521567995], [149.90120749823174, -32.88170554107682], [149.9227089880692, -32.88451600137454], [149.9197740285426, -32.883147001240864], [149.9213580180016, -32.877356001311654], [149.91971901840955, -32.87450800138612], [149.92279199868963, -32.87364399141512], [149.92362700789906, -32.86411000122521], [149.92634201852155, -32.86448899144172], [149.92790600788916, -32.8586090110262], [149.93227399858455, -32.85916099150212], [149.93296600857713, -32.848254001377725], [149.9370360083298, -32.84883899178695], [149.93765000862314, -32.84564101162593], [149.9419279980085, -32.84624699164261], [149.9426679978002, -32.842357001137465], [149.9488820084382, -32.84319100154711], [149.95115402835307, -32.83197300143108], [149.95907598787443, -32.83294100122323], [149.9597559784085, -32.82918200113756], [149.96547100814382, -32.829908001389505], [149.96850597800932, -32.833211001528774], [149.972506997928, -32.830984991098255], [149.98650598848113, -32.83281599111697], [149.98470500827034, -32.838902991722776], [149.99442597799705, -32.84019699141546], [149.99749898792157, -32.82363500147964], [150.01900099788355, -32.8345060110808], [150.0182520185323, -32.83819100107746], [150.021862008096, -32.84409000112241]]], [[[150.58556771814577, -33.16599209175394], [150.5847149681078, -33.16215514179337], [150.58978587793658, -33.16027708165537], [150.5864127983678, -33.14784604160484], [150.5967946083435, -33.14493392164135], [150.6049295485372, -33.14720784115468], [150.61166634812778, -33.139454711273], [150.6103953083575, -33.13486072136958], [150.59949728779213, -33.1279218116417], [150.59865026810732, -33.12465381151016], [150.6027231586386, -33.122643761357715], [150.60603516803943, -33.12499273147971], [150.60815300830546, -33.11988068170814], [150.61224297850532, -33.11889663133709], [150.61235692800244, -33.11530261163359], [150.60944696859025, -33.11348562180217], [150.60990594841155, -33.10842056179248], [150.61974080834665, -33.11000949132306], [150.61747481792398, -33.10386245132621], [150.6058669378412, -33.10311455175667], [150.60161501846372, -33.10062658153395], [150.6108428382523, -33.09886645154795], [150.61233477824248, -33.09266037122392], [150.60707785786104, -33.089652401611694], [150.61354576833094, -33.08918733136435], [150.6097537477513, -33.08367035148176], [150.61417455848704, -33.073464271700395], [150.60561369827104, -33.07394838181304], [150.60821658836636, -33.0706583418276], [150.61160955843215, -33.0708653014551], [150.61068748809865, -33.06613729166231], [150.6046846282649, -33.069980351701666], [150.59118875805115, -33.06615048116113], [150.58890377814166, -33.06296850170569], [150.5799259082927, -33.063466591232796], [150.57219696797978, -33.058908671641255], [150.5528772577954, -33.05962187123095], [150.55239217832172, -33.0512178711906], [150.54893821803807, -33.04904490128064], [150.54755821801376, -33.04458192153132], [150.5445182481254, -33.04391996179748], [150.5466091479161, -33.042927951136434], [150.54156820858012, -33.04074101181923], [150.5341033379265, -33.04259308156477], [150.5310413179912, -33.037459111626944], [150.52406941851095, -33.037752201682686], [150.52006244815183, -33.03490724161254], [150.5114235485921, -33.03559233159787], [150.51041760795044, -33.03784535163331], [150.49735874835955, -33.03509647168257], [150.49149487856144, -33.043097521392795], [150.49195788822522, -33.04596750113518], [150.48844796828925, -33.04812354169504], [150.4718651480944, -33.04611868113143], [150.47039112859585, -33.04309868180026], [150.46637922828248, -33.04661374182728], [150.46404319801366, -33.04104476153266], [150.45131633778547, -33.03912189154486], [150.4483363681716, -33.03537791179111], [150.43123753860957, -33.03572007154625], [150.42546353806915, -33.02879008168744], [150.4091466784873, -33.023764221456986], [150.40501874817852, -33.0245022616225], [150.40064590837727, -33.033164351737234], [150.39466004826193, -33.0387384216169], [150.39798899809236, -33.04911100161295], [150.41074497810877, -33.05031200165978], [150.40993799813288, -33.053792331722754], [150.41616398780513, -33.05498199142709], [150.4157590182919, -33.06100101129445], [150.4274190186274, -33.069300001598734], [150.43320499820217, -33.07931900151873], [150.43413501862594, -33.093101001409465], [150.43707297852555, -33.09756600162378], [150.438367997924, -33.107886001122395], [150.43201100783216, -33.12057300173106], [150.433341988588, -33.12317100151368], [150.43028401825802, -33.1266010115235], [150.4268679785574, -33.14058701173816], [150.43140397846545, -33.15601401162031], [150.42954999855112, -33.16081000131741], [150.43339399834804, -33.16058099156423], [150.43637100801308, -33.16640899120098], [150.442526988382, -33.16757399150199], [150.44191900859772, -33.17356000170526], [150.44668601836585, -33.1757060012533], [150.44614209834285, -33.18158900116461], [150.44226896797792, -33.18599999125244], [150.45648776819627, -33.19396739143596], [150.45704599838177, -33.20474501123489], [150.46539599794949, -33.205300011040045], [150.46527732870385, -33.20856078161124], [150.46571401862806, -33.20486899148684], [150.471489998157, -33.20177300140856], [150.47252900847928, -33.195691991068735], [150.47601599801934, -33.19522700139133], [150.4792790285759, -33.20318499112965], [150.48684999834947, -33.20037000149884], [150.4928830083391, -33.202050001545864], [150.50422498799605, -33.20068100121415], [150.5130869985296, -33.20678900148282], [150.52079298868355, -33.201686001640475], [150.52269500870267, -33.203842001391195], [150.520329007941, -33.20810100127931], [150.5229620086663, -33.20937400130826], [150.52562500863056, -33.206124001762014], [150.52520098854507, -33.202150991595474], [150.5306760980309, -33.20191799105834], [150.5303160281122, -33.19822995137216], [150.52384205850578, -33.19443501132504], [150.53129093824904, -33.19128592135826], [150.53649886810814, -33.19207288140228], [150.53899981828332, -33.1877968114537], [150.54292074800446, -33.18867778158236], [150.5439697278298, -33.185040731164484], [150.55235359837525, -33.18372662131056], [150.55575148851386, -33.1752695517602], [150.55192847785352, -33.17076857130396], [150.55515138785293, -33.167363521652675], [150.55493731842242, -33.16168548163251], [150.56424321797883, -33.16203637112593], [150.5698361082765, -33.15589727146055], [150.57318906827788, -33.15826825117163], [150.57017420809834, -33.16841136167021], [150.58315605781488, -33.1682151816521], [150.58556771814577, -33.16599209175394]]]]}}, {"type": "Feature", "properties": {"postcode": "2850", "name": "Ilford", "region": "Other Endeavour", "flexibleExport": 38.2, "networkVisibility": 37.1, "connectionAssessment": 69.2, "derOrchestration": 57.2, "composite": 50.4, "solarKwTotal": 32070.31, "solarGrowthPct": -6.936813186813187, "batteryInstalls": 398.0, "meanAvailableKva": 18.732971830985914, "distSubstationCount": 194}, "geometry": {"type": "Polygon", "coordinates": [[[150.0075419982878, -32.129775001816974], [150.01348000784296, -32.127392991897636], [150.01669900747584, -32.12093599178468], [150.02145400766696, -32.121610002115645], [150.02017698781196, -32.11533501173471], [150.0146029980678, -32.1164029922302], [150.0120470081152, -32.110824001539505], [150.00835696787988, -32.113793991612525], [150.00063002811513, -32.10162199181675], [150.00513602788595, -32.09886855196065], [150.00226150791, -32.09686198199277], [149.99485102755187, -32.09855601201316], [149.98889699744203, -32.09667500196062], [149.98713700825584, -32.10104799181548], [149.98294497776172, -32.09398601173899], [149.98602896779397, -32.08699900196065], [149.97578499801045, -32.09005899191085], [149.97291802747614, -32.08628300216003], [149.96769100751897, -32.092217001565444], [149.96703962832663, -32.089795131683985], [149.95815800757043, -32.08862700192554], [149.95861298809214, -32.08583600204765], [149.95372099751515, -32.08518800178263], [149.95300599783778, -32.08950000213804], [149.94816602780054, -32.08890500173359], [149.93266399767356, -32.085750991642804], [149.93346897799967, -32.08150900186622], [149.93005800749216, -32.081042002274614], [149.93175500770892, -32.073967012240836], [149.92730897766984, -32.07289099196414], [149.9013915378806, -32.06926803204515], [149.8992850083023, -32.072235001573276], [149.88731698823224, -32.07065801178113], [149.85133002789448, -32.06310901158856], [149.85189300747294, -32.05990701187704], [149.84469998768552, -32.05894299216416], [149.84375401767394, -32.063971002231746], [149.8156500075162, -32.06007401181062], [149.81625801784327, -32.05679901193617], [149.8023374277565, -32.054786992079414], [149.80277944828362, -32.05819800194883], [149.79448062753428, -32.05858002164128], [149.79248472817815, -32.06606705184577], [149.78817477763326, -32.066524071669434], [149.7825478977802, -32.07108010200732], [149.7784779977405, -32.07755014198655], [149.77761908795463, -32.09155322197737], [149.76286928818192, -32.089301231737835], [149.75708235818956, -32.093035271506885], [149.75099546814752, -32.10240031145509], [149.7533115082063, -32.10628331208304], [149.74961000816288, -32.12755500198015], [149.77216189806208, -32.130503011838165], [149.77976199840367, -32.15263800207172], [149.72105101838187, -32.143746991488854], [149.722252018306, -32.14949500184271], [149.72766401754987, -32.15023600156374], [149.72736299838635, -32.15567999145881], [149.73537500772673, -32.159764001909345], [149.73359599761278, -32.16904201202307], [149.73675900794896, -32.169443991820756], [149.73318299805922, -32.189926011666216], [149.7397820176448, -32.191043002125866], [149.73616701817676, -32.19360801186311], [149.73018298792962, -32.19281501165581], [149.72952700756642, -32.19641300174406], [149.73290898764304, -32.19684900167856], [149.72578798758857, -32.1982230015353], [149.71787500762682, -32.19055299141935], [149.71175198824238, -32.190152001872455], [149.70365099807816, -32.1968470115415], [149.69863698843778, -32.19640700165717], [149.68993859794836, -32.20883601154016], [149.6878764981457, -32.21922464208861], [149.69060497810764, -32.22316400183543], [149.68890966762194, -32.227488582081655], [149.69078999781846, -32.23145303150044], [149.67844500782434, -32.24285701189184], [149.67321586784306, -32.25675402161413], [149.6754820082844, -32.26785300179972], [149.67403500831293, -32.273072001457905], [149.6770859978349, -32.28058300165469], [149.6739932483303, -32.291315871842365], [149.67499801846722, -32.31091701148665], [149.6769019680675, -32.3197650016809], [149.68475738847744, -32.32439496178126], [149.68379999818362, -32.33032201173617], [149.68005297780982, -32.33265900190765], [149.68008900833752, -32.328645001396275], [149.67708099781206, -32.32843501160062], [149.6766889882934, -32.33237100198096], [149.67243900837857, -32.332423001540036], [149.65376301835036, -32.3282099916303], [149.64522299815064, -32.334305001588824], [149.63500898808022, -32.336079001860384], [149.62620102827893, -32.34091359136236], [149.6225390478199, -32.36269895156591], [149.62530096846658, -32.363036001351574], [149.6242940477629, -32.369123961268166], [149.6178277785151, -32.36838047145228], [149.61597985773736, -32.378754561746064], [149.61794001851823, -32.38062125131701], [149.6148219985064, -32.38022700127538], [149.61417605771484, -32.383735011503006], [149.614787877797, -32.392834031458946], [149.60859601781732, -32.39008800133386], [149.61070801813577, -32.38466700145118], [149.60568499839303, -32.38298000169185], [149.6050270084986, -32.3779520016553], [149.58590202791493, -32.375092011280465], [149.58442301827498, -32.38286301170645], [149.5655590081629, -32.38033600166628], [149.56052500831245, -32.39967200179818], [149.57080000770247, -32.40727000174082], [149.56882499776995, -32.416301001865], [149.56450499777202, -32.415723001847624], [149.5655230180593, -32.41945199170434], [149.56073100817676, -32.424426991643884], [149.56386599826263, -32.426536991592585], [149.55803300805246, -32.42894701120555], [149.55952398774357, -32.420454011393744], [149.540613998262, -32.41796400157332], [149.53945898848707, -32.41035401161513], [149.52695200799266, -32.40840000140517], [149.52609199777055, -32.41398001127156], [149.46867997805637, -32.40731799173883], [149.47004201806322, -32.41847601136768], [149.46669901858172, -32.42245601172239], [149.47273001814176, -32.43774200161841], [149.4200730085002, -32.43061700130371], [149.4154589979945, -32.43588601116019], [149.41226900855546, -32.45232400115675], [149.4060809879753, -32.45125200148403], [149.4035279885142, -32.44844401168268], [149.39637698832254, -32.45000500119249], [149.3868659979968, -32.4474550014969], [149.38390898842323, -32.431138001416734], [149.3476879882079, -32.42763501155173], [149.34860600803776, -32.422984991343206], [149.32831101850894, -32.42038401110332], [149.3291959983027, -32.41225000141131], [149.32330799795943, -32.41445799143697], [149.3130940283132, -32.41378600180755], [149.29293999792722, -32.4199220011512], [149.28380601794976, -32.41537700147734], [149.2706409783906, -32.41626400114167], [149.26911297822832, -32.424786011586775], [149.28491799842257, -32.43413999152059], [149.2804199882679, -32.449372011653935], [149.27070799810073, -32.443715001157464], [149.2558450177887, -32.44689800129664], [149.25612211840948, -32.45297984115986], [149.23929240793692, -32.4509732713538], [149.24130432784787, -32.439656211588364], [149.23459799821345, -32.436595001418695], [149.23076399846227, -32.43940001167847], [149.2238150185982, -32.437705001350615], [149.21203800820538, -32.442478001494955], [149.20850202814293, -32.46398900139205], [149.20708498788454, -32.46677499110924], [149.20195400861098, -32.46609301170186], [149.1956420178267, -32.502454001164516], [149.1784700186882, -32.4998660012025], [149.17658336794534, -32.51000894109849], [149.2065081086737, -32.51405385161451], [149.20507847852656, -32.5217576416471], [149.221822008224, -32.52384699169049], [149.2199729986882, -32.53428299123116], [149.22525428856662, -32.53512249161015], [149.22488844787057, -32.537628181135005], [149.2222190581897, -32.540329940976534], [149.2141733278902, -32.539419741656474], [149.21238719862762, -32.54269115163077], [149.2069371683079, -32.544541701358234], [149.20494652858778, -32.551901581663884], [149.20168331836814, -32.551184571459274], [149.19468809862315, -32.541265651531795], [149.19146141839454, -32.54885426142168], [149.17138576871204, -32.54629497111229], [149.16842809797845, -32.56311058142757], [149.16561858818125, -32.56562817161955], [149.17866097805972, -32.567247001156105], [149.1736839879922, -32.59556001109595], [149.17822798829613, -32.60203800149682], [149.18184498831232, -32.60079900121211], [149.18279055857369, -32.59387464127036], [149.1859500286493, -32.597432001357795], [149.19220999799552, -32.59286350164195], [149.19439802812633, -32.59425100167724], [149.19740420788526, -32.59241641140828], [149.19691200836465, -32.59545999127006], [149.20480800837095, -32.59646401097555], [149.20257300802888, -32.598938991010186], [149.20582898860712, -32.60082799122159], [149.2031140085273, -32.601650001317964], [149.20584574847538, -32.60404544104385], [149.20400300828192, -32.608796001326624], [149.20829098872989, -32.610036001082634], [149.20876026863434, -32.61355285108041], [149.20494298832722, -32.615252000983084], [149.211207008177, -32.626512001065386], [149.20863696857333, -32.63180001115812], [149.21158200809575, -32.63346099098374], [149.21418398819768, -32.63201500153184], [149.22085099857216, -32.633755991168435], [149.22583799856687, -32.62653300100524], [149.2273959979681, -32.6280229915441], [149.23207697787817, -32.625719001388426], [149.23255698815868, -32.6222340115326], [149.2471380079642, -32.62582301161898], [149.24696499872869, -32.62065999127917], [149.2563990079261, -32.61572501148867], [149.2646349780466, -32.621912001239636], [149.26406900797656, -32.625017001045435], [149.25758500868002, -32.62366800141556], [149.25539299811416, -32.621467001220296], [149.25627600790247, -32.617947001215356], [149.25305998798137, -32.61957101156571], [149.25299801859978, -32.626277001438595], [149.25735100832821, -32.63701299100211], [149.24971998797463, -32.631162001502794], [149.24143499858573, -32.63405099113706], [149.24068798834153, -32.63116000125193], [149.2332180080706, -32.62975000164639], [149.23295801855937, -32.633197001336214], [149.2261370081991, -32.636983001300095], [149.22571334833805, -32.64603254129772], [149.22378100838154, -32.647562011172326], [149.2205919981061, -32.63850400149567], [149.21672701815572, -32.63901501159832], [149.21458486857972, -32.642017540934205], [149.21323100863185, -32.63984399130314], [149.21022099845658, -32.640422011129644], [149.21054497855872, -32.637679991481065], [149.20883001832456, -32.6397139913026], [149.20717401811575, -32.637773011450435], [149.20232400850688, -32.63852799118596], [149.20328201863825, -32.634023001385586], [149.20073501812666, -32.62796100124193], [149.20336600842234, -32.62645201158589], [149.20044359836027, -32.625809601420805], [149.19640100800353, -32.618977010994755], [149.1977600081114, -32.61712901091722], [149.19496300825287, -32.616425011483166], [149.19571297844598, -32.613460991644025], [149.1983209781586, -32.613911011105756], [149.19947298845875, -32.61171700119169], [149.19699799869696, -32.60952501165751], [149.1983030181411, -32.60701900158239], [149.19621598829264, -32.602200011567525], [149.1910879887309, -32.608012001033636], [149.18543600815218, -32.608832001210004], [149.182740988638, -32.61196199098629], [149.17944291839547, -32.61222902157756], [149.18001399808279, -32.60688900157388], [149.16831399846265, -32.60757799144766], [149.16488200827584, -32.616223010918034], [149.17004300834785, -32.61665800159404], [149.16952298800288, -32.62043200146062], [149.16741897819895, -32.622884011036334], [149.1643960179105, -32.620019001331286], [149.1512049882935, -32.63701000141266], [149.1474842481334, -32.636095261020756], [149.14915700821047, -32.64087400097979], [149.14395101871241, -32.64592500099342], [149.15037599869478, -32.64534101163239], [149.14882598801145, -32.65330999121005], [149.15032898805936, -32.65611999092405], [149.1455159881419, -32.656932000900134], [149.14772200793456, -32.66007400093759], [149.1524489779939, -32.6624750011213], [149.1569969883773, -32.65782000100064], [149.15842099866398, -32.66001800141161], [149.153568988507, -32.6667020010198], [149.15846698791498, -32.669138000971266], [149.15137398834793, -32.67300500103892], [149.16115400793154, -32.67530100103584], [149.16588900803123, -32.673973001495405], [149.16359399843157, -32.67765799131902], [149.16519401832682, -32.680153991596086], [149.17342198805142, -32.67978499098218], [149.17179897847137, -32.68142899121605], [149.173552008409, -32.68120799144675], [149.1752260081612, -32.6871820014496], [149.17216700836178, -32.6870880008793], [149.17147201865743, -32.68933301117704], [149.17790699868556, -32.691390001015435], [149.1819959879251, -32.6955530013942], [149.175142998439, -32.70030301121573], [149.17961998801604, -32.69917901140538], [149.18525798811405, -32.70375999134361], [149.18623297820088, -32.69956900159336], [149.1886569786888, -32.700535001166074], [149.18878498861682, -32.70423200155694], [149.19092497864284, -32.70460999087037], [149.18842600835458, -32.70825200131826], [149.18941198843063, -32.71217799092897], [149.1926159879949, -32.716908000908866], [149.19695598808434, -32.71630701114757], [149.19397900806374, -32.72058800130747], [149.19906601839736, -32.72129000155973], [149.20497299834594, -32.72618299146911], [149.21032498833216, -32.72609099156281], [149.21280698854645, -32.73050500134849], [149.21489500833832, -32.72929501159756], [149.21377700825482, -32.72589001113541], [149.2185620184647, -32.72576600150046], [149.21754800825678, -32.728075011237024], [149.22160899880555, -32.72900700112497], [149.2241030085968, -32.73297299097666], [149.23519298835868, -32.731029991271186], [149.23781098811708, -32.73225601089889], [149.23769998868733, -32.73604199144975], [149.2350230082423, -32.73215000110182], [149.23211099797626, -32.73507000101258], [149.22899199880078, -32.73394300104304], [149.22597198857972, -32.73672599104374], [149.21949900801837, -32.7374050012857], [149.21483101864567, -32.73360601105419], [149.21473002824484, -32.73761801096543], [149.21275099835142, -32.7383130010079], [149.21117298807894, -32.73478901102597], [149.207036008142, -32.735723001169866], [149.2064089786838, -32.73100800100794], [149.20230097839794, -32.73054500117891], [149.20135200801326, -32.7330469914715], [149.19748800812488, -32.72466699112595], [149.19115500844103, -32.72759101091596], [149.19143700847334, -32.72483299150196], [149.18853401819106, -32.72505701122316], [149.19059198843837, -32.72215501112217], [149.1877940085179, -32.72117401097048], [149.18451101829405, -32.723811001508174], [149.1832610080846, -32.71844799105416], [149.17884001858408, -32.72291001098966], [149.18039899804728, -32.733881010915994], [149.17782498878836, -32.73237999110317], [149.17512898831387, -32.734175990891934], [149.17501298796287, -32.72678700101484], [149.1721374079749, -32.726163551322045], [149.17102598805087, -32.74150501138269], [149.1649389884143, -32.7512810012679], [149.1638430087334, -32.76068100114754], [149.17526399881282, -32.77464500103604], [149.17994198823132, -32.77413200117085], [149.18295498799986, -32.76864601088349], [149.1858990088328, -32.767664011016166], [149.19778000820293, -32.7749550012541], [149.21001400864878, -32.77901699128793], [149.2133860282055, -32.779008001284986], [149.2211940283482, -32.773161001154236], [149.22208499810827, -32.77681000100834], [149.21765998864686, -32.78488099108837], [149.2264300287633, -32.78842400096737], [149.23905800873322, -32.78815200149192], [149.2354100186364, -32.795103000892], [149.2365410083589, -32.80804100124928], [149.23855598882997, -32.813314001226544], [149.2451409884089, -32.81876201144774], [149.23574197847324, -32.82312701137279], [149.2228690180438, -32.82085001099932], [149.21266397854978, -32.82608900100495], [149.22448599813166, -32.84298200085094], [149.230401998064, -32.84463400101014], [149.23429300849637, -32.85067700115701], [149.23122900867412, -32.85706999078444], [149.22132601871127, -32.86043599128888], [149.21829800809428, -32.86655500084095], [149.21935501885818, -32.87195800105284], [149.2314680180319, -32.88432701132746], [149.22637199849424, -32.89141201077966], [149.22950201820166, -32.90822299083322], [149.22433598846234, -32.913913001187225], [149.23486097821618, -32.920812001102476], [149.23804198809577, -32.9155950011065], [149.24612998862094, -32.91943199137442], [149.24969198838556, -32.905965991311504], [149.2682319788696, -32.89983100090555], [149.273650008504, -32.906292000997865], [149.27297197809384, -32.91156600081758], [149.28181100882412, -32.923371001168924], [149.27305600830215, -32.93737100083911], [149.28107698821893, -32.94739201115767], [149.27414399836692, -32.956376991155246], [149.26378898872946, -32.95884101141016], [149.25656800887884, -32.96446901132053], [149.25168200826812, -32.96365600103934], [149.24719797859422, -32.96794501137748], [149.23806600814814, -32.96885201143213], [149.23811998881186, -32.97322400074098], [149.2486069888123, -32.98045800140246], [149.25327300817966, -32.98901299101137], [149.2516269981351, -32.99233001111834], [149.24638198851602, -32.994638011296495], [149.23516400870759, -32.99264600099026], [149.23175800857865, -32.99498799083902], [149.23892401872044, -33.00806400118893], [149.24933198853543, -33.01291000100425], [149.2636340086817, -33.01055600094663], [149.26842499807805, -33.01494000108531], [149.27620200814016, -33.0154309908465], [149.2786396684103, -33.01382484090715], [149.27879299825287, -33.008443001053074], [149.28069300874063, -33.00840900077002], [149.27966600889374, -33.036152010916254], [149.27391700846766, -33.043890000818514], [149.27722901876677, -33.047599001136604], [149.29715198808864, -33.061027001090515], [149.30823999874343, -33.059420001000525], [149.31275599856, -33.054954000841064], [149.3196089781646, -33.059042001080556], [149.32616200849915, -33.0592710008534], [149.3356559883267, -33.06820800070116], [149.33667400861395, -33.07375999099843], [149.34458399808412, -33.080253991240106], [149.34974399833126, -33.08175800099809], [149.35083199827747, -33.078743011193104], [149.35998899848235, -33.0803550011218], [149.36794399803986, -33.08551101098568], [149.3791729983802, -33.08658501123223], [149.39240497859765, -33.08530701140752], [149.39328798838596, -33.07992800107004], [149.39841401884055, -33.08198200100366], [149.39784001873025, -33.077569001196785], [149.40183698814528, -33.076772001402304], [149.40652098819135, -33.070655010746606], [149.41116200834261, -33.07036600116151], [149.4170800088231, -33.0661739911367], [149.42204097833581, -33.06006300120861], [149.4239320083657, -33.061144991400774], [149.42362897877257, -33.06552500088121], [149.43557900828242, -33.0666910012325], [149.4467409987941, -33.06011700131554], [149.46232397880632, -33.06299901104541], [149.47295901847065, -33.06022101118765], [149.47353298803827, -33.05823400084775], [149.46986798834155, -33.05742801097018], [149.47129199862823, -33.055319010906246], [149.48606602865908, -33.05411499139354], [149.49533297816313, -33.06274900128121], [149.4999489883186, -33.05843400135748], [149.5069929686172, -33.05795500087209], [149.50831802857707, -33.05382301139347], [149.5194339983967, -33.06070601102434], [149.5230860084545, -33.0573190113364], [149.51848298883638, -33.04906901142515], [149.53084499831192, -33.049517001105386], [149.52992898801332, -33.04572800081581], [149.53181296806486, -33.04345300144702], [149.53894601812053, -33.04223000147605], [149.55437000800555, -33.04508599078579], [149.54936202875564, -33.04904399093808], [149.55305801853302, -33.050105011020456], [149.55435299840562, -33.05976200110694], [149.55694800847922, -33.06097499137591], [149.55127298880836, -33.071668991251556], [149.5563039981672, -33.082181011198735], [149.56155901861186, -33.07907501091252], [149.5627140185052, -33.08234701112453], [149.56907698868184, -33.07754200085628], [149.57901400862434, -33.080893001209624], [149.58729698848202, -33.0760470008246], [149.58904201802366, -33.07228601110982], [149.59446500815503, -33.07247500127529], [149.60010698868808, -33.04222700140541], [149.5971180080735, -33.04084400086423], [149.6012189988052, -33.03597101130148], [149.60519599867152, -33.012202001279256], [149.6016569984731, -33.01173501145228], [149.60429200872971, -33.00020599110715], [149.600728988479, -32.999748010875514], [149.60198356841826, -32.99325913134352], [149.61469738870176, -32.99482201156851], [149.61616432857758, -32.98673400132074], [149.64098998830985, -32.99020900149824], [149.64274198877817, -32.98843200139343], [149.6409450186467, -32.98505601141705], [149.65084399853015, -32.98767899105955], [149.65847800847712, -32.984106001487135], [149.65728898848553, -32.98079400146597], [149.66404600825484, -32.95033301125975], [149.66646701825118, -32.95064000089562], [149.6712750181458, -32.9456970011167], [149.66805199855196, -32.941831001248126], [149.67146098827428, -32.9238240109511], [149.6759919881594, -32.92446100163088], [149.67759499854623, -32.915968001482035], [149.69101801808532, -32.91767901151714], [149.69247600804601, -32.90957601117427], [149.7016729886709, -32.91072301143549], [149.7008610086721, -32.91503199095988], [149.70460601861626, -32.91550999094098], [149.7052389985149, -32.90878201099236], [149.71479699857775, -32.90979599160094], [149.71549600824306, -32.90569101152826], [149.71931401798216, -32.90633300100678], [149.71861299788728, -32.91032999102276], [149.72489997867575, -32.91116399092965], [149.7255719786954, -32.90754101114371], [149.73023499858797, -32.90806800129256], [149.73329198795767, -32.884608001153595], [149.74434484843368, -32.88607363139324], [149.74383687809, -32.88896864114098], [149.7553527383483, -32.892861571174244], [149.75046888830437, -32.90591861141475], [149.75482180796425, -32.90650159159492], [149.74708785864533, -32.91083780159491], [149.75562100852983, -32.91213201110825], [149.75496199814916, -32.915660991031125], [149.75327598792163, -32.91575000160102], [149.75145500851764, -32.92457799158779], [149.7445270186885, -32.92570901119529], [149.74299999858818, -32.93378100129782], [149.74004798813917, -32.933398001609376], [149.73837501875462, -32.942463991084225], [149.74490497855606, -32.94716100126421], [149.74392899852575, -32.95751301154024], [149.74217900848708, -32.95726200157424], [149.7414870083759, -32.960964001605575], [149.7327749985285, -32.95974801146789], [149.73101697844953, -32.96880100093384], [149.7052760082063, -32.965464011233834], [149.70346998844667, -32.97499600158806], [149.70024097798827, -32.97457800131188], [149.69888701832744, -32.982294991001424], [149.71280000866685, -32.984005001027136], [149.7115809885381, -32.99109600116812], [149.73453499849444, -32.992021000910256], [149.7205610080556, -33.00383199134682], [149.72148098800946, -33.01576100119269], [149.71971099877754, -33.016748011077134], [149.71868099855766, -33.02985800119449], [149.7229320079418, -33.03007000105844], [149.7239240085269, -33.033349001396104], [149.72196701879898, -33.035020990870144], [149.72328098815828, -33.037745011388594], [149.71588097856312, -33.04289700109939], [149.74840097819845, -33.048080001404045], [149.7458300286014, -33.062368011002334], [149.74110601849088, -33.067991011166086], [149.73788602801628, -33.06604599121726], [149.7360790183132, -33.06754701129947], [149.7332838887471, -33.07658644089945], [149.72946298822941, -33.09587201102262], [149.73339998881104, -33.0955310009335], [149.736749998745, -33.09915100123294], [149.73689398880356, -33.1050280112034], [149.7413839985623, -33.105659011501736], [149.74483897843385, -33.10092900106242], [149.75143500842614, -33.10403001088804], [149.75553198818014, -33.09963200119069], [149.7639080083483, -33.099123990962774], [149.76867800860808, -33.1118650009291], [149.7739349882783, -33.116574011004325], [149.78806600872034, -33.106171990975014], [149.79258499813017, -33.10608099094028], [149.79540698822157, -33.10058901145759], [149.80048399850943, -33.10615299153785], [149.8038019987749, -33.10642400157718], [149.80842000858019, -33.102436990920836], [149.80557497849838, -33.09693100129889], [149.80837098841346, -33.094930011513306], [149.81180100859478, -33.101047991394154], [149.8256989979673, -33.10453201116195], [149.83432000847642, -33.110431011192375], [149.83654599871622, -33.11278300088146], [149.83342601858038, -33.11507800130452], [149.83637499811368, -33.11842401148379], [149.83600101868112, -33.12313500142502], [149.8411299983048, -33.12392900116583], [149.8446810080802, -33.12061100113556], [149.85335099833193, -33.11966900122967], [149.8547529980975, -33.11645000140571], [149.86194798878861, -33.11876400129787], [149.86164700825267, -33.12214001154492], [149.86740900819927, -33.124866001332784], [149.87092899824955, -33.122519001215515], [149.87010599861722, -33.12976401114767], [149.87599198853079, -33.130043011261066], [149.8775299887389, -33.1289790013449], [149.8756280082457, -33.123886000948694], [149.8802550083903, -33.12073900138451], [149.8844949882594, -33.124536001196574], [149.88377998858203, -33.12883901109697], [149.88899098798444, -33.12711599095475], [149.89069998879503, -33.12926601127336], [149.88266199838006, -33.131642000858726], [149.8809329884948, -33.13468900131272], [149.88446899820158, -33.13454999131149], [149.88957498814057, -33.13952500109559], [149.8939639985153, -33.135216991329216], [149.8945869882496, -33.142934010971764], [149.89711398866973, -33.14575700141147], [149.90383498869113, -33.13660599143297], [149.9135089882066, -33.1369929914717], [149.9156929983765, -33.12909100105588], [149.92240100875884, -33.128716001307474], [149.92410566801166, -33.11630265156157], [149.92180900820685, -33.11252800106271], [149.92576998841665, -33.10995800116723], [149.92410299821867, -33.10656099130143], [149.92717399861192, -33.105921001524486], [149.9243490081474, -33.104294001394265], [149.92326597857965, -33.09710300138832], [149.932245308191, -33.09830946095487], [149.9358830880363, -33.080160311087404], [149.93357109848114, -33.079826331325556], [149.93429204859896, -33.07654028161446], [149.93931079864907, -33.0593301413824], [149.94408273837152, -33.05994610112153], [149.94700448817184, -33.043572971650505], [149.95308341824222, -33.04450792098097], [149.9519894786353, -33.0492619811939], [149.95852837847048, -33.05014892152053], [149.9581673886769, -33.05207894094077], [149.96187436844357, -33.05261890139935], [149.96240733800332, -33.04964989148176], [149.9703882880927, -33.0598519009397], [149.9713043280357, -33.06536691158959], [149.97900721810367, -33.06908689092418], [149.9769974487595, -33.08326699110421], [149.99757198861482, -33.085942001609475], [149.99907801868022, -33.07752500125101], [149.99742098810378, -33.072005011140305], [150.00490899846082, -33.070021991653654], [149.99976399828236, -33.04916800149514], [150.0069520180469, -33.04888600155921], [150.01220100810102, -33.045843991333584], [150.01444232809106, -33.02576017160282], [149.97749793793358, -33.020587981171005], [149.97671493848412, -33.02508303102486], [149.9602111385933, -33.01983505094688], [149.94892475836426, -33.00264692132958], [149.93877300872953, -33.00138400160609], [149.9367398086278, -32.995601031084746], [149.9288200086564, -33.00096310144346], [149.92809190794898, -32.98987705104035], [149.9303098286225, -32.98574001112103], [149.92253492870307, -32.98471306127134], [149.92352301802347, -32.97945900166786], [149.90648196810054, -32.97724801150752], [149.90910700795584, -32.962478001066465], [149.91481199811952, -32.96306001164083], [149.91768801828198, -32.9522230013058], [149.9189240183662, -32.94372601140284], [149.91686001862675, -32.94346200169972], [149.9201989981473, -32.93024101118629], [149.9140479782754, -32.93046600099119], [149.91512699866203, -32.91717000120865], [149.92066798789588, -32.9151419914303], [149.91855598847584, -32.91247699103484], [149.92161800841114, -32.908805001063726], [149.91739999863893, -32.90772199132456], [149.9215309886096, -32.90157700156721], [149.92001499802427, -32.89679800167274], [149.9228959786838, -32.89012799112985], [149.91984399832006, -32.88879000106728], [149.9227089880692, -32.88451600137454], [149.90120749823174, -32.88170554107682], [149.90183347845766, -32.878485521567995], [149.88959699866163, -32.87683600165994], [149.8901930083948, -32.87358500107263], [149.87569297800033, -32.87222501110366], [149.8749700183512, -32.87576500117239], [149.8579229883435, -32.87365200159868], [149.85934400813858, -32.8660460113555], [149.86437801787045, -32.865152991374806], [149.86670700804237, -32.85199200171321], [149.85738001783966, -32.85074601129936], [149.85988668848657, -32.83743478166836], [149.86817499804874, -32.83845799125704], [149.872814408419, -32.81237999153939], [149.87122201791544, -32.81430500152401], [149.8652119985089, -32.81090700173345], [149.8653129978929, -32.81642200170426], [149.86132500803743, -32.81860400126474], [149.85307199867268, -32.81241800143556], [149.85148799843387, -32.81494499150998], [149.8487660186813, -32.81353600152245], [149.846790017907, -32.815379001274835], [149.84709799811566, -32.81312100151849], [149.84440302800877, -32.81446000173358], [149.84170399841514, -32.811128001628525], [149.8429970082823, -32.807395991172335], [149.84129000801985, -32.809731011667594], [149.83871800829226, -32.80746600139474], [149.8359890082057, -32.812377011599104], [149.83198400785207, -32.81425999157351], [149.82571199838608, -32.812325011737926], [149.8259509978624, -32.80963200171281], [149.81978399785987, -32.81034401142664], [149.81655600788764, -32.80747501117218], [149.81420200861817, -32.807623011339984], [149.81232200810337, -32.8128980111564], [149.8097063484563, -32.81094975139987], [149.81476122784886, -32.80648470107383], [149.82009518864737, -32.80780766105921], [149.82581900839767, -32.80595499149225], [149.82524898782407, -32.79916701133314], [149.8330810179006, -32.79429100158241], [149.8280499986603, -32.78937799155319], [149.84184013809647, -32.71568892169274], [149.8621608984941, -32.720267991364], [149.8627839879415, -32.71674799136771], [149.87887157859828, -32.71639694117832], [149.87646900831976, -32.73134279122123], [149.9144340086075, -32.73576499127856], [149.91337801832978, -32.7393470013819], [149.9178920184965, -32.7399040017674], [149.91859299816718, -32.73628399128756], [149.93173901859518, -32.742348001295575], [149.93232097777897, -32.73942500130636], [149.9277550082764, -32.737587001695054], [149.927947987959, -32.7333550017757], [149.93394898828018, -32.71883799149414], [149.92978699834737, -32.7182970015708], [149.93083502775508, -32.71262900184217], [149.92729101855065, -32.71216800176241], [149.9335590179372, -32.70079899152515], [149.93051400850013, -32.6992089915798], [149.93202897859916, -32.694613001505594], [149.9286479785846, -32.694055001517306], [149.93711499809106, -32.67013201181741], [149.93436898840469, -32.66108900158021], [149.93065299853578, -32.658614001829115], [149.9282000183968, -32.6604960011532], [149.92274399811075, -32.659045991192556], [149.9216130083883, -32.66134601172916], [149.91782098780862, -32.65844201170841], [149.91039100772065, -32.66222000133772], [149.8967039885909, -32.65884501178438], [149.88896999794954, -32.651223011614654], [149.88892798823528, -32.640231991636014], [149.89259597842357, -32.630533001351964], [149.88147300803294, -32.62916000188227], [149.8846729984161, -32.610884001668126], [149.89443900787455, -32.61203599189833], [149.8979649878912, -32.59238600184992], [149.89615801771404, -32.58291500188486], [149.87936699857914, -32.580712001758926], [149.87974754828966, -32.57862305147421], [149.88407450843448, -32.57919805190013], [149.88716229834034, -32.56187700150158], [149.88196900832543, -32.56117999146537], [149.8847200081532, -32.54550300162375], [149.88860999809938, -32.54622101133514], [149.8904220078253, -32.536875011507114], [149.9033960080629, -32.5470810014391], [149.90845000800482, -32.5469150018407], [149.92938863773972, -32.56605079128795], [149.93108873804246, -32.579128791224164], [149.95245546801087, -32.588609691621514], [149.95524749838924, -32.59282768152594], [149.96108936844598, -32.59397065162032], [149.96593433850614, -32.594128601466295], [149.98461098789772, -32.58700949196918], [149.99044590768912, -32.59226545186823], [149.99360885783824, -32.59209644184988], [150.0159484578694, -32.584260321363075], [150.02359626773577, -32.574198261491716], [150.0266191283112, -32.56337123141663], [150.03520290814342, -32.552341141485506], [150.0210740481496, -32.541072201712076], [150.01111111809934, -32.52889722193023], [150.01081108798095, -32.52392519180807], [150.0136090283756, -32.52075918167065], [150.01141804817743, -32.518498181935236], [150.02009686797, -32.51511812155367], [150.0223427181641, -32.50125809175997], [150.02080865796688, -32.49292210201893], [150.016601698371, -32.48889411185557], [150.01758464842965, -32.48687410201056], [150.01077472777152, -32.480712131792345], [150.01495562813935, -32.47843408139411], [150.0153395276676, -32.471021091465126], [150.01972449831845, -32.469760062009705], [150.02558332766952, -32.46223902170012], [150.02264438770786, -32.461861041412824], [150.02459122826968, -32.449960991697445], [150.02248122760113, -32.44575801165339], [150.02954109819882, -32.437006941898275], [150.02767802823212, -32.42531692172199], [150.0247499983096, -32.42155395184404], [150.02678592839146, -32.41611689141801], [150.03333180813638, -32.41461981206155], [150.04394567810277, -32.418961741944564], [150.0565134682537, -32.414983611460926], [150.05612141831085, -32.40948956155322], [150.0637391184455, -32.39543244174082], [150.06196510835446, -32.39251942181547], [150.05685718793592, -32.391157431439765], [150.0495292277181, -32.38239742169772], [150.05012023832668, -32.3794543820638], [150.05823192832426, -32.36751931163287], [150.07475098789678, -32.36215300195554], [150.07595048763443, -32.35534439193157], [150.06592798760278, -32.355866001779596], [150.05379498833753, -32.350795002081824], [150.0471369781839, -32.33722099156079], [150.0389729882705, -32.32785300165904], [150.0292469780967, -32.33340300171505], [150.02768598820387, -32.32460901153366], [150.03205298805753, -32.3155040116261], [150.02174100772217, -32.304084991873324], [150.02796998788605, -32.291527011586034], [150.0355889977643, -32.29515900202539], [150.03727000796894, -32.29234800145855], [150.03290099768572, -32.288203001635814], [150.03523297834917, -32.28561900168476], [150.0405120080664, -32.28662199175865], [150.04302401829935, -32.284207002164194], [150.04565898813175, -32.27498000173038], [150.042131987629, -32.26141900182942], [150.05317999810075, -32.25844200167992], [150.0518789878377, -32.253777002186546], [150.04557598829106, -32.25121901149632], [150.04415000799898, -32.24409800182421], [150.05840898806338, -32.250987001819496], [150.06304199793723, -32.24553199168763], [150.05550398824977, -32.239605001647824], [150.05787199764444, -32.23552599184936], [150.06776798793464, -32.239788001912565], [150.07592799831127, -32.23262900195489], [150.07048099800903, -32.23086399153788], [150.06834899759912, -32.22755099188746], [150.04936001835623, -32.22542701149937], [150.04794085807376, -32.22149617179264], [150.05139474828889, -32.213880142049376], [150.05773960753106, -32.21467612187918], [150.05889552819764, -32.20763212169431], [150.06271846789107, -32.20811312164576], [150.06401633764384, -32.200977091578984], [150.06645201802712, -32.201272001891994], [150.0652090074904, -32.19705600154208], [150.07215999778407, -32.19247200199396], [150.06998400777303, -32.188239992148226], [150.06301199780006, -32.18409599187179], [150.06007298776981, -32.193123991703885], [150.05328701799382, -32.188162002228616], [150.0446639979534, -32.193511991501836], [150.04151700817198, -32.188707011889555], [150.0301051279078, -32.18726700220307], [150.0240079880883, -32.18261000197375], [150.02054997819937, -32.18382101222834], [150.018728997897, -32.1761240119298], [150.01316701772993, -32.17459500152627], [150.01532701772894, -32.16645301215476], [150.00895692750535, -32.160641042094845], [150.0091869878462, -32.15443899204928], [150.00537700814743, -32.15051899167812], [150.013107007574, -32.14732800211802], [150.00834401776672, -32.14551900168735], [150.0116709877103, -32.138379992227506], [150.005757008089, -32.13374301186301], [150.0130399977454, -32.13365400215983], [150.0075419982878, -32.129775001816974]]]}}]}