{"type": "FeatureCollection", "features": [{"type": "Feature", "properties": {"id": "97349", "fid": 89973073, "name": "Unnamed", "featureType": "HV_SwitchingStation", "city": null, "postcode": null, "voltage": null, "feeder": "SK2322", "address": null, "state": "Constructed", "layer": "hvSwitching"}, "geometry": {"type": "Point", "coordinates": [150.79599725028243, -33.85333529570455]}}, {"type": "Feature", "properties": {"id": "54689", "fid": 89854069, "name": "Unnamed", "featureType": "HV_SwitchingStation", "city": null, "postcode": null, "voltage": null, "feeder": "NN1233", "address": null, "state": "Constructed", "layer": "hvSwitching"}, "geometry": {"type": "Point", "coordinates": [150.71964897282092, -34.048265836261784]}}, {"type": "Feature", "properties": {"id": "97792", "fid": 89805877, "name": "Unnamed", "featureType": "HV_SwitchingStation", "city": null, "postcode": null, "voltage": null, "feeder": "KC1295", "address": null, "state": "Constructed", "layer": "hvSwitching"}, "geometry": {"type": "Point", "coordinates": [150.78859779035034, -33.87541666358231]}}, {"type": "Feature", "properties": {"id": "97988", "fid": 89993167, "name": "Unnamed", "featureType": "HV_SwitchingStation", "city": null, "postcode": null, "voltage": null, "feeder": "L579", "address": null, "state": "Constructed", "layer": "hvSwitching"}, "geometry": {"type": "Point", "coordinates": [150.16686672246573, -33.47424397518095]}}, {"type": "Feature", "properties": {"id": "98055", "fid": 89757312, "name": "Unnamed", "featureType": "HV_SwitchingStation", "city": null, "postcode": null, "voltage": null, "feeder": "SZ1332", "address": null, "state": "Constructed", "layer": "hvSwitching"}, "geometry": {"type": "Point", "coordinates": [150.87338792056985, -33.64589447543816]}}, {"type": "Feature", "properties": {"id": "96893", "fid": 89595309, "name": "Unnamed", "featureType": "HV_SwitchingStation", "city": null, "postcode": null, "voltage": null, "feeder": "SK2252", "address": null, "state": "Constructed", "layer": "hvSwitching"}, "geometry": {"type": "Point", "coordinates": [150.79616217467256, -33.847606481476475]}}, {"type": "Feature", "properties": {"id": "55886", "fid": 85750531, "name": "Unnamed", "featureType": "HV_SwitchingStation", "city": null, "postcode": null, "voltage": null, "feeder": "KC1288", "address": null, "state": "Inservice", "layer": "hvSwitching"}, "geometry": {"type": "Point", "coordinates": [150.78026108650144, -33.83373695616554]}}, {"type": "Feature", "properties": {"id": "97547", "fid": 89013494, "name": "Unnamed", "featureType": "HV_SwitchingStation", "city": null, "postcode": null, "voltage": null, "feeder": "PH1234", "address": null, "state": "Inservice", "layer": "hvSwitching"}, "geometry": {"type": "Point", "coordinates": [150.68757795470214, -33.75761058909009]}}, {"type": "Feature", "properties": {"id": "54294", "fid": 83258205, "name": "Unnamed", "featureType": "HV_SwitchingStation", "city": null, "postcode": null, "voltage": null, "feeder": "WP1283", "address": null, "state": "Inservice", "layer": "hvSwitching"}, "geometry": {"type": "Point", "coordinates": [151.00417763715348, -33.81644977246197]}}, {"type": "Feature", "properties": {"id": "54176", "fid": 83436495, "name": "Unnamed", "featureType": "HV_SwitchingStation", "city": null, "postcode": null, "voltage": null, "feeder": "CS1247", "address": null, "state": "Inservice", "layer": "hvSwitching"}, "geometry": {"type": "Point", "coordinates": [150.74391621662912, -33.7782026662412]}}, {"type": "Feature", "properties": {"id": "55401", "fid": 83490803, "name": "Unnamed", "featureType": "HV_SwitchingStation", "city": null, "postcode": null, "voltage": null, "feeder": "WX1292", "address": null, "state": "Inservice", "layer": "hvSwitching"}, "geometry": {"type": "Point", "coordinates": [150.87866880003577, -33.84294010671309]}}, {"type": "Feature", "properties": {"id": "96630", "fid": 87147864, "name": "Unnamed", "featureType": "HV_SwitchingStation", "city": null, "postcode": null, "voltage": null, "feeder": "54699", "address": null, "state": "Inservice", "layer": "hvSwitching"}, "geometry": {"type": "Point", "coordinates": [150.8314755586417, -33.82481644643204]}}, {"type": "Feature", "properties": {"id": "55235", "fid": 83578384, "name": "Unnamed", "featureType": "HV_SwitchingStation", "city": null, "postcode": null, "voltage": null, "feeder": "54656", "address": null, "state": "Inservice", "layer": "hvSwitching"}, "geometry": {"type": "Point", "coordinates": [150.82856544219595, -33.826331849347326]}}, {"type": "Feature", "properties": {"id": "55221", "fid": 85942044, "name": "Unnamed", "featureType": "HV_SwitchingStation", "city": null, "postcode": null, "voltage": null, "feeder": "WP1241", "address": null, "state": "Inservice", "layer": "hvSwitching"}, "geometry": {"type": "Point", "coordinates": [151.00404833410997, -33.81382212736193]}}, {"type": "Feature", "properties": {"id": "96325", "fid": 88883076, "name": "Unnamed", "featureType": "HV_SwitchingStation", "city": null, "postcode": null, "voltage": null, "feeder": "SK2112", "address": null, "state": "Inservice", "layer": "hvSwitching"}, "geometry": {"type": "Point", "coordinates": [150.78660742826955, -33.85019894914671]}}, {"type": "Feature", "properties": {"id": "96678", "fid": 87335200, "name": "Unnamed", "featureType": "HV_SwitchingStation", "city": null, "postcode": null, "voltage": null, "feeder": "SK2252", "address": null, "state": "Inservice", "layer": "hvSwitching"}, "geometry": {"type": "Point", "coordinates": [150.79608050141834, -33.85703347546292]}}, {"type": "Feature", "properties": {"id": "97152", "fid": 88342714, "name": "Unnamed", "featureType": "HV_SwitchingStation", "city": null, "postcode": null, "voltage": null, "feeder": "MM1262", "address": null, "state": "Inservice", "layer": "hvSwitching"}, "geometry": {"type": "Point", "coordinates": [150.80990680797026, -33.81763079601036]}}, {"type": "Feature", "properties": {"id": "95407", "fid": 85941523, "name": "Unnamed", "featureType": "HV_SwitchingStation", "city": null, "postcode": null, "voltage": null, "feeder": "W194", "address": null, "state": "Inservice", "layer": "hvSwitching"}, "geometry": {"type": "Point", "coordinates": [150.84192983365483, -34.00534567120462]}}, {"type": "Feature", "properties": {"id": "7396", "fid": 82387276, "name": "Unnamed", "featureType": "HV_SwitchingStation", "city": null, "postcode": null, "voltage": null, "feeder": "D850", "address": null, "state": "Inservice", "layer": "hvSwitching"}, "geometry": {"type": "Point", "coordinates": [150.94201499713716, -33.88744354160301]}}, {"type": "Feature", "properties": {"id": "55505", "fid": 83631534, "name": "Unnamed", "featureType": "HV_SwitchingStation", "city": null, "postcode": null, "voltage": null, "feeder": "53805", "address": null, "state": "Inservice", "layer": "hvSwitching"}, "geometry": {"type": "Point", "coordinates": [150.83239334330003, -33.94978763496164]}}, {"type": "Feature", "properties": {"id": "55381", "fid": 83641364, "name": "Unnamed", "featureType": "HV_SwitchingStation", "city": null, "postcode": null, "voltage": null, "feeder": "RS1266", "address": null, "state": "Inservice", "layer": "hvSwitching"}, "geometry": {"type": "Point", "coordinates": [151.03573661957364, -33.8211098469256]}}, {"type": "Feature", "properties": {"id": "55653", "fid": 85664263, "name": "Unnamed", "featureType": "HV_SwitchingStation", "city": null, "postcode": null, "voltage": null, "feeder": "A081", "address": null, "state": "Inservice", "layer": "hvSwitching"}, "geometry": {"type": "Point", "coordinates": [150.94735030668687, -33.77955005246804]}}, {"type": "Feature", "properties": {"id": "96777", "fid": 87076911, "name": "Unnamed", "featureType": "HV_SwitchingStation", "city": null, "postcode": null, "voltage": null, "feeder": "DS1283", "address": null, "state": "Inservice", "layer": "hvSwitching"}, "geometry": {"type": "Point", "coordinates": [150.8524492556908, -33.783041308717316]}}, {"type": "Feature", "properties": {"id": "97447", "fid": 89678734, "name": "Unnamed", "featureType": "HV_SwitchingStation", "city": null, "postcode": null, "voltage": null, "feeder": "BGB2", "address": null, "state": "Inservice", "layer": "hvSwitching"}, "geometry": {"type": "Point", "coordinates": [150.61523558880126, -34.85458954072196]}}, {"type": "Feature", "properties": {"id": "97162", "fid": 89784447, "name": "Unnamed", "featureType": "HV_SwitchingStation", "city": null, "postcode": null, "voltage": null, "feeder": "OP1292", "address": null, "state": "Inservice", "layer": "hvSwitching"}, "geometry": {"type": "Point", "coordinates": [150.7410850841568, -33.997260443606294]}}, {"type": "Feature", "properties": {"id": "97638", "fid": 89807794, "name": "Unnamed", "featureType": "HV_SwitchingStation", "city": null, "postcode": null, "voltage": null, "feeder": "27039", "address": null, "state": "Inservice", "layer": "hvSwitching"}, "geometry": {"type": "Point", "coordinates": [150.76162340411915, -34.041460075549615]}}, {"type": "Feature", "properties": {"id": "55372", "fid": 83371146, "name": "Unnamed", "featureType": "HV_SwitchingStation", "city": null, "postcode": null, "voltage": null, "feeder": "MM1262", "address": null, "state": "Inservice", "layer": "hvSwitching"}, "geometry": {"type": "Point", "coordinates": [150.80006542561412, -33.827597239589274]}}, {"type": "Feature", "properties": {"id": "28413", "fid": 67116458, "name": "Unnamed", "featureType": "HV_SwitchingStation", "city": null, "postcode": null, "voltage": null, "feeder": "HKD2", "address": null, "state": "Inservice", "layer": "hvSwitching"}, "geometry": {"type": "Point", "coordinates": [150.6588157000545, -35.069223047371764]}}, {"type": "Feature", "properties": {"id": "55394", "fid": 83588941, "name": "Unnamed", "featureType": "HV_SwitchingStation", "city": null, "postcode": null, "voltage": null, "feeder": "MM1322", "address": null, "state": "Inservice", "layer": "hvSwitching"}, "geometry": {"type": "Point", "coordinates": [150.79876948992637, -33.817787237108334]}}, {"type": "Feature", "properties": {"id": "55809", "fid": 83743973, "name": "Unnamed", "featureType": "HV_SwitchingStation", "city": null, "postcode": null, "voltage": null, "feeder": "MM1372", "address": null, "state": "Inservice", "layer": "hvSwitching"}, "geometry": {"type": "Point", "coordinates": [150.8019841906186, -33.83105611240086]}}, {"type": "Feature", "properties": {"id": "55240", "fid": 85634670, "name": "Unnamed", "featureType": "HV_SwitchingStation", "city": null, "postcode": null, "voltage": null, "feeder": "8686", "address": null, "state": "Inservice", "layer": "hvSwitching"}, "geometry": {"type": "Point", "coordinates": [150.7977226616901, -33.722230866405276]}}, {"type": "Feature", "properties": {"id": "55223", "fid": 85634674, "name": "Unnamed", "featureType": "HV_SwitchingStation", "city": null, "postcode": null, "voltage": null, "feeder": "41533", "address": null, "state": "Inservice", "layer": "hvSwitching"}, "geometry": {"type": "Point", "coordinates": [150.7976935741095, -33.7222999838541]}}, {"type": "Feature", "properties": {"id": "95108", "fid": 85687227, "name": "Unnamed", "featureType": "HV_SwitchingStation", "city": null, "postcode": null, "voltage": null, "feeder": "NE1253", "address": null, "state": "Inservice", "layer": "hvSwitching"}, "geometry": {"type": "Point", "coordinates": [150.83796390262648, -33.81059530501097]}}, {"type": "Feature", "properties": {"id": "55473", "fid": 85930732, "name": "Unnamed", "featureType": "HV_SwitchingStation", "city": null, "postcode": null, "voltage": null, "feeder": "RS1244", "address": null, "state": "Inservice", "layer": "hvSwitching"}, "geometry": {"type": "Point", "coordinates": [151.02773827542785, -33.827779686955004]}}, {"type": "Feature", "properties": {"id": "96796", "fid": 87510612, "name": "Unnamed", "featureType": "HV_SwitchingStation", "city": null, "postcode": null, "voltage": null, "feeder": "MR2217", "address": null, "state": "Inservice", "layer": "hvSwitching"}, "geometry": {"type": "Point", "coordinates": [150.92582374951712, -33.68840307524039]}}, {"type": "Feature", "properties": {"id": "96855", "fid": 88308783, "name": "Unnamed", "featureType": "HV_SwitchingStation", "city": null, "postcode": null, "voltage": null, "feeder": "T868", "address": null, "state": "Inservice", "layer": "hvSwitching"}, "geometry": {"type": "Point", "coordinates": [150.79451891517547, -34.12188846664243]}}, {"type": "Feature", "properties": {"id": "96894", "fid": 89595311, "name": "Unnamed", "featureType": "HV_SwitchingStation", "city": null, "postcode": null, "voltage": null, "feeder": "SK2252", "address": null, "state": "Inservice", "layer": "hvSwitching"}, "geometry": {"type": "Point", "coordinates": [150.79051454947134, -33.84688677221455]}}, {"type": "Feature", "properties": {"id": "33531", "fid": 78918231, "name": "Unnamed", "featureType": "HV_SwitchingStation", "city": null, "postcode": null, "voltage": null, "feeder": "W195", "address": null, "state": "Inservice", "layer": "hvSwitching"}, "geometry": {"type": "Point", "coordinates": [150.84430605947713, -34.00115059852388]}}, {"type": "Feature", "properties": {"id": "55225", "fid": 85947103, "name": "Unnamed", "featureType": "HV_SwitchingStation", "city": null, "postcode": null, "voltage": null, "feeder": "RS1270", "address": null, "state": "Inservice", "layer": "hvSwitching"}, "geometry": {"type": "Point", "coordinates": [151.02349080059764, -33.81995402865995]}}, {"type": "Feature", "properties": {"id": "54792", "fid": 83193060, "name": "Unnamed", "featureType": "HV_SwitchingStation", "city": null, "postcode": null, "voltage": null, "feeder": "54665", "address": null, "state": "Inservice", "layer": "hvSwitching"}, "geometry": {"type": "Point", "coordinates": [150.8227533280474, -33.827760916060186]}}, {"type": "Feature", "properties": {"id": "97292", "fid": 89302194, "name": "Unnamed", "featureType": "HV_SwitchingStation", "city": null, "postcode": null, "voltage": null, "feeder": "49353", "address": null, "state": "Inservice", "layer": "hvSwitching"}, "geometry": {"type": "Point", "coordinates": [150.96760951470816, -33.73331054767673]}}, {"type": "Feature", "properties": {"id": "97293", "fid": 89302196, "name": "Unnamed", "featureType": "HV_SwitchingStation", "city": null, "postcode": null, "voltage": null, "feeder": "49393", "address": null, "state": "Inservice", "layer": "hvSwitching"}, "geometry": {"type": "Point", "coordinates": [150.96771070571714, -33.73326289012476]}}, {"type": "Feature", "properties": {"id": "54714", "fid": 83250423, "name": "Unnamed", "featureType": "HV_SwitchingStation", "city": null, "postcode": null, "voltage": null, "feeder": "54665", "address": null, "state": "Inservice", "layer": "hvSwitching"}, "geometry": {"type": "Point", "coordinates": [150.82562017866442, -33.82655200831121]}}, {"type": "Feature", "properties": {"id": "55184", "fid": 83530205, "name": "Unnamed", "featureType": "HV_SwitchingStation", "city": null, "postcode": null, "voltage": null, "feeder": "AB1249", "address": null, "state": "Inservice", "layer": "hvSwitching"}, "geometry": {"type": "Point", "coordinates": [150.8611569193594, -33.88811497986262]}}, {"type": "Feature", "properties": {"id": "55808", "fid": 83743610, "name": "Unnamed", "featureType": "HV_SwitchingStation", "city": null, "postcode": null, "voltage": null, "feeder": "MM1372", "address": null, "state": "Inservice", "layer": "hvSwitching"}, "geometry": {"type": "Point", "coordinates": [150.80189456010353, -33.8309927681086]}}, {"type": "Feature", "properties": {"id": "95931", "fid": 86461284, "name": "Unnamed", "featureType": "HV_SwitchingStation", "city": null, "postcode": null, "voltage": null, "feeder": "MM1362", "address": null, "state": "Inservice", "layer": "hvSwitching"}, "geometry": {"type": "Point", "coordinates": [150.79498526349258, -33.820335177553886]}}, {"type": "Feature", "properties": {"id": "95930", "fid": 86461288, "name": "Unnamed", "featureType": "HV_SwitchingStation", "city": null, "postcode": null, "voltage": null, "feeder": "MM1122", "address": null, "state": "Inservice", "layer": "hvSwitching"}, "geometry": {"type": "Point", "coordinates": [150.79504634314426, -33.820181175148484]}}, {"type": "Feature", "properties": {"id": "96834", "fid": 87137150, "name": "Unnamed", "featureType": "HV_SwitchingStation", "city": null, "postcode": null, "voltage": null, "feeder": "54656", "address": null, "state": "Inservice", "layer": "hvSwitching"}, "geometry": {"type": "Point", "coordinates": [150.83137972671423, -33.824805509365696]}}, {"type": "Feature", "properties": {"id": "96510", "fid": 86597629, "name": "Unnamed", "featureType": "HV_SwitchingStation", "city": null, "postcode": null, "voltage": null, "feeder": "HT1291", "address": null, "state": "Inservice", "layer": "hvSwitching"}, "geometry": {"type": "Point", "coordinates": [150.87634384909887, -33.79731421555928]}}, {"type": "Feature", "properties": {"id": "96408", "fid": 88652777, "name": "Unnamed", "featureType": "HV_SwitchingStation", "city": null, "postcode": null, "voltage": null, "feeder": "SK2242", "address": null, "state": "Inservice", "layer": "hvSwitching"}, "geometry": {"type": "Point", "coordinates": [150.78826025288043, -33.84081420393341]}}, {"type": "Feature", "properties": {"id": "97987", "fid": 89678540, "name": "Unnamed", "featureType": "HV_SwitchingStation", "city": null, "postcode": null, "voltage": null, "feeder": "SQ1122", "address": null, "state": "Inservice", "layer": "hvSwitching"}, "geometry": {"type": "Point", "coordinates": [150.83058335218675, -33.717695387407005]}}, {"type": "Feature", "properties": {"id": "96164", "fid": 87087448, "name": "Unnamed", "featureType": "HV_SwitchingStation", "city": null, "postcode": null, "voltage": null, "feeder": "NE1267", "address": null, "state": "Inservice", "layer": "hvSwitching"}, "geometry": {"type": "Point", "coordinates": [150.83068263691888, -33.80004906771995]}}, {"type": "Feature", "properties": {"id": "12634", "fid": 51219885, "name": "Unnamed", "featureType": "HV_SwitchingStation", "city": null, "postcode": null, "voltage": null, "feeder": "CN1243", "address": null, "state": "Inservice", "layer": "hvSwitching"}, "geometry": {"type": "Point", "coordinates": [150.96186450717877, -33.916602601887455]}}, {"type": "Feature", "properties": {"id": "7098", "fid": 51219942, "name": "Unnamed", "featureType": "HV_SwitchingStation", "city": null, "postcode": null, "voltage": null, "feeder": "5494", "address": null, "state": "Inservice", "layer": "hvSwitching"}, "geometry": {"type": "Point", "coordinates": [151.03383961437578, -33.785937677940716]}}, {"type": "Feature", "properties": {"id": "12944", "fid": 51219970, "name": "Unnamed", "featureType": "HV_SwitchingStation", "city": null, "postcode": null, "voltage": null, "feeder": "D852", "address": null, "state": "Inservice", "layer": "hvSwitching"}, "geometry": {"type": "Point", "coordinates": [150.96242019011552, -33.875615272552636]}}, {"type": "Feature", "properties": {"id": "22941", "fid": 60310829, "name": "Unnamed", "featureType": "HV_SwitchingStation", "city": null, "postcode": null, "voltage": null, "feeder": "CD1267", "address": null, "state": "Inservice", "layer": "hvSwitching"}, "geometry": {"type": "Point", "coordinates": [150.69514568960767, -34.09660732122618]}}, {"type": "Feature", "properties": {"id": "27139", "fid": 66157551, "name": "Unnamed", "featureType": "HV_SwitchingStation", "city": null, "postcode": null, "voltage": null, "feeder": "W120", "address": null, "state": "Inservice", "layer": "hvSwitching"}, "geometry": {"type": "Point", "coordinates": [150.42700167285443, -33.72114390979678]}}, {"type": "Feature", "properties": {"id": "24652", "fid": 66621066, "name": "Unnamed", "featureType": "HV_SwitchingStation", "city": null, "postcode": null, "voltage": null, "feeder": "48161", "address": null, "state": "Inservice", "layer": "hvSwitching"}, "geometry": {"type": "Point", "coordinates": [150.8521263243462, -33.92581486901081]}}, {"type": "Feature", "properties": {"id": "27111", "fid": 66202138, "name": "Unnamed", "featureType": "HV_SwitchingStation", "city": null, "postcode": null, "voltage": null, "feeder": "41531", "address": null, "state": "Inservice", "layer": "hvSwitching"}, "geometry": {"type": "Point", "coordinates": [150.76864427767703, -33.73716126808324]}}, {"type": "Feature", "properties": {"id": "15405", "fid": 51219819, "name": "Unnamed", "featureType": "HV_SwitchingStation", "city": null, "postcode": null, "voltage": null, "feeder": "J503", "address": null, "state": "Inservice", "layer": "hvSwitching"}, "geometry": {"type": "Point", "coordinates": [150.81980001125896, -34.09096600416458]}}, {"type": "Feature", "properties": {"id": "13468", "fid": 51219825, "name": "Unnamed", "featureType": "HV_SwitchingStation", "city": null, "postcode": null, "voltage": null, "feeder": "CT1265", "address": null, "state": "Inservice", "layer": "hvSwitching"}, "geometry": {"type": "Point", "coordinates": [150.81773621805394, -34.06260166663218]}}, {"type": "Feature", "properties": {"id": "13518", "fid": 51219826, "name": "Unnamed", "featureType": "HV_SwitchingStation", "city": null, "postcode": null, "voltage": null, "feeder": "CT1262", "address": null, "state": "Inservice", "layer": "hvSwitching"}, "geometry": {"type": "Point", "coordinates": [150.80031477779076, -34.066990824258]}}, {"type": "Feature", "properties": {"id": "15464", "fid": 51219839, "name": "Unnamed", "featureType": "HV_SwitchingStation", "city": null, "postcode": null, "voltage": null, "feeder": "J478", "address": null, "state": "Inservice", "layer": "hvSwitching"}, "geometry": {"type": "Point", "coordinates": [150.86289924940888, -34.01923885066426]}}, {"type": "Feature", "properties": {"id": "13314", "fid": 51219861, "name": "Unnamed", "featureType": "HV_SwitchingStation", "city": null, "postcode": null, "voltage": null, "feeder": "J507", "address": null, "state": "Inservice", "layer": "hvSwitching"}, "geometry": {"type": "Point", "coordinates": [150.89589016125962, -34.00088526378016]}}, {"type": "Feature", "properties": {"id": "17697", "fid": 51219870, "name": "Unnamed", "featureType": "HV_SwitchingStation", "city": null, "postcode": null, "voltage": null, "feeder": "CA1269", "address": null, "state": "Inservice", "layer": "hvSwitching"}, "geometry": {"type": "Point", "coordinates": [150.89688216739245, -33.94936530730767]}}, {"type": "Feature", "properties": {"id": "7521", "fid": 51219873, "name": "Unnamed", "featureType": "HV_SwitchingStation", "city": null, "postcode": null, "voltage": null, "feeder": "LP1222", "address": null, "state": "Inservice", "layer": "hvSwitching"}, "geometry": {"type": "Point", "coordinates": [150.92663922743654, -33.92347413424302]}}, {"type": "Feature", "properties": {"id": "9905", "fid": 51219875, "name": "Unnamed", "featureType": "HV_SwitchingStation", "city": null, "postcode": null, "voltage": null, "feeder": "8769", "address": null, "state": "Inservice", "layer": "hvSwitching"}, "geometry": {"type": "Point", "coordinates": [150.87694709586538, -33.89923721396912]}}, {"type": "Feature", "properties": {"id": "16247", "fid": 51219876, "name": "Unnamed", "featureType": "HV_SwitchingStation", "city": null, "postcode": null, "voltage": null, "feeder": "L511", "address": null, "state": "Inservice", "layer": "hvSwitching"}, "geometry": {"type": "Point", "coordinates": [150.87988234423065, -33.86584767134076]}}, {"type": "Feature", "properties": {"id": "18779", "fid": 51219887, "name": "Unnamed", "featureType": "HV_SwitchingStation", "city": null, "postcode": null, "voltage": null, "feeder": "FF1269", "address": null, "state": "Inservice", "layer": "hvSwitching"}, "geometry": {"type": "Point", "coordinates": [150.9588311592773, -33.86792631961022]}}, {"type": "Feature", "properties": {"id": "14456", "fid": 51219888, "name": "Unnamed", "featureType": "HV_SwitchingStation", "city": null, "postcode": null, "voltage": null, "feeder": "D842", "address": null, "state": "Inservice", "layer": "hvSwitching"}, "geometry": {"type": "Point", "coordinates": [150.96210350986473, -33.876016868637045]}}, {"type": "Feature", "properties": {"id": "12211", "fid": 51219889, "name": "Unnamed", "featureType": "HV_SwitchingStation", "city": null, "postcode": null, "voltage": null, "feeder": "SG1228", "address": null, "state": "Inservice", "layer": "hvSwitching"}, "geometry": {"type": "Point", "coordinates": [151.00794437638234, -33.868679408513394]}}, {"type": "Feature", "properties": {"id": "7756", "fid": 51219890, "name": "Unnamed", "featureType": "HV_SwitchingStation", "city": null, "postcode": null, "voltage": null, "feeder": "SG1221", "address": null, "state": "Inservice", "layer": "hvSwitching"}, "geometry": {"type": "Point", "coordinates": [151.0082420058158, -33.86882130659454]}}, {"type": "Feature", "properties": {"id": "18786", "fid": 51219898, "name": "Unnamed", "featureType": "HV_SwitchingStation", "city": null, "postcode": null, "voltage": null, "feeder": "WQ1290", "address": null, "state": "Inservice", "layer": "hvSwitching"}, "geometry": {"type": "Point", "coordinates": [150.89647157406586, -33.84483962154414]}}, {"type": "Feature", "properties": {"id": "17233", "fid": 51219902, "name": "Unnamed", "featureType": "HV_SwitchingStation", "city": null, "postcode": null, "voltage": null, "feeder": "NM1210", "address": null, "state": "Inservice", "layer": "hvSwitching"}, "geometry": {"type": "Point", "coordinates": [150.98843148982374, -33.79624032522149]}}, {"type": "Feature", "properties": {"id": "17209", "fid": 51219917, "name": "Unnamed", "featureType": "HV_SwitchingStation", "city": null, "postcode": null, "voltage": null, "feeder": "RS1292", "address": null, "state": "Inservice", "layer": "hvSwitching"}, "geometry": {"type": "Point", "coordinates": [151.03273439009607, -33.82058675457998]}}, {"type": "Feature", "properties": {"id": "7849", "fid": 51219920, "name": "Unnamed", "featureType": "HV_SwitchingStation", "city": null, "postcode": null, "voltage": null, "feeder": "RS1270", "address": null, "state": "Inservice", "layer": "hvSwitching"}, "geometry": {"type": "Point", "coordinates": [151.02495350693079, -33.82026693804381]}}, {"type": "Feature", "properties": {"id": "2557", "fid": 51219926, "name": "Unnamed", "featureType": "HV_SwitchingStation", "city": null, "postcode": null, "voltage": null, "feeder": "PH1208", "address": null, "state": "Inservice", "layer": "hvSwitching"}, "geometry": {"type": "Point", "coordinates": [150.69352459154493, -33.73671593820521]}}, {"type": "Feature", "properties": {"id": "18013", "fid": 51219929, "name": "Unnamed", "featureType": "HV_SwitchingStation", "city": null, "postcode": null, "voltage": null, "feeder": "C893", "address": null, "state": "Inservice", "layer": "hvSwitching"}, "geometry": {"type": "Point", "coordinates": [150.73747711611838, -33.75248056741775]}}, {"type": "Feature", "properties": {"id": "17772", "fid": 51219943, "name": "Unnamed", "featureType": "HV_SwitchingStation", "city": null, "postcode": null, "voltage": null, "feeder": "NK1332", "address": null, "state": "Inservice", "layer": "hvSwitching"}, "geometry": {"type": "Point", "coordinates": [151.01396341103037, -33.77648127453677]}}, {"type": "Feature", "properties": {"id": "7841", "fid": 51219944, "name": "Unnamed", "featureType": "HV_SwitchingStation", "city": null, "postcode": null, "voltage": null, "feeder": "NK1362", "address": null, "state": "Inservice", "layer": "hvSwitching"}, "geometry": {"type": "Point", "coordinates": [151.01230157851015, -33.77404687275279]}}, {"type": "Feature", "properties": {"id": "8037", "fid": 51219954, "name": "Unnamed", "featureType": "HV_SwitchingStation", "city": null, "postcode": null, "voltage": null, "feeder": "8614", "address": null, "state": "Inservice", "layer": "hvSwitching"}, "geometry": {"type": "Point", "coordinates": [150.95344954637153, -33.77560350618079]}}, {"type": "Feature", "properties": {"id": "12642", "fid": 51219964, "name": "Unnamed", "featureType": "HV_SwitchingStation", "city": null, "postcode": null, "voltage": null, "feeder": "AB1246", "address": null, "state": "Inservice", "layer": "hvSwitching"}, "geometry": {"type": "Point", "coordinates": [150.84932479300775, -33.887727843783765]}}, {"type": "Feature", "properties": {"id": "12837", "fid": 51219965, "name": "Unnamed", "featureType": "HV_SwitchingStation", "city": null, "postcode": null, "voltage": null, "feeder": "49397", "address": null, "state": "Inservice", "layer": "hvSwitching"}, "geometry": {"type": "Point", "coordinates": [150.96904628708842, -33.73312311430815]}}, {"type": "Feature", "properties": {"id": "12901", "fid": 51219971, "name": "Unnamed", "featureType": "HV_SwitchingStation", "city": null, "postcode": null, "voltage": null, "feeder": "CA1276", "address": null, "state": "Inservice", "layer": "hvSwitching"}, "geometry": {"type": "Point", "coordinates": [150.89492785859645, -33.957194770263456]}}, {"type": "Feature", "properties": {"id": "12815", "fid": 51219973, "name": "Unnamed", "featureType": "HV_SwitchingStation", "city": null, "postcode": null, "voltage": null, "feeder": "HS1222", "address": null, "state": "Inservice", "layer": "hvSwitching"}, "geometry": {"type": "Point", "coordinates": [150.8131987347599, -33.84937809459321]}}, {"type": "Feature", "properties": {"id": "19358", "fid": 51219979, "name": "Unnamed", "featureType": "HV_SwitchingStation", "city": null, "postcode": null, "voltage": null, "feeder": "BWK2", "address": null, "state": "Inservice", "layer": "hvSwitching"}, "geometry": {"type": "Point", "coordinates": [150.43860601794518, -34.493071276726496]}}, {"type": "Feature", "properties": {"id": "19417", "fid": 51220003, "name": "Unnamed", "featureType": "HV_SwitchingStation", "city": null, "postcode": null, "voltage": null, "feeder": "8772", "address": null, "state": "Inservice", "layer": "hvSwitching"}, "geometry": {"type": "Point", "coordinates": [150.8918643751908, -33.883316489920894]}}, {"type": "Feature", "properties": {"id": "13775", "fid": 51220006, "name": "Unnamed", "featureType": "HV_SwitchingStation", "city": null, "postcode": null, "voltage": null, "feeder": "ED1122", "address": null, "state": "Inservice", "layer": "hvSwitching"}, "geometry": {"type": "Point", "coordinates": [150.86057260452517, -33.98823119365823]}}, {"type": "Feature", "properties": {"id": "19900", "fid": 51220009, "name": "Unnamed", "featureType": "HV_SwitchingStation", "city": null, "postcode": null, "voltage": null, "feeder": "B211", "address": null, "state": "Inservice", "layer": "hvSwitching"}, "geometry": {"type": "Point", "coordinates": [150.94179591799752, -33.80102582666321]}}, {"type": "Feature", "properties": {"id": "19620", "fid": 51220013, "name": "Unnamed", "featureType": "HV_SwitchingStation", "city": null, "postcode": null, "voltage": null, "feeder": "S786", "address": null, "state": "Inservice", "layer": "hvSwitching"}, "geometry": {"type": "Point", "coordinates": [150.69559313317208, -33.729941797696576]}}, {"type": "Feature", "properties": {"id": "21781", "fid": 51220018, "name": "Unnamed", "featureType": "HV_SwitchingStation", "city": null, "postcode": null, "voltage": null, "feeder": "1949", "address": null, "state": "Inservice", "layer": "hvSwitching"}, "geometry": {"type": "Point", "coordinates": [150.91141342505193, -33.748863447079145]}}, {"type": "Feature", "properties": {"id": "19362", "fid": 51220034, "name": "Unnamed", "featureType": "HV_SwitchingStation", "city": null, "postcode": null, "voltage": null, "feeder": "BWK2", "address": null, "state": "Inservice", "layer": "hvSwitching"}, "geometry": {"type": "Point", "coordinates": [150.44829708784067, -34.498485236343605]}}, {"type": "Feature", "properties": {"id": "22997", "fid": 60312010, "name": "Unnamed", "featureType": "HV_SwitchingStation", "city": null, "postcode": null, "voltage": null, "feeder": "L541", "address": null, "state": "Inservice", "layer": "hvSwitching"}, "geometry": {"type": "Point", "coordinates": [150.90750512654796, -33.769721624452245]}}, {"type": "Feature", "properties": {"id": "23379", "fid": 60362751, "name": "Unnamed", "featureType": "HV_SwitchingStation", "city": null, "postcode": null, "voltage": null, "feeder": "B709", "address": null, "state": "Inservice", "layer": "hvSwitching"}, "geometry": {"type": "Point", "coordinates": [150.8793019370384, -33.73296927827633]}}, {"type": "Feature", "properties": {"id": "22978", "fid": 61449339, "name": "Unnamed", "featureType": "HV_SwitchingStation", "city": null, "postcode": null, "voltage": null, "feeder": "SHH2", "address": null, "state": "Inservice", "layer": "hvSwitching"}, "geometry": {"type": "Point", "coordinates": [150.84967240558245, -34.59553764950703]}}, {"type": "Feature", "properties": {"id": "24054", "fid": 61470800, "name": "Unnamed", "featureType": "HV_SwitchingStation", "city": null, "postcode": null, "voltage": null, "feeder": "RD1288", "address": null, "state": "Inservice", "layer": "hvSwitching"}, "geometry": {"type": "Point", "coordinates": [151.03097683637776, -33.81399585545708]}}, {"type": "Feature", "properties": {"id": "23421", "fid": 61480658, "name": "Unnamed", "featureType": "HV_SwitchingStation", "city": null, "postcode": null, "voltage": null, "feeder": "48161", "address": null, "state": "Inservice", "layer": "hvSwitching"}, "geometry": {"type": "Point", "coordinates": [150.86368258043507, -33.92604235940538]}}, {"type": "Feature", "properties": {"id": "24306", "fid": 62581382, "name": "Unnamed", "featureType": "HV_SwitchingStation", "city": null, "postcode": null, "voltage": null, "feeder": "HT1203", "address": null, "state": "Inservice", "layer": "hvSwitching"}, "geometry": {"type": "Point", "coordinates": [150.89145193654673, -33.79768951466234]}}, {"type": "Feature", "properties": {"id": "24550", "fid": 62588260, "name": "Unnamed", "featureType": "HV_SwitchingStation", "city": null, "postcode": null, "voltage": null, "feeder": "46770", "address": null, "state": "Inservice", "layer": "hvSwitching"}, "geometry": {"type": "Point", "coordinates": [150.88535714584057, -33.79838475771574]}}, {"type": "Feature", "properties": {"id": "24569", "fid": 62654356, "name": "Unnamed", "featureType": "HV_SwitchingStation", "city": null, "postcode": null, "voltage": null, "feeder": "1963", "address": null, "state": "Inservice", "layer": "hvSwitching"}, "geometry": {"type": "Point", "coordinates": [150.90896073380136, -33.74734463389999]}}, {"type": "Feature", "properties": {"id": "24896", "fid": 62685714, "name": "Unnamed", "featureType": "HV_SwitchingStation", "city": null, "postcode": null, "voltage": null, "feeder": "25775", "address": null, "state": "Inservice", "layer": "hvSwitching"}, "geometry": {"type": "Point", "coordinates": [150.94198523439383, -33.70893828925543]}}, {"type": "Feature", "properties": {"id": "25542", "fid": 62800683, "name": "Unnamed", "featureType": "HV_SwitchingStation", "city": null, "postcode": null, "voltage": null, "feeder": "KYD2", "address": null, "state": "Inservice", "layer": "hvSwitching"}, "geometry": {"type": "Point", "coordinates": [150.89915985454198, -34.42433183829499]}}, {"type": "Feature", "properties": {"id": "24616", "fid": 62802370, "name": "Unnamed", "featureType": "HV_SwitchingStation", "city": null, "postcode": null, "voltage": null, "feeder": "A053", "address": null, "state": "Inservice", "layer": "hvSwitching"}, "geometry": {"type": "Point", "coordinates": [150.9007860969224, -33.66799920739925]}}, {"type": "Feature", "properties": {"id": "25694", "fid": 63964681, "name": "Unnamed", "featureType": "HV_SwitchingStation", "city": null, "postcode": null, "voltage": null, "feeder": "35009", "address": null, "state": "Inservice", "layer": "hvSwitching"}, "geometry": {"type": "Point", "coordinates": [150.9280447621823, -33.807847684928326]}}, {"type": "Feature", "properties": {"id": "24620", "fid": 64025645, "name": "Unnamed", "featureType": "HV_SwitchingStation", "city": null, "postcode": null, "voltage": null, "feeder": "A046", "address": null, "state": "Inservice", "layer": "hvSwitching"}, "geometry": {"type": "Point", "coordinates": [150.87658031282936, -33.65982421779801]}}, {"type": "Feature", "properties": {"id": "26000", "fid": 64134926, "name": "Unnamed", "featureType": "HV_SwitchingStation", "city": null, "postcode": null, "voltage": null, "feeder": "MM1332", "address": null, "state": "Inservice", "layer": "hvSwitching"}, "geometry": {"type": "Point", "coordinates": [150.7857710402276, -33.81248609840214]}}, {"type": "Feature", "properties": {"id": "24850", "fid": 64173480, "name": "Unnamed", "featureType": "HV_SwitchingStation", "city": null, "postcode": null, "voltage": null, "feeder": "49395", "address": null, "state": "Inservice", "layer": "hvSwitching"}, "geometry": {"type": "Point", "coordinates": [150.9693259590117, -33.73213673362499]}}, {"type": "Feature", "properties": {"id": "25565", "fid": 64324222, "name": "Unnamed", "featureType": "HV_SwitchingStation", "city": null, "postcode": null, "voltage": null, "feeder": "25781", "address": null, "state": "Inservice", "layer": "hvSwitching"}, "geometry": {"type": "Point", "coordinates": [150.93163322694318, -33.721553272348814]}}, {"type": "Feature", "properties": {"id": "26222", "fid": 64844644, "name": "Unnamed", "featureType": "HV_SwitchingStation", "city": null, "postcode": null, "voltage": null, "feeder": "B719", "address": null, "state": "Inservice", "layer": "hvSwitching"}, "geometry": {"type": "Point", "coordinates": [150.86273557537712, -33.72593955778438]}}, {"type": "Feature", "properties": {"id": "26627", "fid": 64921404, "name": "Unnamed", "featureType": "HV_SwitchingStation", "city": null, "postcode": null, "voltage": null, "feeder": "49001", "address": null, "state": "Inservice", "layer": "hvSwitching"}, "geometry": {"type": "Point", "coordinates": [150.87259299962437, -33.737176019798305]}}, {"type": "Feature", "properties": {"id": "27505", "fid": 64950500, "name": "Unnamed", "featureType": "HV_SwitchingStation", "city": null, "postcode": null, "voltage": null, "feeder": "CT1265", "address": null, "state": "Inservice", "layer": "hvSwitching"}, "geometry": {"type": "Point", "coordinates": [150.8161955805563, -34.06299672535449]}}, {"type": "Feature", "properties": {"id": "27008", "fid": 66052283, "name": "Unnamed", "featureType": "HV_SwitchingStation", "city": null, "postcode": null, "voltage": null, "feeder": "PH1264", "address": null, "state": "Inservice", "layer": "hvSwitching"}, "geometry": {"type": "Point", "coordinates": [150.6847808963392, -33.760584346293676]}}, {"type": "Feature", "properties": {"id": "27190", "fid": 66142749, "name": "Unnamed", "featureType": "HV_SwitchingStation", "city": null, "postcode": null, "voltage": null, "feeder": "BL1232", "address": null, "state": "Inservice", "layer": "hvSwitching"}, "geometry": {"type": "Point", "coordinates": [150.91375840466827, -34.32245536715566]}}, {"type": "Feature", "properties": {"id": "27679", "fid": 66153002, "name": "Unnamed", "featureType": "HV_SwitchingStation", "city": null, "postcode": null, "voltage": null, "feeder": "35761", "address": null, "state": "Inservice", "layer": "hvSwitching"}, "geometry": {"type": "Point", "coordinates": [150.76888398124194, -33.74452729979458]}}, {"type": "Feature", "properties": {"id": "27138", "fid": 66157312, "name": "Unnamed", "featureType": "HV_SwitchingStation", "city": null, "postcode": null, "voltage": null, "feeder": "W120", "address": null, "state": "Inservice", "layer": "hvSwitching"}, "geometry": {"type": "Point", "coordinates": [150.4240878321091, -33.72331709488885]}}, {"type": "Feature", "properties": {"id": "27055", "fid": 66253991, "name": "Unnamed", "featureType": "HV_SwitchingStation", "city": null, "postcode": null, "voltage": null, "feeder": "DP1221", "address": null, "state": "Inservice", "layer": "hvSwitching"}, "geometry": {"type": "Point", "coordinates": [150.79040356747782, -34.50406993668968]}}, {"type": "Feature", "properties": {"id": "6150", "fid": 66502872, "name": "Unnamed", "featureType": "HV_SwitchingStation", "city": null, "postcode": null, "voltage": null, "feeder": "GV1293", "address": null, "state": "Inservice", "layer": "hvSwitching"}, "geometry": {"type": "Point", "coordinates": [151.01217186213643, -33.83003586186228]}}, {"type": "Feature", "properties": {"id": "28096", "fid": 66531902, "name": "Unnamed", "featureType": "HV_SwitchingStation", "city": null, "postcode": null, "voltage": null, "feeder": "HKH2", "address": null, "state": "Inservice", "layer": "hvSwitching"}, "geometry": {"type": "Point", "coordinates": [150.6543566451395, -35.07107519010913]}}, {"type": "Feature", "properties": {"id": "28915", "fid": 67083521, "name": "Unnamed", "featureType": "HV_SwitchingStation", "city": null, "postcode": null, "voltage": null, "feeder": "54671", "address": null, "state": "Inservice", "layer": "hvSwitching"}, "geometry": {"type": "Point", "coordinates": [150.84772201202495, -33.81705660978792]}}, {"type": "Feature", "properties": {"id": "27687", "fid": 66218019, "name": "Unnamed", "featureType": "HV_SwitchingStation", "city": null, "postcode": null, "voltage": null, "feeder": "LP1442", "address": null, "state": "Inservice", "layer": "hvSwitching"}, "geometry": {"type": "Point", "coordinates": [150.93170052110426, -33.92083213706987]}}, {"type": "Feature", "properties": {"id": "29796", "fid": 77952205, "name": "Unnamed", "featureType": "HV_SwitchingStation", "city": null, "postcode": null, "voltage": null, "feeder": "MYF2", "address": null, "state": "Inservice", "layer": "hvSwitching"}, "geometry": {"type": "Point", "coordinates": [150.87581959484598, -34.405987360236736]}}, {"type": "Feature", "properties": {"id": "29417", "fid": 77404691, "name": "Unnamed", "featureType": "HV_SwitchingStation", "city": null, "postcode": null, "voltage": null, "feeder": "B745", "address": null, "state": "Inservice", "layer": "hvSwitching"}, "geometry": {"type": "Point", "coordinates": [150.9372743839996, -33.93047370150088]}}, {"type": "Feature", "properties": {"id": "95416", "fid": 86301181, "name": "Unnamed", "featureType": "HV_SwitchingStation", "city": null, "postcode": null, "voltage": null, "feeder": "MM1252", "address": null, "state": "Inservice", "layer": "hvSwitching"}, "geometry": {"type": "Point", "coordinates": [150.773634700094, -33.821961090321125]}}, {"type": "Feature", "properties": {"id": "29479", "fid": 77341010, "name": "Unnamed", "featureType": "HV_SwitchingStation", "city": null, "postcode": null, "voltage": null, "feeder": "2809", "address": null, "state": "Inservice", "layer": "hvSwitching"}, "geometry": {"type": "Point", "coordinates": [151.0276091032099, -33.78783961214563]}}, {"type": "Feature", "properties": {"id": "28422", "fid": 77419258, "name": "Unnamed", "featureType": "HV_SwitchingStation", "city": null, "postcode": null, "voltage": null, "feeder": "W127", "address": null, "state": "Inservice", "layer": "hvSwitching"}, "geometry": {"type": "Point", "coordinates": [150.40256353464153, -33.72568034853594]}}, {"type": "Feature", "properties": {"id": "29855", "fid": 77765655, "name": "Unnamed", "featureType": "HV_SwitchingStation", "city": null, "postcode": null, "voltage": null, "feeder": "APG2", "address": null, "state": "Inservice", "layer": "hvSwitching"}, "geometry": {"type": "Point", "coordinates": [150.78527874045943, -34.58673534663247]}}, {"type": "Feature", "properties": {"id": "95418", "fid": 86301189, "name": "Unnamed", "featureType": "HV_SwitchingStation", "city": null, "postcode": null, "voltage": null, "feeder": "MM1282", "address": null, "state": "Inservice", "layer": "hvSwitching"}, "geometry": {"type": "Point", "coordinates": [150.77366948270438, -33.82205454413594]}}, {"type": "Feature", "properties": {"id": "29904", "fid": 77850495, "name": "Unnamed", "featureType": "HV_SwitchingStation", "city": null, "postcode": null, "voltage": null, "feeder": "DP1243", "address": null, "state": "Inservice", "layer": "hvSwitching"}, "geometry": {"type": "Point", "coordinates": [150.7798627987511, -34.48692089910605]}}, {"type": "Feature", "properties": {"id": "29323", "fid": 77995857, "name": "Unnamed", "featureType": "HV_SwitchingStation", "city": null, "postcode": null, "voltage": null, "feeder": "SG1220", "address": null, "state": "Inservice", "layer": "hvSwitching"}, "geometry": {"type": "Point", "coordinates": [150.99364276233456, -33.85936036730449]}}, {"type": "Feature", "properties": {"id": "32271", "fid": 78047800, "name": "Unnamed", "featureType": "HV_SwitchingStation", "city": null, "postcode": null, "voltage": null, "feeder": "APF2", "address": null, "state": "Inservice", "layer": "hvSwitching"}, "geometry": {"type": "Point", "coordinates": [150.7704944315267, -34.57538941479931]}}, {"type": "Feature", "properties": {"id": "29362", "fid": 78062944, "name": "Unnamed", "featureType": "HV_SwitchingStation", "city": null, "postcode": null, "voltage": null, "feeder": "35442", "address": null, "state": "Inservice", "layer": "hvSwitching"}, "geometry": {"type": "Point", "coordinates": [150.93398151310942, -33.92167997736815]}}, {"type": "Feature", "properties": {"id": "32656", "fid": 78215740, "name": "Unnamed", "featureType": "HV_SwitchingStation", "city": null, "postcode": null, "voltage": null, "feeder": "WL1270", "address": null, "state": "Inservice", "layer": "hvSwitching"}, "geometry": {"type": "Point", "coordinates": [150.87141304210235, -33.926970975550915]}}, {"type": "Feature", "properties": {"id": "29572", "fid": 78075848, "name": "Unnamed", "featureType": "HV_SwitchingStation", "city": null, "postcode": null, "voltage": null, "feeder": "HT1293", "address": null, "state": "Inservice", "layer": "hvSwitching"}, "geometry": {"type": "Point", "coordinates": [150.86877138142805, -33.793784171312765]}}, {"type": "Feature", "properties": {"id": "33023", "fid": 78381847, "name": "Unnamed", "featureType": "HV_SwitchingStation", "city": null, "postcode": null, "voltage": null, "feeder": "FT1205", "address": null, "state": "Inservice", "layer": "hvSwitching"}, "geometry": {"type": "Point", "coordinates": [150.86535256681915, -34.43802447341818]}}, {"type": "Feature", "properties": {"id": "32608", "fid": 78464383, "name": "Unnamed", "featureType": "HV_SwitchingStation", "city": null, "postcode": null, "voltage": null, "feeder": "54684", "address": null, "state": "Inservice", "layer": "hvSwitching"}, "geometry": {"type": "Point", "coordinates": [150.83655616498274, -33.81411625933226]}}, {"type": "Feature", "properties": {"id": "32637", "fid": 78314989, "name": "Unnamed", "featureType": "HV_SwitchingStation", "city": null, "postcode": null, "voltage": null, "feeder": "35003", "address": null, "state": "Inservice", "layer": "hvSwitching"}, "geometry": {"type": "Point", "coordinates": [150.90975438601208, -33.80920365808641]}}, {"type": "Feature", "properties": {"id": "32607", "fid": 78463905, "name": "Unnamed", "featureType": "HV_SwitchingStation", "city": null, "postcode": null, "voltage": null, "feeder": "54649", "address": null, "state": "Inservice", "layer": "hvSwitching"}, "geometry": {"type": "Point", "coordinates": [150.83622453961684, -33.81394593828684]}}, {"type": "Feature", "properties": {"id": "32172", "fid": 77967661, "name": "Unnamed", "featureType": "HV_SwitchingStation", "city": null, "postcode": null, "voltage": null, "feeder": "BDD2", "address": null, "state": "Inservice", "layer": "hvSwitching"}, "geometry": {"type": "Point", "coordinates": [150.59973975629416, -34.85966914217763]}}, {"type": "Feature", "properties": {"id": "33121", "fid": 78625823, "name": "Unnamed", "featureType": "HV_SwitchingStation", "city": null, "postcode": null, "voltage": null, "feeder": "J491", "address": null, "state": "Inservice", "layer": "hvSwitching"}, "geometry": {"type": "Point", "coordinates": [150.84697405514902, -34.051950747216615]}}, {"type": "Feature", "properties": {"id": "35610", "fid": 80508821, "name": "Unnamed", "featureType": "HV_SwitchingStation", "city": null, "postcode": null, "voltage": null, "feeder": "HT1212", "address": null, "state": "Inservice", "layer": "hvSwitching"}, "geometry": {"type": "Point", "coordinates": [150.88088284185514, -33.798020944012826]}}, {"type": "Feature", "properties": {"id": "33910", "fid": 79034751, "name": "Unnamed", "featureType": "HV_SwitchingStation", "city": null, "postcode": null, "voltage": null, "feeder": "WQ1275", "address": null, "state": "Inservice", "layer": "hvSwitching"}, "geometry": {"type": "Point", "coordinates": [150.903629874874, -33.83861209364606]}}, {"type": "Feature", "properties": {"id": "28426", "fid": 66753489, "name": "Unnamed", "featureType": "HV_SwitchingStation", "city": null, "postcode": null, "voltage": null, "feeder": "25744", "address": null, "state": "Inservice", "layer": "hvSwitching"}, "geometry": {"type": "Point", "coordinates": [150.84525119024573, -33.95106976579171]}}, {"type": "Feature", "properties": {"id": "33746", "fid": 79243488, "name": "Unnamed", "featureType": "HV_SwitchingStation", "city": null, "postcode": null, "voltage": null, "feeder": "J459", "address": null, "state": "Inservice", "layer": "hvSwitching"}, "geometry": {"type": "Point", "coordinates": [150.81287743043674, -34.04465040327025]}}, {"type": "Feature", "properties": {"id": "34070", "fid": 79734038, "name": "Unnamed", "featureType": "HV_SwitchingStation", "city": null, "postcode": null, "voltage": null, "feeder": "54665", "address": null, "state": "Inservice", "layer": "hvSwitching"}, "geometry": {"type": "Point", "coordinates": [150.8257570324137, -33.82329192292923]}}, {"type": "Feature", "properties": {"id": "33468", "fid": 78916070, "name": "Unnamed", "featureType": "HV_SwitchingStation", "city": null, "postcode": null, "voltage": null, "feeder": "PCD2", "address": null, "state": "Inservice", "layer": "hvSwitching"}, "geometry": {"type": "Point", "coordinates": [150.91333630462793, -34.49064801543097]}}, {"type": "Feature", "properties": {"id": "18733", "fid": 51219906, "name": "Unnamed", "featureType": "HV_SwitchingStation", "city": null, "postcode": null, "voltage": null, "feeder": "FF1217", "address": null, "state": "Inservice", "layer": "hvSwitching"}, "geometry": {"type": "Point", "coordinates": [150.95228417757914, -33.849205826085196]}}, {"type": "Feature", "properties": {"id": "53798", "fid": 81820995, "name": "Unnamed", "featureType": "HV_SwitchingStation", "city": null, "postcode": null, "voltage": null, "feeder": "54677", "address": null, "state": "Inservice", "layer": "hvSwitching"}, "geometry": {"type": "Point", "coordinates": [150.8113382223392, -33.83766623335961]}}, {"type": "Feature", "properties": {"id": "34490", "fid": 81423493, "name": "Unnamed", "featureType": "HV_SwitchingStation", "city": null, "postcode": null, "voltage": null, "feeder": "OP1112", "address": null, "state": "Inservice", "layer": "hvSwitching"}, "geometry": {"type": "Point", "coordinates": [150.73314622108154, -33.983760304088754]}}, {"type": "Feature", "properties": {"id": "33274", "fid": 78598569, "name": "Unnamed", "featureType": "HV_SwitchingStation", "city": null, "postcode": null, "voltage": null, "feeder": "CV1280", "address": null, "state": "Inservice", "layer": "hvSwitching"}, "geometry": {"type": "Point", "coordinates": [150.93756292277547, -33.894365489467056]}}, {"type": "Feature", "properties": {"id": "35486", "fid": 80084162, "name": "Unnamed", "featureType": "HV_SwitchingStation", "city": null, "postcode": null, "voltage": null, "feeder": "SWH2", "address": null, "state": "Inservice", "layer": "hvSwitching"}, "geometry": {"type": "Point", "coordinates": [150.88836717678797, -34.42900950439547]}}, {"type": "Feature", "properties": {"id": "35622", "fid": 80853422, "name": "Unnamed", "featureType": "HV_SwitchingStation", "city": null, "postcode": null, "voltage": null, "feeder": "SHH2", "address": null, "state": "Inservice", "layer": "hvSwitching"}, "geometry": {"type": "Point", "coordinates": [150.87160403403618, -34.59545811578392]}}, {"type": "Feature", "properties": {"id": "34122", "fid": 79960664, "name": "Unnamed", "featureType": "HV_SwitchingStation", "city": null, "postcode": null, "voltage": null, "feeder": "SC1208", "address": null, "state": "Inservice", "layer": "hvSwitching"}, "geometry": {"type": "Point", "coordinates": [150.85806834808838, -33.70417101478379]}}, {"type": "Feature", "properties": {"id": "55561", "fid": 85660978, "name": "Unnamed", "featureType": "HV_SwitchingStation", "city": null, "postcode": null, "voltage": null, "feeder": "CD1208", "address": null, "state": "Inservice", "layer": "hvSwitching"}, "geometry": {"type": "Point", "coordinates": [150.67808166590567, -34.06007978275115]}}, {"type": "Feature", "properties": {"id": "55758", "fid": 86541310, "name": "Unnamed", "featureType": "HV_SwitchingStation", "city": null, "postcode": null, "voltage": null, "feeder": "SK2232", "address": null, "state": "Inservice", "layer": "hvSwitching"}, "geometry": {"type": "Point", "coordinates": [150.77815554317814, -33.836935882469945]}}, {"type": "Feature", "properties": {"id": "55456", "fid": 85955996, "name": "Unnamed", "featureType": "HV_SwitchingStation", "city": null, "postcode": null, "voltage": null, "feeder": "5498", "address": null, "state": "Inservice", "layer": "hvSwitching"}, "geometry": {"type": "Point", "coordinates": [151.0420483816129, -33.793035542222746]}}, {"type": "Feature", "properties": {"id": "55799", "fid": 85670051, "name": "Unnamed", "featureType": "HV_SwitchingStation", "city": null, "postcode": null, "voltage": null, "feeder": "KC1299", "address": null, "state": "Inservice", "layer": "hvSwitching"}, "geometry": {"type": "Point", "coordinates": [150.73634205901544, -33.88480780351158]}}, {"type": "Feature", "properties": {"id": "54826", "fid": 85876769, "name": "Unnamed", "featureType": "HV_SwitchingStation", "city": null, "postcode": null, "voltage": null, "feeder": "OP1282", "address": null, "state": "Inservice", "layer": "hvSwitching"}, "geometry": {"type": "Point", "coordinates": [150.72563353187735, -34.01996657868985]}}, {"type": "Feature", "properties": {"id": "54533", "fid": 82549657, "name": "Unnamed", "featureType": "HV_SwitchingStation", "city": null, "postcode": null, "voltage": null, "feeder": "54688", "address": null, "state": "Inservice", "layer": "hvSwitching"}, "geometry": {"type": "Point", "coordinates": [150.82213669932466, -33.83077480138381]}}, {"type": "Feature", "properties": {"id": "96921", "fid": 87334695, "name": "Unnamed", "featureType": "HV_SwitchingStation", "city": null, "postcode": null, "voltage": null, "feeder": "SK2252", "address": null, "state": "Inservice", "layer": "hvSwitching"}, "geometry": {"type": "Point", "coordinates": [150.8005816067767, -33.85756573846655]}}, {"type": "Feature", "properties": {"id": "97545", "fid": 89347103, "name": "Unnamed", "featureType": "HV_SwitchingStation", "city": null, "postcode": null, "voltage": null, "feeder": "A322", "address": null, "state": "Inservice", "layer": "hvSwitching"}, "geometry": {"type": "Point", "coordinates": [150.93069600548367, -33.91761127929823]}}, {"type": "Feature", "properties": {"id": "18114", "fid": 83007860, "name": "Unnamed", "featureType": "HV_SwitchingStation", "city": null, "postcode": null, "voltage": null, "feeder": "WX1214", "address": null, "state": "Inservice", "layer": "hvSwitching"}, "geometry": {"type": "Point", "coordinates": [150.89620673652794, -33.84642832784579]}}, {"type": "Feature", "properties": {"id": "15465", "fid": 51219854, "name": "Unnamed", "featureType": "HV_SwitchingStation", "city": null, "postcode": null, "voltage": null, "feeder": "J495", "address": null, "state": "Inservice", "layer": "hvSwitching"}, "geometry": {"type": "Point", "coordinates": [150.84876525590528, -34.04686274653949]}}, {"type": "Feature", "properties": {"id": "55164", "fid": 83388968, "name": "Unnamed", "featureType": "HV_SwitchingStation", "city": null, "postcode": null, "voltage": null, "feeder": "LP1312", "address": null, "state": "Inservice", "layer": "hvSwitching"}, "geometry": {"type": "Point", "coordinates": [150.9288749528791, -33.92040174233603]}}, {"type": "Feature", "properties": {"id": "54798", "fid": 83382001, "name": "Unnamed", "featureType": "HV_SwitchingStation", "city": null, "postcode": null, "voltage": null, "feeder": "9026", "address": null, "state": "Inservice", "layer": "hvSwitching"}, "geometry": {"type": "Point", "coordinates": [150.71167295828394, -33.75894779691242]}}, {"type": "Feature", "properties": {"id": "54992", "fid": 83520624, "name": "Unnamed", "featureType": "HV_SwitchingStation", "city": null, "postcode": null, "voltage": null, "feeder": "54649", "address": null, "state": "Inservice", "layer": "hvSwitching"}, "geometry": {"type": "Point", "coordinates": [150.81819447598042, -33.81130184311352]}}, {"type": "Feature", "properties": {"id": "12418", "fid": 51219930, "name": "Unnamed", "featureType": "HV_SwitchingStation", "city": null, "postcode": null, "voltage": null, "feeder": "DS1286", "address": null, "state": "Inservice", "layer": "hvSwitching"}, "geometry": {"type": "Point", "coordinates": [150.87530301573076, -33.780309296851144]}}, {"type": "Feature", "properties": {"id": "97006", "fid": 89013177, "name": "Unnamed", "featureType": "HV_SwitchingStation", "city": null, "postcode": null, "voltage": null, "feeder": "MM1352", "address": null, "state": "Inservice", "layer": "hvSwitching"}, "geometry": {"type": "Point", "coordinates": [150.77830636380722, -33.83095490955919]}}, {"type": "Feature", "properties": {"id": "54558", "fid": 82699728, "name": "Unnamed", "featureType": "HV_SwitchingStation", "city": null, "postcode": null, "voltage": null, "feeder": "SV1142", "address": null, "state": "Inservice", "layer": "hvSwitching"}, "geometry": {"type": "Point", "coordinates": [150.79515187355634, -34.00857286543892]}}, {"type": "Feature", "properties": {"id": "95518", "fid": 86505353, "name": "Unnamed", "featureType": "HV_SwitchingStation", "city": null, "postcode": null, "voltage": null, "feeder": "KC1247", "address": null, "state": "Inservice", "layer": "hvSwitching"}, "geometry": {"type": "Point", "coordinates": [150.7737419408584, -33.86042353639619]}}, {"type": "Feature", "properties": {"id": "96826", "fid": 87316897, "name": "Unnamed", "featureType": "HV_SwitchingStation", "city": null, "postcode": null, "voltage": null, "feeder": "FF1228", "address": null, "state": "Inservice", "layer": "hvSwitching"}, "geometry": {"type": "Point", "coordinates": [150.96749824385606, -33.864455421382736]}}, {"type": "Feature", "properties": {"id": "96165", "fid": 87087463, "name": "Unnamed", "featureType": "HV_SwitchingStation", "city": null, "postcode": null, "voltage": null, "feeder": "NE1227", "address": null, "state": "Inservice", "layer": "hvSwitching"}, "geometry": {"type": "Point", "coordinates": [150.83071880233902, -33.80007836813991]}}, {"type": "Feature", "properties": {"id": "32933", "fid": 78596210, "name": "Unnamed", "featureType": "HV_SwitchingStation", "city": null, "postcode": null, "voltage": null, "feeder": "APF2", "address": null, "state": "Inservice", "layer": "hvSwitching"}, "geometry": {"type": "Point", "coordinates": [150.7610762018385, -34.574643608316784]}}, {"type": "Feature", "properties": {"id": "33349", "fid": 78621969, "name": "Unnamed", "featureType": "HV_SwitchingStation", "city": null, "postcode": null, "voltage": null, "feeder": "J478", "address": null, "state": "Inservice", "layer": "hvSwitching"}, "geometry": {"type": "Point", "coordinates": [150.8435959496724, -34.04046806238838]}}, {"type": "Feature", "properties": {"id": "33660", "fid": 78859912, "name": "Unnamed", "featureType": "HV_SwitchingStation", "city": null, "postcode": null, "voltage": null, "feeder": "J514", "address": null, "state": "Inservice", "layer": "hvSwitching"}, "geometry": {"type": "Point", "coordinates": [150.89276525386484, -33.99173081516063]}}, {"type": "Feature", "properties": {"id": "33726", "fid": 78898448, "name": "Unnamed", "featureType": "HV_SwitchingStation", "city": null, "postcode": null, "voltage": null, "feeder": "CT1225", "address": null, "state": "Inservice", "layer": "hvSwitching"}, "geometry": {"type": "Point", "coordinates": [150.80582420223527, -34.05100982961915]}}, {"type": "Feature", "properties": {"id": "33702", "fid": 78894534, "name": "Unnamed", "featureType": "HV_SwitchingStation", "city": null, "postcode": null, "voltage": null, "feeder": "J514", "address": null, "state": "Inservice", "layer": "hvSwitching"}, "geometry": {"type": "Point", "coordinates": [150.88382674190325, -33.99710156952238]}}, {"type": "Feature", "properties": {"id": "33742", "fid": 78934047, "name": "Unnamed", "featureType": "HV_SwitchingStation", "city": null, "postcode": null, "voltage": null, "feeder": "J502", "address": null, "state": "Inservice", "layer": "hvSwitching"}, "geometry": {"type": "Point", "coordinates": [150.8118509386234, -34.081776981882285]}}, {"type": "Feature", "properties": {"id": "33673", "fid": 78889147, "name": "Unnamed", "featureType": "HV_SwitchingStation", "city": null, "postcode": null, "voltage": null, "feeder": "J459", "address": null, "state": "Inservice", "layer": "hvSwitching"}, "geometry": {"type": "Point", "coordinates": [150.8074308326764, -34.0273603278608]}}, {"type": "Feature", "properties": {"id": "33728", "fid": 78895541, "name": "Unnamed", "featureType": "HV_SwitchingStation", "city": null, "postcode": null, "voltage": null, "feeder": "RD1233", "address": null, "state": "Inservice", "layer": "hvSwitching"}, "geometry": {"type": "Point", "coordinates": [151.03551069856687, -33.81677270256373]}}, {"type": "Feature", "properties": {"id": "33812", "fid": 79028902, "name": "Unnamed", "featureType": "HV_SwitchingStation", "city": null, "postcode": null, "voltage": null, "feeder": "W182", "address": null, "state": "Inservice", "layer": "hvSwitching"}, "geometry": {"type": "Point", "coordinates": [150.84992061635322, -34.00010854678019]}}, {"type": "Feature", "properties": {"id": "36566", "fid": 82061239, "name": "Unnamed", "featureType": "HV_SwitchingStation", "city": null, "postcode": null, "voltage": null, "feeder": "AZ1298", "address": null, "state": "Inservice", "layer": "hvSwitching"}, "geometry": {"type": "Point", "coordinates": [150.9240105082731, -33.947600880798845]}}, {"type": "Feature", "properties": {"id": "35884", "fid": 82143743, "name": "Unnamed", "featureType": "HV_SwitchingStation", "city": null, "postcode": null, "voltage": null, "feeder": "X881", "address": null, "state": "Inservice", "layer": "hvSwitching"}, "geometry": {"type": "Point", "coordinates": [150.71714353445836, -33.9226842675719]}}, {"type": "Feature", "properties": {"id": "54229", "fid": 82161641, "name": "Unnamed", "featureType": "HV_SwitchingStation", "city": null, "postcode": null, "voltage": null, "feeder": "54677", "address": null, "state": "Inservice", "layer": "hvSwitching"}, "geometry": {"type": "Point", "coordinates": [150.80964524978967, -33.83912675029454]}}, {"type": "Feature", "properties": {"id": "54844", "fid": 82835632, "name": "Unnamed", "featureType": "HV_SwitchingStation", "city": null, "postcode": null, "voltage": null, "feeder": "PH1219", "address": null, "state": "Inservice", "layer": "hvSwitching"}, "geometry": {"type": "Point", "coordinates": [150.7059501762442, -33.73898045964129]}}, {"type": "Feature", "properties": {"id": "96018", "fid": 86589969, "name": "Unnamed", "featureType": "HV_SwitchingStation", "city": null, "postcode": null, "voltage": null, "feeder": "SK2122", "address": null, "state": "Inservice", "layer": "hvSwitching"}, "geometry": {"type": "Point", "coordinates": [150.7999742151431, -33.83934911664444]}}, {"type": "Feature", "properties": {"id": "96829", "fid": 87373454, "name": "Unnamed", "featureType": "HV_SwitchingStation", "city": null, "postcode": null, "voltage": null, "feeder": "SY1152", "address": null, "state": "Inservice", "layer": "hvSwitching"}, "geometry": {"type": "Point", "coordinates": [150.82052696359543, -33.79456194776556]}}, {"type": "Feature", "properties": {"id": "96352", "fid": 86737846, "name": "Unnamed", "featureType": "HV_SwitchingStation", "city": null, "postcode": null, "voltage": null, "feeder": "35004", "address": null, "state": "Inservice", "layer": "hvSwitching"}, "geometry": {"type": "Point", "coordinates": [150.925547518658, -33.81350104131193]}}, {"type": "Feature", "properties": {"id": "96681", "fid": 87153152, "name": "Unnamed", "featureType": "HV_SwitchingStation", "city": null, "postcode": null, "voltage": null, "feeder": "54647", "address": null, "state": "Inservice", "layer": "hvSwitching"}, "geometry": {"type": "Point", "coordinates": [150.8280479036574, -33.82444018990672]}}, {"type": "Feature", "properties": {"id": "96943", "fid": 88385493, "name": "Unnamed", "featureType": "HV_SwitchingStation", "city": null, "postcode": null, "voltage": null, "feeder": "SK2252", "address": null, "state": "Inservice", "layer": "hvSwitching"}, "geometry": {"type": "Point", "coordinates": [150.80330571641832, -33.84404707950031]}}, {"type": "Feature", "properties": {"id": "96944", "fid": 88385524, "name": "Unnamed", "featureType": "HV_SwitchingStation", "city": null, "postcode": null, "voltage": null, "feeder": "SK2252", "address": null, "state": "Inservice", "layer": "hvSwitching"}, "geometry": {"type": "Point", "coordinates": [150.80251125276288, -33.84581462419536]}}, {"type": "Feature", "properties": {"id": "96704", "fid": 89010116, "name": "Unnamed", "featureType": "HV_SwitchingStation", "city": null, "postcode": null, "voltage": null, "feeder": "19816", "address": null, "state": "Inservice", "layer": "hvSwitching"}, "geometry": {"type": "Point", "coordinates": [150.98405045534764, -33.71235782721453]}}, {"type": "Feature", "properties": {"id": "54653", "fid": 82650281, "name": "Unnamed", "featureType": "HV_SwitchingStation", "city": null, "postcode": null, "voltage": null, "feeder": "RS1262", "address": null, "state": "Inservice", "layer": "hvSwitching"}, "geometry": {"type": "Point", "coordinates": [151.02384298416877, -33.8186265099764]}}, {"type": "Feature", "properties": {"id": "54654", "fid": 82650287, "name": "Unnamed", "featureType": "HV_SwitchingStation", "city": null, "postcode": null, "voltage": null, "feeder": "RS1262", "address": null, "state": "Inservice", "layer": "hvSwitching"}, "geometry": {"type": "Point", "coordinates": [151.02390020298813, -33.818625831084724]}}, {"type": "Feature", "properties": {"id": "54911", "fid": 83322381, "name": "Unnamed", "featureType": "HV_SwitchingStation", "city": null, "postcode": null, "voltage": null, "feeder": "AZ1298", "address": null, "state": "Inservice", "layer": "hvSwitching"}, "geometry": {"type": "Point", "coordinates": [150.9235619333476, -33.944352745483016]}}, {"type": "Feature", "properties": {"id": "13420", "fid": 51219836, "name": "Unnamed", "featureType": "HV_SwitchingStation", "city": null, "postcode": null, "voltage": null, "feeder": "J472", "address": null, "state": "Inservice", "layer": "hvSwitching"}, "geometry": {"type": "Point", "coordinates": [150.83941380877363, -34.02589461932922]}}, {"type": "Feature", "properties": {"id": "9633", "fid": 51219893, "name": "Unnamed", "featureType": "HV_SwitchingStation", "city": null, "postcode": null, "voltage": null, "feeder": "HT1293", "address": null, "state": "Inservice", "layer": "hvSwitching"}, "geometry": {"type": "Point", "coordinates": [150.87357548723574, -33.800322268786026]}}, {"type": "Feature", "properties": {"id": "9995", "fid": 51219935, "name": "Unnamed", "featureType": "HV_SwitchingStation", "city": null, "postcode": null, "voltage": null, "feeder": "T883", "address": null, "state": "Inservice", "layer": "hvSwitching"}, "geometry": {"type": "Point", "coordinates": [150.85492127701696, -33.73893295838216]}}, {"type": "Feature", "properties": {"id": "8065", "fid": 51219953, "name": "Unnamed", "featureType": "HV_SwitchingStation", "city": null, "postcode": null, "voltage": null, "feeder": "8614", "address": null, "state": "Inservice", "layer": "hvSwitching"}, "geometry": {"type": "Point", "coordinates": [150.94887258017897, -33.77459873508559]}}, {"type": "Feature", "properties": {"id": "18382", "fid": 51219977, "name": "Unnamed", "featureType": "HV_SwitchingStation", "city": null, "postcode": null, "voltage": null, "feeder": "5494", "address": null, "state": "Inservice", "layer": "hvSwitching"}, "geometry": {"type": "Point", "coordinates": [151.040006093221, -33.7855651120762]}}, {"type": "Feature", "properties": {"id": "22671", "fid": 60229053, "name": "Unnamed", "featureType": "HV_SwitchingStation", "city": null, "postcode": null, "voltage": null, "feeder": "TM1217", "address": null, "state": "Inservice", "layer": "hvSwitching"}, "geometry": {"type": "Point", "coordinates": [150.61043050888412, -35.090930775931994]}}, {"type": "Feature", "properties": {"id": "23414", "fid": 61448312, "name": "Unnamed", "featureType": "HV_SwitchingStation", "city": null, "postcode": null, "voltage": null, "feeder": "48203", "address": null, "state": "Inservice", "layer": "hvSwitching"}, "geometry": {"type": "Point", "coordinates": [150.85108912362003, -33.920939547723]}}, {"type": "Feature", "properties": {"id": "27569", "fid": 66088621, "name": "Unnamed", "featureType": "HV_SwitchingStation", "city": null, "postcode": null, "voltage": null, "feeder": "GL1233", "address": null, "state": "Inservice", "layer": "hvSwitching"}, "geometry": {"type": "Point", "coordinates": [151.0076698146981, -33.60188576114656]}}, {"type": "Feature", "properties": {"id": "15289", "fid": 51219840, "name": "Unnamed", "featureType": "HV_SwitchingStation", "city": null, "postcode": null, "voltage": null, "feeder": "J483", "address": null, "state": "Inservice", "layer": "hvSwitching"}, "geometry": {"type": "Point", "coordinates": [150.83882340046503, -34.027231038364725]}}, {"type": "Feature", "properties": {"id": "15450", "fid": 51219871, "name": "Unnamed", "featureType": "HV_SwitchingStation", "city": null, "postcode": null, "voltage": null, "feeder": "J510", "address": null, "state": "Inservice", "layer": "hvSwitching"}, "geometry": {"type": "Point", "coordinates": [150.90603789868595, -33.97557304937527]}}, {"type": "Feature", "properties": {"id": "17676", "fid": 51219881, "name": "Unnamed", "featureType": "HV_SwitchingStation", "city": null, "postcode": null, "voltage": null, "feeder": "LP1432", "address": null, "state": "Inservice", "layer": "hvSwitching"}, "geometry": {"type": "Point", "coordinates": [150.9204737508189, -33.91941535782773]}}, {"type": "Feature", "properties": {"id": "18221", "fid": 51219882, "name": "Unnamed", "featureType": "HV_SwitchingStation", "city": null, "postcode": null, "voltage": null, "feeder": "LP1122", "address": null, "state": "Inservice", "layer": "hvSwitching"}, "geometry": {"type": "Point", "coordinates": [150.93469372542722, -33.921461855405]}}, {"type": "Feature", "properties": {"id": "42450", "fid": 51219990, "name": "Unnamed", "featureType": "HV_SwitchingStation", "city": null, "postcode": null, "voltage": null, "feeder": "KMD2", "address": null, "state": "Inservice", "layer": "hvSwitching"}, "geometry": {"type": "Point", "coordinates": [150.85711050094764, -34.67168927611078]}}, {"type": "Feature", "properties": {"id": "19357", "fid": 51220026, "name": "Unnamed", "featureType": "HV_SwitchingStation", "city": null, "postcode": null, "voltage": null, "feeder": "MVH2", "address": null, "state": "Inservice", "layer": "hvSwitching"}, "geometry": {"type": "Point", "coordinates": [150.36015787604876, -34.55148317274951]}}, {"type": "Feature", "properties": {"id": "20592", "fid": 51220039, "name": "Unnamed", "featureType": "HV_SwitchingStation", "city": null, "postcode": null, "voltage": null, "feeder": "BWK2", "address": null, "state": "Inservice", "layer": "hvSwitching"}, "geometry": {"type": "Point", "coordinates": [150.43761962120846, -34.496618494834415]}}, {"type": "Feature", "properties": {"id": "23059", "fid": 60142773, "name": "Unnamed", "featureType": "HV_SwitchingStation", "city": null, "postcode": null, "voltage": null, "feeder": "DP1258", "address": null, "state": "Inservice", "layer": "hvSwitching"}, "geometry": {"type": "Point", "coordinates": [150.8207064115211, -34.48873664222279]}}, {"type": "Feature", "properties": {"id": "26282", "fid": 64510927, "name": "Unnamed", "featureType": "HV_SwitchingStation", "city": null, "postcode": null, "voltage": null, "feeder": "54656", "address": null, "state": "Inservice", "layer": "hvSwitching"}, "geometry": {"type": "Point", "coordinates": [150.83754635474497, -33.814208244889315]}}, {"type": "Feature", "properties": {"id": "26638", "fid": 64576113, "name": "Unnamed", "featureType": "HV_SwitchingStation", "city": null, "postcode": null, "voltage": null, "feeder": "S327", "address": null, "state": "Inservice", "layer": "hvSwitching"}, "geometry": {"type": "Point", "coordinates": [150.97820982660207, -33.72870841862315]}}, {"type": "Feature", "properties": {"id": "28102", "fid": 66459868, "name": "Unnamed", "featureType": "HV_SwitchingStation", "city": null, "postcode": null, "voltage": null, "feeder": "55171", "address": null, "state": "Inservice", "layer": "hvSwitching"}, "geometry": {"type": "Point", "coordinates": [150.77466635245872, -34.02572420537656]}}, {"type": "Feature", "properties": {"id": "28381", "fid": 66755745, "name": "Unnamed", "featureType": "HV_SwitchingStation", "city": null, "postcode": null, "voltage": null, "feeder": "WQ1260", "address": null, "state": "Inservice", "layer": "hvSwitching"}, "geometry": {"type": "Point", "coordinates": [150.9271377649536, -33.84195710015268]}}, {"type": "Feature", "properties": {"id": "28651", "fid": 66861352, "name": "Unnamed", "featureType": "HV_SwitchingStation", "city": null, "postcode": null, "voltage": null, "feeder": "LP1342", "address": null, "state": "Inservice", "layer": "hvSwitching"}, "geometry": {"type": "Point", "coordinates": [150.92423721637905, -33.923631734398256]}}, {"type": "Feature", "properties": {"id": "28708", "fid": 66954430, "name": "Unnamed", "featureType": "HV_SwitchingStation", "city": null, "postcode": null, "voltage": null, "feeder": "27500", "address": null, "state": "Inservice", "layer": "hvSwitching"}, "geometry": {"type": "Point", "coordinates": [150.92367406512452, -33.82242875831635]}}, {"type": "Feature", "properties": {"id": "28916", "fid": 67083539, "name": "Unnamed", "featureType": "HV_SwitchingStation", "city": null, "postcode": null, "voltage": null, "feeder": "54697", "address": null, "state": "Inservice", "layer": "hvSwitching"}, "geometry": {"type": "Point", "coordinates": [150.84772233944668, -33.81710087872248]}}, {"type": "Feature", "properties": {"id": "29647", "fid": 77429454, "name": "Unnamed", "featureType": "HV_SwitchingStation", "city": null, "postcode": null, "voltage": null, "feeder": "NN1207", "address": null, "state": "Inservice", "layer": "hvSwitching"}, "geometry": {"type": "Point", "coordinates": [150.72451883640517, -34.054944243293995]}}, {"type": "Feature", "properties": {"id": "29157", "fid": 77412294, "name": "Unnamed", "featureType": "HV_SwitchingStation", "city": null, "postcode": null, "voltage": null, "feeder": "MM1272", "address": null, "state": "Inservice", "layer": "hvSwitching"}, "geometry": {"type": "Point", "coordinates": [150.79657454404204, -33.816309628491084]}}, {"type": "Feature", "properties": {"id": "29158", "fid": 77412317, "name": "Unnamed", "featureType": "HV_SwitchingStation", "city": null, "postcode": null, "voltage": null, "feeder": "MM1182", "address": null, "state": "Inservice", "layer": "hvSwitching"}, "geometry": {"type": "Point", "coordinates": [150.7963910244585, -33.816795022603856]}}, {"type": "Feature", "properties": {"id": "29950", "fid": 77813592, "name": "Unnamed", "featureType": "HV_SwitchingStation", "city": null, "postcode": null, "voltage": null, "feeder": "GG1269", "address": null, "state": "Inservice", "layer": "hvSwitching"}, "geometry": {"type": "Point", "coordinates": [150.80868097520158, -34.76994276045023]}}, {"type": "Feature", "properties": {"id": "32285", "fid": 78081429, "name": "Unnamed", "featureType": "HV_SwitchingStation", "city": null, "postcode": null, "voltage": null, "feeder": "NA1214", "address": null, "state": "Inservice", "layer": "hvSwitching"}, "geometry": {"type": "Point", "coordinates": [150.60139977790237, -34.875390203456526]}}, {"type": "Feature", "properties": {"id": "32561", "fid": 78272857, "name": "Unnamed", "featureType": "HV_SwitchingStation", "city": null, "postcode": null, "voltage": null, "feeder": "NA1236", "address": null, "state": "Inservice", "layer": "hvSwitching"}, "geometry": {"type": "Point", "coordinates": [150.6268809460371, -34.90262894252842]}}, {"type": "Feature", "properties": {"id": "33081", "fid": 78487770, "name": "Unnamed", "featureType": "HV_SwitchingStation", "city": null, "postcode": null, "voltage": null, "feeder": "LL1122", "address": null, "state": "Inservice", "layer": "hvSwitching"}, "geometry": {"type": "Point", "coordinates": [150.9169891236157, -33.7779479534167]}}, {"type": "Feature", "properties": {"id": "33756", "fid": 78919643, "name": "Unnamed", "featureType": "HV_SwitchingStation", "city": null, "postcode": null, "voltage": null, "feeder": "W185", "address": null, "state": "Inservice", "layer": "hvSwitching"}, "geometry": {"type": "Point", "coordinates": [150.83748723035188, -34.011857366219246]}}, {"type": "Feature", "properties": {"id": "33381", "fid": 78989061, "name": "Unnamed", "featureType": "HV_SwitchingStation", "city": null, "postcode": null, "voltage": null, "feeder": "27341", "address": null, "state": "Inservice", "layer": "hvSwitching"}, "geometry": {"type": "Point", "coordinates": [150.86849985488814, -34.00885804913551]}}, {"type": "Feature", "properties": {"id": "34555", "fid": 79810167, "name": "Unnamed", "featureType": "HV_SwitchingStation", "city": null, "postcode": null, "voltage": null, "feeder": "W183", "address": null, "state": "Inservice", "layer": "hvSwitching"}, "geometry": {"type": "Point", "coordinates": [150.84498936530883, -34.000756472417926]}}, {"type": "Feature", "properties": {"id": "35609", "fid": 80508754, "name": "Unnamed", "featureType": "HV_SwitchingStation", "city": null, "postcode": null, "voltage": null, "feeder": "HT1279", "address": null, "state": "Inservice", "layer": "hvSwitching"}, "geometry": {"type": "Point", "coordinates": [150.8808910786889, -33.797972033909105]}}, {"type": "Feature", "properties": {"id": "35763", "fid": 81306204, "name": "Unnamed", "featureType": "HV_SwitchingStation", "city": null, "postcode": null, "voltage": null, "feeder": "35984", "address": null, "state": "Inservice", "layer": "hvSwitching"}, "geometry": {"type": "Point", "coordinates": [150.64864318296762, -34.19791255328213]}}, {"type": "Feature", "properties": {"id": "53966", "fid": 81871540, "name": "Unnamed", "featureType": "HV_SwitchingStation", "city": null, "postcode": null, "voltage": null, "feeder": "54669", "address": null, "state": "Inservice", "layer": "hvSwitching"}, "geometry": {"type": "Point", "coordinates": [150.80855507846462, -33.83463647171086]}}, {"type": "Feature", "properties": {"id": "33094", "fid": 78682609, "name": "Unnamed", "featureType": "HV_SwitchingStation", "city": null, "postcode": null, "voltage": null, "feeder": "SHF2", "address": null, "state": "Inservice", "layer": "hvSwitching"}, "geometry": {"type": "Point", "coordinates": [150.84324951716425, -34.56658019376871]}}, {"type": "Feature", "properties": {"id": "33438", "fid": 78700098, "name": "Unnamed", "featureType": "HV_SwitchingStation", "city": null, "postcode": null, "voltage": null, "feeder": "J506", "address": null, "state": "Inservice", "layer": "hvSwitching"}, "geometry": {"type": "Point", "coordinates": [150.876120407848, -34.00160226868322]}}, {"type": "Feature", "properties": {"id": "25750", "fid": 64128197, "name": "Unnamed", "featureType": "HV_SwitchingStation", "city": null, "postcode": null, "voltage": null, "feeder": "NA1281", "address": null, "state": "Inservice", "layer": "hvSwitching"}, "geometry": {"type": "Point", "coordinates": [150.61384197907006, -34.89594703337827]}}, {"type": "Feature", "properties": {"id": "33727", "fid": 78878205, "name": "Unnamed", "featureType": "HV_SwitchingStation", "city": null, "postcode": null, "voltage": null, "feeder": "NN1285", "address": null, "state": "Inservice", "layer": "hvSwitching"}, "geometry": {"type": "Point", "coordinates": [150.71102581781994, -34.06305476502274]}}, {"type": "Feature", "properties": {"id": "33388", "fid": 78819497, "name": "Unnamed", "featureType": "HV_SwitchingStation", "city": null, "postcode": null, "voltage": null, "feeder": "27341", "address": null, "state": "Inservice", "layer": "hvSwitching"}, "geometry": {"type": "Point", "coordinates": [150.8651459971455, -34.0132407679992]}}, {"type": "Feature", "properties": {"id": "34323", "fid": 79547251, "name": "Unnamed", "featureType": "HV_SwitchingStation", "city": null, "postcode": null, "voltage": null, "feeder": "A317", "address": null, "state": "Inservice", "layer": "hvSwitching"}, "geometry": {"type": "Point", "coordinates": [150.92505988702501, -33.91407465007465]}}, {"type": "Feature", "properties": {"id": "33709", "fid": 78889465, "name": "Unnamed", "featureType": "HV_SwitchingStation", "city": null, "postcode": null, "voltage": null, "feeder": "J474", "address": null, "state": "Inservice", "layer": "hvSwitching"}, "geometry": {"type": "Point", "coordinates": [150.81466433488376, -34.05269820902652]}}, {"type": "Feature", "properties": {"id": "33740", "fid": 78889374, "name": "Unnamed", "featureType": "HV_SwitchingStation", "city": null, "postcode": null, "voltage": null, "feeder": "J468", "address": null, "state": "Inservice", "layer": "hvSwitching"}, "geometry": {"type": "Point", "coordinates": [150.80739043121682, -34.02874266760956]}}, {"type": "Feature", "properties": {"id": "36481", "fid": 81169886, "name": "Unnamed", "featureType": "HV_SwitchingStation", "city": null, "postcode": null, "voltage": null, "feeder": "MM1272", "address": null, "state": "Inservice", "layer": "hvSwitching"}, "geometry": {"type": "Point", "coordinates": [150.79627029905876, -33.81714015813513]}}, {"type": "Feature", "properties": {"id": "35883", "fid": 82143685, "name": "Unnamed", "featureType": "HV_SwitchingStation", "city": null, "postcode": null, "voltage": null, "feeder": "X881", "address": null, "state": "Inservice", "layer": "hvSwitching"}, "geometry": {"type": "Point", "coordinates": [150.72725466204733, -33.931597662403554]}}, {"type": "Feature", "properties": {"id": "35815", "fid": 81267311, "name": "Unnamed", "featureType": "HV_SwitchingStation", "city": null, "postcode": null, "voltage": null, "feeder": "OP1112", "address": null, "state": "Inservice", "layer": "hvSwitching"}, "geometry": {"type": "Point", "coordinates": [150.73510529301979, -33.97809208389709]}}, {"type": "Feature", "properties": {"id": "35842", "fid": 81290319, "name": "Unnamed", "featureType": "HV_SwitchingStation", "city": null, "postcode": null, "voltage": null, "feeder": "X883", "address": null, "state": "Inservice", "layer": "hvSwitching"}, "geometry": {"type": "Point", "coordinates": [150.73907615830134, -33.95205642437596]}}, {"type": "Feature", "properties": {"id": "53848", "fid": 82163372, "name": "Unnamed", "featureType": "HV_SwitchingStation", "city": null, "postcode": null, "voltage": null, "feeder": "9034", "address": null, "state": "Inservice", "layer": "hvSwitching"}, "geometry": {"type": "Point", "coordinates": [150.7155565417942, -33.7601981708977]}}, {"type": "Feature", "properties": {"id": "36498", "fid": 81184004, "name": "Unnamed", "featureType": "HV_SwitchingStation", "city": null, "postcode": null, "voltage": null, "feeder": "UNA2", "address": null, "state": "Inservice", "layer": "hvSwitching"}, "geometry": {"type": "Point", "coordinates": [150.85750878884596, -34.4635437879714]}}, {"type": "Feature", "properties": {"id": "55373", "fid": 83371144, "name": "Unnamed", "featureType": "HV_SwitchingStation", "city": null, "postcode": null, "voltage": null, "feeder": "MM1372", "address": null, "state": "Inservice", "layer": "hvSwitching"}, "geometry": {"type": "Point", "coordinates": [150.80008037769207, -33.827665978711565]}}, {"type": "Feature", "properties": {"id": "55630", "fid": 83689643, "name": "Unnamed", "featureType": "HV_SwitchingStation", "city": null, "postcode": null, "voltage": null, "feeder": "54684", "address": null, "state": "Inservice", "layer": "hvSwitching"}, "geometry": {"type": "Point", "coordinates": [150.82289110630677, -33.83404005520286]}}, {"type": "Feature", "properties": {"id": "95333", "fid": 85847535, "name": "Unnamed", "featureType": "HV_SwitchingStation", "city": null, "postcode": null, "voltage": null, "feeder": "35004", "address": null, "state": "Inservice", "layer": "hvSwitching"}, "geometry": {"type": "Point", "coordinates": [150.92514814227303, -33.80898238528483]}}, {"type": "Feature", "properties": {"id": "54915", "fid": 85542704, "name": "Unnamed", "featureType": "HV_SwitchingStation", "city": null, "postcode": null, "voltage": null, "feeder": "NE1245", "address": null, "state": "Inservice", "layer": "hvSwitching"}, "geometry": {"type": "Point", "coordinates": [150.83794700108112, -33.81045482545367]}}, {"type": "Feature", "properties": {"id": "54914", "fid": 85542707, "name": "Unnamed", "featureType": "HV_SwitchingStation", "city": null, "postcode": null, "voltage": null, "feeder": "NE1286", "address": null, "state": "Inservice", "layer": "hvSwitching"}, "geometry": {"type": "Point", "coordinates": [150.8379329713698, -33.81034659501309]}}, {"type": "Feature", "properties": {"id": "95546", "fid": 86603268, "name": "Unnamed", "featureType": "HV_SwitchingStation", "city": null, "postcode": null, "voltage": null, "feeder": "D850", "address": null, "state": "Inservice", "layer": "hvSwitching"}, "geometry": {"type": "Point", "coordinates": [150.9400707271023, -33.88925763780274]}}, {"type": "Feature", "properties": {"id": "55371", "fid": 85601094, "name": "Unnamed", "featureType": "HV_SwitchingStation", "city": null, "postcode": null, "voltage": null, "feeder": "WP1241", "address": null, "state": "Inservice", "layer": "hvSwitching"}, "geometry": {"type": "Point", "coordinates": [151.00410058135202, -33.81435331352692]}}, {"type": "Feature", "properties": {"id": "97307", "fid": 89396408, "name": "Unnamed", "featureType": "HV_SwitchingStation", "city": null, "postcode": null, "voltage": null, "feeder": "KC1236", "address": null, "state": "Inservice", "layer": "hvSwitching"}, "geometry": {"type": "Point", "coordinates": [150.71752643331632, -33.871775261429875]}}, {"type": "Feature", "properties": {"id": "55885", "fid": 85750570, "name": "Unnamed", "featureType": "HV_SwitchingStation", "city": null, "postcode": null, "voltage": null, "feeder": "KC1288", "address": null, "state": "Inservice", "layer": "hvSwitching"}, "geometry": {"type": "Point", "coordinates": [150.78032529160703, -33.83250716990379]}}, {"type": "Feature", "properties": {"id": "27718", "fid": 66115358, "name": "Unnamed", "featureType": "HV_SwitchingStation", "city": null, "postcode": null, "voltage": null, "feeder": "ULL2", "address": null, "state": "Inservice", "layer": "hvSwitching"}, "geometry": {"type": "Point", "coordinates": [150.3836661214732, -35.53677798033682]}}, {"type": "Feature", "properties": {"id": "96606", "fid": 86914903, "name": "Unnamed", "featureType": "HV_SwitchingStation", "city": null, "postcode": null, "voltage": null, "feeder": "NE1290", "address": null, "state": "Inservice", "layer": "hvSwitching"}, "geometry": {"type": "Point", "coordinates": [150.85718481433526, -33.801243230552565]}}, {"type": "Feature", "properties": {"id": "97439", "fid": 88674438, "name": "Unnamed", "featureType": "HV_SwitchingStation", "city": null, "postcode": null, "voltage": null, "feeder": "J473", "address": null, "state": "Inservice", "layer": "hvSwitching"}, "geometry": {"type": "Point", "coordinates": [150.81761999098424, -34.0294712926761]}}, {"type": "Feature", "properties": {"id": "55272", "fid": 85945529, "name": "Unnamed", "featureType": "HV_SwitchingStation", "city": null, "postcode": null, "voltage": null, "feeder": "WP1290", "address": null, "state": "Inservice", "layer": "hvSwitching"}, "geometry": {"type": "Point", "coordinates": [151.00673163389584, -33.81507171788523]}}, {"type": "Feature", "properties": {"id": "97153", "fid": 88342591, "name": "Unnamed", "featureType": "HV_SwitchingStation", "city": null, "postcode": null, "voltage": null, "feeder": "MM1342", "address": null, "state": "Inservice", "layer": "hvSwitching"}, "geometry": {"type": "Point", "coordinates": [150.8099827963112, -33.81762177679827]}}, {"type": "Feature", "properties": {"id": "95908", "fid": 86760147, "name": "Unnamed", "featureType": "HV_SwitchingStation", "city": null, "postcode": null, "voltage": null, "feeder": "HS1122", "address": null, "state": "Inservice", "layer": "hvSwitching"}, "geometry": {"type": "Point", "coordinates": [150.85212563854253, -33.82247271863256]}}, {"type": "Feature", "properties": {"id": "96597", "fid": 88731005, "name": "Unnamed", "featureType": "HV_SwitchingStation", "city": null, "postcode": null, "voltage": null, "feeder": "MR2270", "address": null, "state": "Inservice", "layer": "hvSwitching"}, "geometry": {"type": "Point", "coordinates": [150.9250132126056, -33.67182348926886]}}, {"type": "Feature", "properties": {"id": "97220", "fid": 88744333, "name": "Unnamed", "featureType": "HV_SwitchingStation", "city": null, "postcode": null, "voltage": null, "feeder": "PH1201", "address": null, "state": "Inservice", "layer": "hvSwitching"}, "geometry": {"type": "Point", "coordinates": [150.686354657451, -33.74391196281828]}}, {"type": "Feature", "properties": {"id": "55018", "fid": 83175408, "name": "Unnamed", "featureType": "HV_SwitchingStation", "city": null, "postcode": null, "voltage": null, "feeder": "WL1259", "address": null, "state": "Inservice", "layer": "hvSwitching"}, "geometry": {"type": "Point", "coordinates": [150.86856768713957, -33.938386074442654]}}, {"type": "Feature", "properties": {"id": "55504", "fid": 83631744, "name": "Unnamed", "featureType": "HV_SwitchingStation", "city": null, "postcode": null, "voltage": null, "feeder": "25744", "address": null, "state": "Inservice", "layer": "hvSwitching"}, "geometry": {"type": "Point", "coordinates": [150.83205996116678, -33.949822002539605]}}, {"type": "Feature", "properties": {"id": "95869", "fid": 86434876, "name": "Unnamed", "featureType": "HV_SwitchingStation", "city": null, "postcode": null, "voltage": null, "feeder": "SK2242", "address": null, "state": "Inservice", "layer": "hvSwitching"}, "geometry": {"type": "Point", "coordinates": [150.7887392761174, -33.844516677012614]}}, {"type": "Feature", "properties": {"id": "95519", "fid": 86356984, "name": "Unnamed", "featureType": "HV_SwitchingStation", "city": null, "postcode": null, "voltage": null, "feeder": "M168", "address": null, "state": "Inservice", "layer": "hvSwitching"}, "geometry": {"type": "Point", "coordinates": [150.92543547094672, -33.83577595051911]}}, {"type": "Feature", "properties": {"id": "97305", "fid": 88651782, "name": "Unnamed", "featureType": "HV_SwitchingStation", "city": null, "postcode": null, "voltage": null, "feeder": "27038", "address": null, "state": "Inservice", "layer": "hvSwitching"}, "geometry": {"type": "Point", "coordinates": [150.76371595695434, -34.04260123353405]}}, {"type": "Feature", "properties": {"id": "55391", "fid": 83588633, "name": "Unnamed", "featureType": "HV_SwitchingStation", "city": null, "postcode": null, "voltage": null, "feeder": "MM1302", "address": null, "state": "Inservice", "layer": "hvSwitching"}, "geometry": {"type": "Point", "coordinates": [150.79820382892973, -33.817786251190505]}}, {"type": "Feature", "properties": {"id": "55805", "fid": 85818851, "name": "Unnamed", "featureType": "HV_SwitchingStation", "city": null, "postcode": null, "voltage": null, "feeder": "SK2112", "address": null, "state": "Inservice", "layer": "hvSwitching"}, "geometry": {"type": "Point", "coordinates": [150.77310926433364, -33.83466689095804]}}, {"type": "Feature", "properties": {"id": "55254", "fid": 85609747, "name": "Unnamed", "featureType": "HV_SwitchingStation", "city": null, "postcode": null, "voltage": null, "feeder": "LP1442", "address": null, "state": "Inservice", "layer": "hvSwitching"}, "geometry": {"type": "Point", "coordinates": [150.9305040976037, -33.918853878134264]}}, {"type": "Feature", "properties": {"id": "54303", "fid": 82929337, "name": "Unnamed", "featureType": "HV_SwitchingStation", "city": null, "postcode": null, "voltage": null, "feeder": "CT1259", "address": null, "state": "Inservice", "layer": "hvSwitching"}, "geometry": {"type": "Point", "coordinates": [150.80823765614153, -34.077232584494304]}}, {"type": "Feature", "properties": {"id": "96100", "fid": 86774499, "name": "Unnamed", "featureType": "HV_SwitchingStation", "city": null, "postcode": null, "voltage": null, "feeder": "NE1208", "address": null, "state": "Inservice", "layer": "hvSwitching"}, "geometry": {"type": "Point", "coordinates": [150.8543510662378, -33.802165079842545]}}, {"type": "Feature", "properties": {"id": "55599", "fid": 83609735, "name": "Unnamed", "featureType": "HV_SwitchingStation", "city": null, "postcode": null, "voltage": null, "feeder": "SQ1222", "address": null, "state": "Inservice", "layer": "hvSwitching"}, "geometry": {"type": "Point", "coordinates": [150.82610859510928, -33.72195600096067]}}, {"type": "Feature", "properties": {"id": "54712", "fid": 83250350, "name": "Unnamed", "featureType": "HV_SwitchingStation", "city": null, "postcode": null, "voltage": null, "feeder": "54665", "address": null, "state": "Inservice", "layer": "hvSwitching"}, "geometry": {"type": "Point", "coordinates": [150.82563770493584, -33.82646146534454]}}, {"type": "Feature", "properties": {"id": "9869", "fid": 51219918, "name": "Unnamed", "featureType": "HV_SwitchingStation", "city": null, "postcode": null, "voltage": null, "feeder": "RS1203", "address": null, "state": "Inservice", "layer": "hvSwitching"}, "geometry": {"type": "Point", "coordinates": [151.01377563838884, -33.83098961825819]}}, {"type": "Feature", "properties": {"id": "23376", "fid": 60319425, "name": "Unnamed", "featureType": "HV_SwitchingStation", "city": null, "postcode": null, "voltage": null, "feeder": "35004", "address": null, "state": "Inservice", "layer": "hvSwitching"}, "geometry": {"type": "Point", "coordinates": [150.9217035944915, -33.812365834404545]}}, {"type": "Feature", "properties": {"id": "23913", "fid": 62675295, "name": "Unnamed", "featureType": "HV_SwitchingStation", "city": null, "postcode": null, "voltage": null, "feeder": "CA1236", "address": null, "state": "Inservice", "layer": "hvSwitching"}, "geometry": {"type": "Point", "coordinates": [150.9061619177295, -33.945962940381214]}}, {"type": "Feature", "properties": {"id": "26626", "fid": 64923341, "name": "Unnamed", "featureType": "HV_SwitchingStation", "city": null, "postcode": null, "voltage": null, "feeder": "49001", "address": null, "state": "Inservice", "layer": "hvSwitching"}, "geometry": {"type": "Point", "coordinates": [150.87306664380853, -33.73614042184909]}}, {"type": "Feature", "properties": {"id": "15491", "fid": 51219810, "name": "Unnamed", "featureType": "HV_SwitchingStation", "city": null, "postcode": null, "voltage": null, "feeder": "CT1206", "address": null, "state": "Inservice", "layer": "hvSwitching"}, "geometry": {"type": "Point", "coordinates": [150.80063645080915, -34.08729434706421]}}, {"type": "Feature", "properties": {"id": "15419", "fid": 51219813, "name": "Unnamed", "featureType": "HV_SwitchingStation", "city": null, "postcode": null, "voltage": null, "feeder": "J500", "address": null, "state": "Inservice", "layer": "hvSwitching"}, "geometry": {"type": "Point", "coordinates": [150.8102976663825, -34.089153696048896]}}, {"type": "Feature", "properties": {"id": "15407", "fid": 51219821, "name": "Unnamed", "featureType": "HV_SwitchingStation", "city": null, "postcode": null, "voltage": null, "feeder": "J503", "address": null, "state": "Inservice", "layer": "hvSwitching"}, "geometry": {"type": "Point", "coordinates": [150.8146793408233, -34.091795835368806]}}, {"type": "Feature", "properties": {"id": "15463", "fid": 51219842, "name": "Unnamed", "featureType": "HV_SwitchingStation", "city": null, "postcode": null, "voltage": null, "feeder": "J478", "address": null, "state": "Inservice", "layer": "hvSwitching"}, "geometry": {"type": "Point", "coordinates": [150.86117026005965, -34.02432932574214]}}, {"type": "Feature", "properties": {"id": "15448", "fid": 51219862, "name": "Unnamed", "featureType": "HV_SwitchingStation", "city": null, "postcode": null, "voltage": null, "feeder": "J514", "address": null, "state": "Inservice", "layer": "hvSwitching"}, "geometry": {"type": "Point", "coordinates": [150.8923067722278, -33.994490503206286]}}, {"type": "Feature", "properties": {"id": "15449", "fid": 51219864, "name": "Unnamed", "featureType": "HV_SwitchingStation", "city": null, "postcode": null, "voltage": null, "feeder": "J514", "address": null, "state": "Inservice", "layer": "hvSwitching"}, "geometry": {"type": "Point", "coordinates": [150.89838092295128, -33.99474896865399]}}, {"type": "Feature", "properties": {"id": "17608", "fid": 51219883, "name": "Unnamed", "featureType": "HV_SwitchingStation", "city": null, "postcode": null, "voltage": null, "feeder": "A326", "address": null, "state": "Inservice", "layer": "hvSwitching"}, "geometry": {"type": "Point", "coordinates": [150.93285361330203, -33.916472789754]}}, {"type": "Feature", "properties": {"id": "18096", "fid": 51219892, "name": "Unnamed", "featureType": "HV_SwitchingStation", "city": null, "postcode": null, "voltage": null, "feeder": "MM1252", "address": null, "state": "Inservice", "layer": "hvSwitching"}, "geometry": {"type": "Point", "coordinates": [150.79989938636186, -33.80792482268634]}}, {"type": "Feature", "properties": {"id": "2397", "fid": 51219895, "name": "Unnamed", "featureType": "HV_SwitchingStation", "city": null, "postcode": null, "voltage": null, "feeder": "17059", "address": null, "state": "Inservice", "layer": "hvSwitching"}, "geometry": {"type": "Point", "coordinates": [150.88017512431347, -33.78828768537396]}}, {"type": "Feature", "properties": {"id": "16213", "fid": 51219896, "name": "Unnamed", "featureType": "HV_SwitchingStation", "city": null, "postcode": null, "voltage": null, "feeder": "WQ1219", "address": null, "state": "Inservice", "layer": "hvSwitching"}, "geometry": {"type": "Point", "coordinates": [150.8996432584034, -33.83624765641202]}}, {"type": "Feature", "properties": {"id": "12030", "fid": 51219924, "name": "Unnamed", "featureType": "HV_SwitchingStation", "city": null, "postcode": null, "voltage": null, "feeder": "RS1203", "address": null, "state": "Inservice", "layer": "hvSwitching"}, "geometry": {"type": "Point", "coordinates": [151.01770330690715, -33.83486211696039]}}, {"type": "Feature", "properties": {"id": "8664", "fid": 51219928, "name": "Unnamed", "featureType": "HV_SwitchingStation", "city": null, "postcode": null, "voltage": null, "feeder": "PH1230", "address": null, "state": "Inservice", "layer": "hvSwitching"}, "geometry": {"type": "Point", "coordinates": [150.69193832194813, -33.74221773826743]}}, {"type": "Feature", "properties": {"id": "15780", "fid": 51219933, "name": "Unnamed", "featureType": "HV_SwitchingStation", "city": null, "postcode": null, "voltage": null, "feeder": "WH1220", "address": null, "state": "Inservice", "layer": "hvSwitching"}, "geometry": {"type": "Point", "coordinates": [150.80766953836692, -33.76400600548859]}}, {"type": "Feature", "properties": {"id": "10069", "fid": 51219934, "name": "Unnamed", "featureType": "HV_SwitchingStation", "city": null, "postcode": null, "voltage": null, "feeder": "DS1235", "address": null, "state": "Inservice", "layer": "hvSwitching"}, "geometry": {"type": "Point", "coordinates": [150.88011204564754, -33.74519397028711]}}, {"type": "Feature", "properties": {"id": "8038", "fid": 51219939, "name": "Unnamed", "featureType": "HV_SwitchingStation", "city": null, "postcode": null, "voltage": null, "feeder": "L540", "address": null, "state": "Inservice", "layer": "hvSwitching"}, "geometry": {"type": "Point", "coordinates": [150.91362315761313, -33.77274763824109]}}, {"type": "Feature", "properties": {"id": "17130", "fid": 51219956, "name": "Unnamed", "featureType": "HV_SwitchingStation", "city": null, "postcode": null, "voltage": null, "feeder": "19816", "address": null, "state": "Inservice", "layer": "hvSwitching"}, "geometry": {"type": "Point", "coordinates": [150.98833811029988, -33.70524045736309]}}, {"type": "Feature", "properties": {"id": "3261", "fid": 51219960, "name": "Unnamed", "featureType": "HV_SwitchingStation", "city": null, "postcode": null, "voltage": null, "feeder": "L584", "address": null, "state": "Inservice", "layer": "hvSwitching"}, "geometry": {"type": "Point", "coordinates": [150.11779475408872, -33.45960034385089]}}, {"type": "Feature", "properties": {"id": "12875", "fid": 51219968, "name": "Unnamed", "featureType": "HV_SwitchingStation", "city": null, "postcode": null, "voltage": null, "feeder": "GV1286", "address": null, "state": "Inservice", "layer": "hvSwitching"}, "geometry": {"type": "Point", "coordinates": [151.01756495781407, -33.83505292986482]}}, {"type": "Feature", "properties": {"id": "13871", "fid": 51220036, "name": "Unnamed", "featureType": "HV_SwitchingStation", "city": null, "postcode": null, "voltage": null, "feeder": "SHJ2", "address": null, "state": "Inservice", "layer": "hvSwitching"}, "geometry": {"type": "Point", "coordinates": [150.8540580714927, -34.58762319048628]}}, {"type": "Feature", "properties": {"id": "23467", "fid": 61453009, "name": "Unnamed", "featureType": "HV_SwitchingStation", "city": null, "postcode": null, "voltage": null, "feeder": "HS1232", "address": null, "state": "Inservice", "layer": "hvSwitching"}, "geometry": {"type": "Point", "coordinates": [150.85382297543796, -33.84054112536064]}}, {"type": "Feature", "properties": {"id": "23629", "fid": 61505226, "name": "Unnamed", "featureType": "HV_SwitchingStation", "city": null, "postcode": null, "voltage": null, "feeder": "DS1245", "address": null, "state": "Inservice", "layer": "hvSwitching"}, "geometry": {"type": "Point", "coordinates": [150.87908139291608, -33.76393677468755]}}, {"type": "Feature", "properties": {"id": "96517", "fid": 86682770, "name": "Unnamed", "featureType": "HV_SwitchingStation", "city": null, "postcode": null, "voltage": null, "feeder": "HT1284", "address": null, "state": "Inservice", "layer": "hvSwitching"}, "geometry": {"type": "Point", "coordinates": [150.8573279487676, -33.80233298030676]}}, {"type": "Feature", "properties": {"id": "54570", "fid": 82620416, "name": "Unnamed", "featureType": "HV_SwitchingStation", "city": null, "postcode": null, "voltage": null, "feeder": "54667", "address": null, "state": "Inservice", "layer": "hvSwitching"}, "geometry": {"type": "Point", "coordinates": [150.8377925741857, -33.8165231991469]}}, {"type": "Feature", "properties": {"id": "54952", "fid": 83280525, "name": "Unnamed", "featureType": "HV_SwitchingStation", "city": null, "postcode": null, "voltage": null, "feeder": "HS1132", "address": null, "state": "Inservice", "layer": "hvSwitching"}, "geometry": {"type": "Point", "coordinates": [150.86471623057906, -33.83325068027471]}}, {"type": "Feature", "properties": {"id": "54534", "fid": 82549696, "name": "Unnamed", "featureType": "HV_SwitchingStation", "city": null, "postcode": null, "voltage": null, "feeder": "54684", "address": null, "state": "Inservice", "layer": "hvSwitching"}, "geometry": {"type": "Point", "coordinates": [150.82211817306626, -33.83086326121044]}}, {"type": "Feature", "properties": {"id": "55236", "fid": 83578129, "name": "Unnamed", "featureType": "HV_SwitchingStation", "city": null, "postcode": null, "voltage": null, "feeder": "54703", "address": null, "state": "Inservice", "layer": "hvSwitching"}, "geometry": {"type": "Point", "coordinates": [150.8281236832882, -33.82628212079011]}}, {"type": "Feature", "properties": {"id": "95243", "fid": 85940422, "name": "Unnamed", "featureType": "HV_SwitchingStation", "city": null, "postcode": null, "voltage": null, "feeder": "35982", "address": null, "state": "Inservice", "layer": "hvSwitching"}, "geometry": {"type": "Point", "coordinates": [150.7279159127163, -34.14483520851384]}}, {"type": "Feature", "properties": {"id": "55707", "fid": 85894560, "name": "Unnamed", "featureType": "HV_SwitchingStation", "city": null, "postcode": null, "voltage": null, "feeder": "A092", "address": null, "state": "Inservice", "layer": "hvSwitching"}, "geometry": {"type": "Point", "coordinates": [150.6855565241777, -33.822265449137944]}}, {"type": "Feature", "properties": {"id": "8480", "fid": 82387360, "name": "Unnamed", "featureType": "HV_SwitchingStation", "city": null, "postcode": null, "voltage": null, "feeder": "CV1280", "address": null, "state": "Inservice", "layer": "hvSwitching"}, "geometry": {"type": "Point", "coordinates": [150.93090168435708, -33.89255330239918]}}, {"type": "Feature", "properties": {"id": "54639", "fid": 82581501, "name": "Unnamed", "featureType": "HV_SwitchingStation", "city": null, "postcode": null, "voltage": null, "feeder": "CT1225", "address": null, "state": "Inservice", "layer": "hvSwitching"}, "geometry": {"type": "Point", "coordinates": [150.81063757298537, -34.05580756156176]}}, {"type": "Feature", "properties": {"id": "55382", "fid": 83641366, "name": "Unnamed", "featureType": "HV_SwitchingStation", "city": null, "postcode": null, "voltage": null, "feeder": "RS1259", "address": null, "state": "Inservice", "layer": "hvSwitching"}, "geometry": {"type": "Point", "coordinates": [151.03572859164194, -33.82119538194847]}}, {"type": "Feature", "properties": {"id": "55122", "fid": 85950281, "name": "Unnamed", "featureType": "HV_SwitchingStation", "city": null, "postcode": null, "voltage": null, "feeder": "RS1288", "address": null, "state": "Inservice", "layer": "hvSwitching"}, "geometry": {"type": "Point", "coordinates": [151.03106921316177, -33.82187130021703]}}, {"type": "Feature", "properties": {"id": "55614", "fid": 86557829, "name": "Unnamed", "featureType": "HV_SwitchingStation", "city": null, "postcode": null, "voltage": null, "feeder": "C891", "address": null, "state": "Inservice", "layer": "hvSwitching"}, "geometry": {"type": "Point", "coordinates": [150.76273371107877, -33.74108899900072]}}, {"type": "Feature", "properties": {"id": "55392", "fid": 83588638, "name": "Unnamed", "featureType": "HV_SwitchingStation", "city": null, "postcode": null, "voltage": null, "feeder": "MM1302", "address": null, "state": "Inservice", "layer": "hvSwitching"}, "geometry": {"type": "Point", "coordinates": [150.7983178176835, -33.81778792637788]}}, {"type": "Feature", "properties": {"id": "11997", "fid": 83701366, "name": "Unnamed", "featureType": "HV_SwitchingStation", "city": null, "postcode": null, "voltage": null, "feeder": "CT1270", "address": null, "state": "Inservice", "layer": "hvSwitching"}, "geometry": {"type": "Point", "coordinates": [150.80918931994114, -34.06876739569713]}}, {"type": "Feature", "properties": {"id": "55413", "fid": 83683834, "name": "Unnamed", "featureType": "HV_SwitchingStation", "city": null, "postcode": null, "voltage": null, "feeder": "DS1242", "address": null, "state": "Inservice", "layer": "hvSwitching"}, "geometry": {"type": "Point", "coordinates": [150.85953293984568, -33.770418266599094]}}, {"type": "Feature", "properties": {"id": "55726", "fid": 85609612, "name": "Unnamed", "featureType": "HV_SwitchingStation", "city": null, "postcode": null, "voltage": null, "feeder": "LP1442", "address": null, "state": "Inservice", "layer": "hvSwitching"}, "geometry": {"type": "Point", "coordinates": [150.92891544140585, -33.92024024739366]}}, {"type": "Feature", "properties": {"id": "55255", "fid": 85609742, "name": "Unnamed", "featureType": "HV_SwitchingStation", "city": null, "postcode": null, "voltage": null, "feeder": "35442", "address": null, "state": "Inservice", "layer": "hvSwitching"}, "geometry": {"type": "Point", "coordinates": [150.9303990918508, -33.91884121157708]}}, {"type": "Feature", "properties": {"id": "97468", "fid": 89252957, "name": "Unnamed", "featureType": "HV_SwitchingStation", "city": null, "postcode": null, "voltage": null, "feeder": "CJ1227", "address": null, "state": "Inservice", "layer": "hvSwitching"}, "geometry": {"type": "Point", "coordinates": [150.9879251038136, -33.72687493762945]}}, {"type": "Feature", "properties": {"id": "15406", "fid": 51219822, "name": "Unnamed", "featureType": "HV_SwitchingStation", "city": null, "postcode": null, "voltage": null, "feeder": "T869", "address": null, "state": "Inservice", "layer": "hvSwitching"}, "geometry": {"type": "Point", "coordinates": [150.80852277233225, -34.09284906568827]}}, {"type": "Feature", "properties": {"id": "96960", "fid": 88396098, "name": "Unnamed", "featureType": "HV_SwitchingStation", "city": null, "postcode": null, "voltage": null, "feeder": "C868", "address": null, "state": "Inservice", "layer": "hvSwitching"}, "geometry": {"type": "Point", "coordinates": [150.67205749551096, -33.74308385960901]}}, {"type": "Feature", "properties": {"id": "96098", "fid": 86774493, "name": "Unnamed", "featureType": "HV_SwitchingStation", "city": null, "postcode": null, "voltage": null, "feeder": "NE1278", "address": null, "state": "Inservice", "layer": "hvSwitching"}, "geometry": {"type": "Point", "coordinates": [150.85421849745265, -33.802138283386924]}}, {"type": "Feature", "properties": {"id": "97500", "fid": 89252333, "name": "Unnamed", "featureType": "HV_SwitchingStation", "city": null, "postcode": null, "voltage": null, "feeder": "RS1296", "address": null, "state": "Inservice", "layer": "hvSwitching"}, "geometry": {"type": "Point", "coordinates": [151.03422756291837, -33.82100272808058]}}, {"type": "Feature", "properties": {"id": "96099", "fid": 86774495, "name": "Unnamed", "featureType": "HV_SwitchingStation", "city": null, "postcode": null, "voltage": null, "feeder": "NE1279", "address": null, "state": "Inservice", "layer": "hvSwitching"}, "geometry": {"type": "Point", "coordinates": [150.85428216559114, -33.802151780374516]}}, {"type": "Feature", "properties": {"id": "96518", "fid": 86682892, "name": "Unnamed", "featureType": "HV_SwitchingStation", "city": null, "postcode": null, "voltage": null, "feeder": "HT1284", "address": null, "state": "Inservice", "layer": "hvSwitching"}, "geometry": {"type": "Point", "coordinates": [150.8575000411133, -33.80135155354018]}}, {"type": "Feature", "properties": {"id": "96291", "fid": 86842750, "name": "Unnamed", "featureType": "HV_SwitchingStation", "city": null, "postcode": null, "voltage": null, "feeder": "SQ1112", "address": null, "state": "Inservice", "layer": "hvSwitching"}, "geometry": {"type": "Point", "coordinates": [150.83669167765152, -33.71905235462104]}}, {"type": "Feature", "properties": {"id": "97880", "fid": 89513995, "name": "Unnamed", "featureType": "HV_SwitchingStation", "city": null, "postcode": null, "voltage": null, "feeder": "SK2122", "address": null, "state": "Inservice", "layer": "hvSwitching"}, "geometry": {"type": "Point", "coordinates": [150.80239546854813, -33.84580395754876]}}, {"type": "Feature", "properties": {"id": "14347", "fid": 82384175, "name": "Unnamed", "featureType": "HV_SwitchingStation", "city": null, "postcode": null, "voltage": null, "feeder": "C808", "address": null, "state": "Inservice", "layer": "hvSwitching"}, "geometry": {"type": "Point", "coordinates": [150.7142715212273, -33.73399327291644]}}, {"type": "Feature", "properties": {"id": "95150", "fid": 86317128, "name": "Unnamed", "featureType": "HV_SwitchingStation", "city": null, "postcode": null, "voltage": null, "feeder": "BJ1207", "address": null, "state": "Inservice", "layer": "hvSwitching"}, "geometry": {"type": "Point", "coordinates": [150.36505425739415, -34.52040870162969]}}, {"type": "Feature", "properties": {"id": "95965", "fid": 86369968, "name": "Unnamed", "featureType": "HV_SwitchingStation", "city": null, "postcode": null, "voltage": null, "feeder": "54684", "address": null, "state": "Inservice", "layer": "hvSwitching"}, "geometry": {"type": "Point", "coordinates": [150.82191237884845, -33.83329100608243]}}, {"type": "Feature", "properties": {"id": "54983", "fid": 86232818, "name": "Unnamed", "featureType": "HV_SwitchingStation", "city": null, "postcode": null, "voltage": null, "feeder": "S776", "address": null, "state": "Inservice", "layer": "hvSwitching"}, "geometry": {"type": "Point", "coordinates": [150.66961733677934, -33.77360306499906]}}, {"type": "Feature", "properties": {"id": "96934", "fid": 87608814, "name": "Unnamed", "featureType": "HV_SwitchingStation", "city": null, "postcode": null, "voltage": null, "feeder": "SL1342", "address": null, "state": "Inservice", "layer": "hvSwitching"}, "geometry": {"type": "Point", "coordinates": [150.79014017254167, -33.99940379346669]}}, {"type": "Feature", "properties": {"id": "96410", "fid": 88652578, "name": "Unnamed", "featureType": "HV_SwitchingStation", "city": null, "postcode": null, "voltage": null, "feeder": "SK2112", "address": null, "state": "Inservice", "layer": "hvSwitching"}, "geometry": {"type": "Point", "coordinates": [150.78126013144262, -33.83861419221295]}}, {"type": "Feature", "properties": {"id": "12771", "fid": 51220016, "name": "Unnamed", "featureType": "HV_SwitchingStation", "city": null, "postcode": null, "voltage": null, "feeder": "T890", "address": null, "state": "Inservice", "layer": "hvSwitching"}, "geometry": {"type": "Point", "coordinates": [150.82472193640467, -33.75521855883175]}}, {"type": "Feature", "properties": {"id": "13393", "fid": 51219972, "name": "Unnamed", "featureType": "HV_SwitchingStation", "city": null, "postcode": null, "voltage": null, "feeder": "49348", "address": null, "state": "Inservice", "layer": "hvSwitching"}, "geometry": {"type": "Point", "coordinates": [150.96153821625938, -33.73805032716419]}}, {"type": "Feature", "properties": {"id": "18494", "fid": 51219978, "name": "Unnamed", "featureType": "HV_SwitchingStation", "city": null, "postcode": null, "voltage": null, "feeder": "35388", "address": null, "state": "Inservice", "layer": "hvSwitching"}, "geometry": {"type": "Point", "coordinates": [151.02331290650866, -33.78942510703064]}}, {"type": "Feature", "properties": {"id": "19032", "fid": 51220005, "name": "Unnamed", "featureType": "HV_SwitchingStation", "city": null, "postcode": null, "voltage": null, "feeder": "C820", "address": null, "state": "Inservice", "layer": "hvSwitching"}, "geometry": {"type": "Point", "coordinates": [151.01013855316904, -33.73106150561424]}}, {"type": "Feature", "properties": {"id": "22478", "fid": 51220020, "name": "Unnamed", "featureType": "HV_SwitchingStation", "city": null, "postcode": null, "voltage": null, "feeder": "J462", "address": null, "state": "Inservice", "layer": "hvSwitching"}, "geometry": {"type": "Point", "coordinates": [150.8378734799799, -34.02915729869301]}}, {"type": "Feature", "properties": {"id": "23404", "fid": 61446966, "name": "Unnamed", "featureType": "HV_SwitchingStation", "city": null, "postcode": null, "voltage": null, "feeder": "B716", "address": null, "state": "Inservice", "layer": "hvSwitching"}, "geometry": {"type": "Point", "coordinates": [150.88863985418016, -33.73421160277948]}}, {"type": "Feature", "properties": {"id": "24617", "fid": 62802368, "name": "Unnamed", "featureType": "HV_SwitchingStation", "city": null, "postcode": null, "voltage": null, "feeder": "A053", "address": null, "state": "Inservice", "layer": "hvSwitching"}, "geometry": {"type": "Point", "coordinates": [150.89932013012472, -33.66634195109085]}}, {"type": "Feature", "properties": {"id": "25699", "fid": 63985427, "name": "Unnamed", "featureType": "HV_SwitchingStation", "city": null, "postcode": null, "voltage": null, "feeder": "35326", "address": null, "state": "Inservice", "layer": "hvSwitching"}, "geometry": {"type": "Point", "coordinates": [150.96454191133054, -33.76988101739126]}}, {"type": "Feature", "properties": {"id": "25912", "fid": 64290751, "name": "Unnamed", "featureType": "HV_SwitchingStation", "city": null, "postcode": null, "voltage": null, "feeder": "1950", "address": null, "state": "Inservice", "layer": "hvSwitching"}, "geometry": {"type": "Point", "coordinates": [150.91578224917515, -33.752595122694096]}}, {"type": "Feature", "properties": {"id": "27056", "fid": 64822046, "name": "Unnamed", "featureType": "HV_SwitchingStation", "city": null, "postcode": null, "voltage": null, "feeder": "RV1220", "address": null, "state": "Inservice", "layer": "hvSwitching"}, "geometry": {"type": "Point", "coordinates": [150.90567142015885, -34.34223678889539]}}, {"type": "Feature", "properties": {"id": "28131", "fid": 64841186, "name": "Unnamed", "featureType": "HV_SwitchingStation", "city": null, "postcode": null, "voltage": null, "feeder": "SG1257", "address": null, "state": "Inservice", "layer": "hvSwitching"}, "geometry": {"type": "Point", "coordinates": [151.00925874403634, -33.86796649613539]}}, {"type": "Feature", "properties": {"id": "15289", "fid": 64899295, "name": "Unnamed", "featureType": "HV_SwitchingStation", "city": null, "postcode": null, "voltage": null, "feeder": "J483", "address": null, "state": "Inservice", "layer": "hvSwitching"}, "geometry": {"type": "Point", "coordinates": [150.8388138192189, -34.02729199250905]}}, {"type": "Feature", "properties": {"id": "27451", "fid": 66039907, "name": "Unnamed", "featureType": "HV_SwitchingStation", "city": null, "postcode": null, "voltage": null, "feeder": "RD1251", "address": null, "state": "Inservice", "layer": "hvSwitching"}, "geometry": {"type": "Point", "coordinates": [151.02624897674215, -33.8093447192877]}}, {"type": "Feature", "properties": {"id": "27601", "fid": 66178122, "name": "Unnamed", "featureType": "HV_SwitchingStation", "city": null, "postcode": null, "voltage": null, "feeder": "35012", "address": null, "state": "Inservice", "layer": "hvSwitching"}, "geometry": {"type": "Point", "coordinates": [150.88756731498245, -33.80443561106163]}}, {"type": "Feature", "properties": {"id": "95958", "fid": 86199310, "name": "Unnamed", "featureType": "HV_SwitchingStation", "city": null, "postcode": null, "voltage": null, "feeder": "54684", "address": null, "state": "Inservice", "layer": "hvSwitching"}, "geometry": {"type": "Point", "coordinates": [150.82454188907715, -33.83204864806363]}}, {"type": "Feature", "properties": {"id": "95955", "fid": 86199969, "name": "Unnamed", "featureType": "HV_SwitchingStation", "city": null, "postcode": null, "voltage": null, "feeder": "54695", "address": null, "state": "Inservice", "layer": "hvSwitching"}, "geometry": {"type": "Point", "coordinates": [150.82457913225144, -33.83185465338585]}}, {"type": "Feature", "properties": {"id": "32196", "fid": 77878559, "name": "Unnamed", "featureType": "HV_SwitchingStation", "city": null, "postcode": null, "voltage": null, "feeder": "UNJ2", "address": null, "state": "Inservice", "layer": "hvSwitching"}, "geometry": {"type": "Point", "coordinates": [150.84917429906986, -34.47539564061659]}}, {"type": "Feature", "properties": {"id": "29672", "fid": 78079381, "name": "Unnamed", "featureType": "HV_SwitchingStation", "city": null, "postcode": null, "voltage": null, "feeder": "SV1142", "address": null, "state": "Inservice", "layer": "hvSwitching"}, "geometry": {"type": "Point", "coordinates": [150.80958858277546, -33.97534896575342]}}, {"type": "Feature", "properties": {"id": "32280", "fid": 78119882, "name": "Unnamed", "featureType": "HV_SwitchingStation", "city": null, "postcode": null, "voltage": null, "feeder": "SC1289", "address": null, "state": "Inservice", "layer": "hvSwitching"}, "geometry": {"type": "Point", "coordinates": [150.90454908313234, -33.69488926331767]}}, {"type": "Feature", "properties": {"id": "32387", "fid": 78236614, "name": "Unnamed", "featureType": "HV_SwitchingStation", "city": null, "postcode": null, "voltage": null, "feeder": "T869", "address": null, "state": "Inservice", "layer": "hvSwitching"}, "geometry": {"type": "Point", "coordinates": [150.808510951045, -34.08932220405002]}}, {"type": "Feature", "properties": {"id": "32425", "fid": 78295671, "name": "Unnamed", "featureType": "HV_SwitchingStation", "city": null, "postcode": null, "voltage": null, "feeder": "CJ1227", "address": null, "state": "Inservice", "layer": "hvSwitching"}, "geometry": {"type": "Point", "coordinates": [150.98882660443073, -33.7274460776751]}}, {"type": "Feature", "properties": {"id": "33092", "fid": 78488915, "name": "Unnamed", "featureType": "HV_SwitchingStation", "city": null, "postcode": null, "voltage": null, "feeder": "SHA2", "address": null, "state": "Inservice", "layer": "hvSwitching"}, "geometry": {"type": "Point", "coordinates": [150.83235658626396, -34.56578429357331]}}, {"type": "Feature", "properties": {"id": "33200", "fid": 78600185, "name": "Unnamed", "featureType": "HV_SwitchingStation", "city": null, "postcode": null, "voltage": null, "feeder": "CT1266", "address": null, "state": "Inservice", "layer": "hvSwitching"}, "geometry": {"type": "Point", "coordinates": [150.80852168416598, -34.08099055574644]}}, {"type": "Feature", "properties": {"id": "29680", "fid": 78693095, "name": "Unnamed", "featureType": "HV_SwitchingStation", "city": null, "postcode": null, "voltage": null, "feeder": "DS1242", "address": null, "state": "Inservice", "layer": "hvSwitching"}, "geometry": {"type": "Point", "coordinates": [150.85852543850592, -33.766460596239924]}}, {"type": "Feature", "properties": {"id": "33413", "fid": 78725109, "name": "Unnamed", "featureType": "HV_SwitchingStation", "city": null, "postcode": null, "voltage": null, "feeder": "J506", "address": null, "state": "Inservice", "layer": "hvSwitching"}, "geometry": {"type": "Point", "coordinates": [150.88170569063814, -34.00258457599241]}}, {"type": "Feature", "properties": {"id": "34759", "fid": 79559649, "name": "Unnamed", "featureType": "HV_SwitchingStation", "city": null, "postcode": null, "voltage": null, "feeder": "27337", "address": null, "state": "Inservice", "layer": "hvSwitching"}, "geometry": {"type": "Point", "coordinates": [150.8523965392571, -33.99822499157663]}}, {"type": "Feature", "properties": {"id": "32755", "fid": 78926673, "name": "Unnamed", "featureType": "HV_SwitchingStation", "city": null, "postcode": null, "voltage": null, "feeder": "SQ1332", "address": null, "state": "Inservice", "layer": "hvSwitching"}, "geometry": {"type": "Point", "coordinates": [150.83933867183822, -33.70812564324514]}}, {"type": "Feature", "properties": {"id": "55797", "fid": 85670055, "name": "Unnamed", "featureType": "HV_SwitchingStation", "city": null, "postcode": null, "voltage": null, "feeder": "KC1210", "address": null, "state": "Inservice", "layer": "hvSwitching"}, "geometry": {"type": "Point", "coordinates": [150.73636741048188, -33.88485239576958]}}, {"type": "Feature", "properties": {"id": "55756", "fid": 86541477, "name": "Unnamed", "featureType": "HV_SwitchingStation", "city": null, "postcode": null, "voltage": null, "feeder": "SK2132", "address": null, "state": "Inservice", "layer": "hvSwitching"}, "geometry": {"type": "Point", "coordinates": [150.77819433807082, -33.83598449579683]}}, {"type": "Feature", "properties": {"id": "96947", "fid": 88385636, "name": "Unnamed", "featureType": "HV_SwitchingStation", "city": null, "postcode": null, "voltage": null, "feeder": "SK2252", "address": null, "state": "Inservice", "layer": "hvSwitching"}, "geometry": {"type": "Point", "coordinates": [150.7977182527477, -33.84825463445512]}}, {"type": "Feature", "properties": {"id": "54827", "fid": 85876765, "name": "Unnamed", "featureType": "HV_SwitchingStation", "city": null, "postcode": null, "voltage": null, "feeder": "OP1152", "address": null, "state": "Inservice", "layer": "hvSwitching"}, "geometry": {"type": "Point", "coordinates": [150.7256666980382, -34.02004285640746]}}, {"type": "Feature", "properties": {"id": "96705", "fid": 89010068, "name": "Unnamed", "featureType": "HV_SwitchingStation", "city": null, "postcode": null, "voltage": null, "feeder": "19816", "address": null, "state": "Inservice", "layer": "hvSwitching"}, "geometry": {"type": "Point", "coordinates": [150.98405661219778, -33.71241154390107]}}, {"type": "Feature", "properties": {"id": "55569", "fid": 85485935, "name": "Unnamed", "featureType": "HV_SwitchingStation", "city": null, "postcode": null, "voltage": null, "feeder": "35762", "address": null, "state": "Inservice", "layer": "hvSwitching"}, "geometry": {"type": "Point", "coordinates": [150.78050039265707, -33.7634363873928]}}, {"type": "Feature", "properties": {"id": "55648", "fid": 85625090, "name": "Unnamed", "featureType": "HV_SwitchingStation", "city": null, "postcode": null, "voltage": null, "feeder": "X879", "address": null, "state": "Inservice", "layer": "hvSwitching"}, "geometry": {"type": "Point", "coordinates": [150.73084656798122, -33.91814493393289]}}, {"type": "Feature", "properties": {"id": "23542", "fid": 82963347, "name": "Unnamed", "featureType": "HV_SwitchingStation", "city": null, "postcode": null, "voltage": null, "feeder": "FF1210", "address": null, "state": "Inservice", "layer": "hvSwitching"}, "geometry": {"type": "Point", "coordinates": [150.9580405011797, -33.85762256961314]}}, {"type": "Feature", "properties": {"id": "96740", "fid": 87545096, "name": "Unnamed", "featureType": "HV_SwitchingStation", "city": null, "postcode": null, "voltage": null, "feeder": "L507", "address": null, "state": "Inservice", "layer": "hvSwitching"}, "geometry": {"type": "Point", "coordinates": [151.0031734371545, -33.82110460630375]}}, {"type": "Feature", "properties": {"id": "55804", "fid": 85832684, "name": "Unnamed", "featureType": "HV_SwitchingStation", "city": null, "postcode": null, "voltage": null, "feeder": "MM1112", "address": null, "state": "Inservice", "layer": "hvSwitching"}, "geometry": {"type": "Point", "coordinates": [150.78032720569232, -33.83243941777051]}}, {"type": "Feature", "properties": {"id": "97217", "fid": 86737919, "name": "Unnamed", "featureType": "HV_SwitchingStation", "city": null, "postcode": null, "voltage": null, "feeder": "MM1392", "address": null, "state": "Inservice", "layer": "hvSwitching"}, "geometry": {"type": "Point", "coordinates": [150.756712928086, -33.818022216007435]}}, {"type": "Feature", "properties": {"id": "55524", "fid": 85916696, "name": "Unnamed", "featureType": "HV_SwitchingStation", "city": null, "postcode": null, "voltage": null, "feeder": "WP1230", "address": null, "state": "Inservice", "layer": "hvSwitching"}, "geometry": {"type": "Point", "coordinates": [150.98851572636096, -33.80971301117323]}}, {"type": "Feature", "properties": {"id": "97007", "fid": 89013185, "name": "Unnamed", "featureType": "HV_SwitchingStation", "city": null, "postcode": null, "voltage": null, "feeder": "MM1352", "address": null, "state": "Inservice", "layer": "hvSwitching"}, "geometry": {"type": "Point", "coordinates": [150.77885899960188, -33.831027850632836]}}, {"type": "Feature", "properties": {"id": "96987", "fid": 88693212, "name": "Unnamed", "featureType": "HV_SwitchingStation", "city": null, "postcode": null, "voltage": null, "feeder": "T892", "address": null, "state": "Inservice", "layer": "hvSwitching"}, "geometry": {"type": "Point", "coordinates": [150.8527836581401, -33.76177179067304]}}, {"type": "Feature", "properties": {"id": "55393", "fid": 83588938, "name": "Unnamed", "featureType": "HV_SwitchingStation", "city": null, "postcode": null, "voltage": null, "feeder": "MM1322", "address": null, "state": "Inservice", "layer": "hvSwitching"}, "geometry": {"type": "Point", "coordinates": [150.79865359521784, -33.817785744703826]}}, {"type": "Feature", "properties": {"id": "96795", "fid": 87508900, "name": "Unnamed", "featureType": "HV_SwitchingStation", "city": null, "postcode": null, "voltage": null, "feeder": "MR2217", "address": null, "state": "Inservice", "layer": "hvSwitching"}, "geometry": {"type": "Point", "coordinates": [150.92373233134845, -33.68978889251578]}}, {"type": "Feature", "properties": {"id": "55253", "fid": 85609610, "name": "Unnamed", "featureType": "HV_SwitchingStation", "city": null, "postcode": null, "voltage": null, "feeder": "35442", "address": null, "state": "Inservice", "layer": "hvSwitching"}, "geometry": {"type": "Point", "coordinates": [150.92890454047907, -33.9203058685869]}}, {"type": "Feature", "properties": {"id": "95620", "fid": 86127409, "name": "Unnamed", "featureType": "HV_SwitchingStation", "city": null, "postcode": null, "voltage": null, "feeder": "WX1236", "address": null, "state": "Inservice", "layer": "hvSwitching"}, "geometry": {"type": "Point", "coordinates": [150.87254644980837, -33.82904199549388]}}, {"type": "Feature", "properties": {"id": "55474", "fid": 85930730, "name": "Unnamed", "featureType": "HV_SwitchingStation", "city": null, "postcode": null, "voltage": null, "feeder": "RS1255", "address": null, "state": "Inservice", "layer": "hvSwitching"}, "geometry": {"type": "Point", "coordinates": [151.02773015964587, -33.8278390250502]}}, {"type": "Feature", "properties": {"id": "55457", "fid": 85958323, "name": "Unnamed", "featureType": "HV_SwitchingStation", "city": null, "postcode": null, "voltage": null, "feeder": "35403", "address": null, "state": "Inservice", "layer": "hvSwitching"}, "geometry": {"type": "Point", "coordinates": [151.0040179210459, -33.8006753578782]}}, {"type": "Feature", "properties": {"id": "97074", "fid": 88652785, "name": "Unnamed", "featureType": "HV_SwitchingStation", "city": null, "postcode": null, "voltage": null, "feeder": "SK2242", "address": null, "state": "Inservice", "layer": "hvSwitching"}, "geometry": {"type": "Point", "coordinates": [150.7882745923208, -33.84087119362134]}}, {"type": "Feature", "properties": {"id": "54893", "fid": 83355766, "name": "Unnamed", "featureType": "HV_SwitchingStation", "city": null, "postcode": null, "voltage": null, "feeder": "ED1132", "address": null, "state": "Inservice", "layer": "hvSwitching"}, "geometry": {"type": "Point", "coordinates": [150.86032979135965, -33.97294776833908]}}, {"type": "Feature", "properties": {"id": "55364", "fid": 85956107, "name": "Unnamed", "featureType": "HV_SwitchingStation", "city": null, "postcode": null, "voltage": null, "feeder": "2806", "address": null, "state": "Inservice", "layer": "hvSwitching"}, "geometry": {"type": "Point", "coordinates": [151.04656539199817, -33.78244045082176]}}, {"type": "Feature", "properties": {"id": "95513", "fid": 85983725, "name": "Unnamed", "featureType": "HV_SwitchingStation", "city": null, "postcode": null, "voltage": null, "feeder": "SK2242", "address": null, "state": "Inservice", "layer": "hvSwitching"}, "geometry": {"type": "Point", "coordinates": [150.78330211176024, -33.84257891708743]}}, {"type": "Feature", "properties": {"id": "95510", "fid": 85983784, "name": "Unnamed", "featureType": "HV_SwitchingStation", "city": null, "postcode": null, "voltage": null, "feeder": "SK2252", "address": null, "state": "Inservice", "layer": "hvSwitching"}, "geometry": {"type": "Point", "coordinates": [150.78162114612178, -33.8426850260301]}}, {"type": "Feature", "properties": {"id": "97291", "fid": 89302192, "name": "Unnamed", "featureType": "HV_SwitchingStation", "city": null, "postcode": null, "voltage": null, "feeder": "49321", "address": null, "state": "Inservice", "layer": "hvSwitching"}, "geometry": {"type": "Point", "coordinates": [150.96755215689882, -33.73334287642373]}}, {"type": "Feature", "properties": {"id": "54491", "fid": 82186829, "name": "Unnamed", "featureType": "HV_SwitchingStation", "city": null, "postcode": null, "voltage": null, "feeder": "SQ1352", "address": null, "state": "Inservice", "layer": "hvSwitching"}, "geometry": {"type": "Point", "coordinates": [150.8402411054495, -33.71406465510313]}}, {"type": "Feature", "properties": {"id": "55183", "fid": 83530207, "name": "Unnamed", "featureType": "HV_SwitchingStation", "city": null, "postcode": null, "voltage": null, "feeder": "AB1279", "address": null, "state": "Inservice", "layer": "hvSwitching"}, "geometry": {"type": "Point", "coordinates": [150.8610921986477, -33.88811941013635]}}, {"type": "Feature", "properties": {"id": "95517", "fid": 86505351, "name": "Unnamed", "featureType": "HV_SwitchingStation", "city": null, "postcode": null, "voltage": null, "feeder": "KC1258", "address": null, "state": "Inservice", "layer": "hvSwitching"}, "geometry": {"type": "Point", "coordinates": [150.7736780449031, -33.8604143750957]}}, {"type": "Feature", "properties": {"id": "95148", "fid": 86317123, "name": "Unnamed", "featureType": "HV_SwitchingStation", "city": null, "postcode": null, "voltage": null, "feeder": "BJ1229", "address": null, "state": "Inservice", "layer": "hvSwitching"}, "geometry": {"type": "Point", "coordinates": [150.3649306369659, -34.52036007601954]}}, {"type": "Feature", "properties": {"id": "95149", "fid": 86317126, "name": "Unnamed", "featureType": "HV_SwitchingStation", "city": null, "postcode": null, "voltage": null, "feeder": "BJ1281", "address": null, "state": "Inservice", "layer": "hvSwitching"}, "geometry": {"type": "Point", "coordinates": [150.36499243867857, -34.52038275699275]}}, {"type": "Feature", "properties": {"id": "96207", "fid": 86568554, "name": "Unnamed", "featureType": "HV_SwitchingStation", "city": null, "postcode": null, "voltage": null, "feeder": "NE1275", "address": null, "state": "Inservice", "layer": "hvSwitching"}, "geometry": {"type": "Point", "coordinates": [150.82535419110877, -33.79624294701314]}}, {"type": "Feature", "properties": {"id": "96057", "fid": 86560264, "name": "Unnamed", "featureType": "HV_SwitchingStation", "city": null, "postcode": null, "voltage": null, "feeder": "NL1322", "address": null, "state": "Inservice", "layer": "hvSwitching"}, "geometry": {"type": "Point", "coordinates": [150.80211935694106, -33.946281930344554]}}, {"type": "Feature", "properties": {"id": "97208", "fid": 88719349, "name": "Unnamed", "featureType": "HV_SwitchingStation", "city": null, "postcode": null, "voltage": null, "feeder": "SQ1132", "address": null, "state": "Inservice", "layer": "hvSwitching"}, "geometry": {"type": "Point", "coordinates": [150.83376008369757, -33.721919572887536]}}, {"type": "Feature", "properties": {"id": "96920", "fid": 89179450, "name": "Unnamed", "featureType": "HV_SwitchingStation", "city": null, "postcode": null, "voltage": null, "feeder": "9027", "address": null, "state": "Inservice", "layer": "hvSwitching"}, "geometry": {"type": "Point", "coordinates": [150.7155797792079, -33.76012146492717]}}, {"type": "Feature", "properties": {"id": "97240", "fid": 88764634, "name": "Unnamed", "featureType": "HV_SwitchingStation", "city": null, "postcode": null, "voltage": null, "feeder": "SK2342", "address": null, "state": "Inservice", "layer": "hvSwitching"}, "geometry": {"type": "Point", "coordinates": [150.77537094658237, -33.8295864362246]}}, {"type": "Feature", "properties": {"id": "97209", "fid": 88719351, "name": "Unnamed", "featureType": "HV_SwitchingStation", "city": null, "postcode": null, "voltage": null, "feeder": "SQ1442", "address": null, "state": "Inservice", "layer": "hvSwitching"}, "geometry": {"type": "Point", "coordinates": [150.83370333484623, -33.72194580790356]}}, {"type": "Feature", "properties": {"id": "97607", "fid": 89403731, "name": "Unnamed", "featureType": "HV_SwitchingStation", "city": null, "postcode": null, "voltage": null, "feeder": "SC1282", "address": null, "state": "Inservice", "layer": "hvSwitching"}, "geometry": {"type": "Point", "coordinates": [150.89047955490676, -33.68306689114685]}}, {"type": "Feature", "properties": {"id": "43464", "fid": 51219985, "name": "Unnamed", "featureType": "HV_SwitchingStation", "city": null, "postcode": null, "voltage": null, "feeder": "IHC2", "address": null, "state": "Inservice", "layer": "hvSwitching"}, "geometry": {"type": "Point", "coordinates": [150.89151827012088, -34.449121075517226]}}, {"type": "Feature", "properties": {"id": "19625", "fid": 51220015, "name": "Unnamed", "featureType": "HV_SwitchingStation", "city": null, "postcode": null, "voltage": null, "feeder": "C812", "address": null, "state": "Inservice", "layer": "hvSwitching"}, "geometry": {"type": "Point", "coordinates": [150.69568875564764, -33.72995586343439]}}, {"type": "Feature", "properties": {"id": "22939", "fid": 60310519, "name": "Unnamed", "featureType": "HV_SwitchingStation", "city": null, "postcode": null, "voltage": null, "feeder": "RS1299", "address": null, "state": "Inservice", "layer": "hvSwitching"}, "geometry": {"type": "Point", "coordinates": [151.04111906399174, -33.820157043836296]}}, {"type": "Feature", "properties": {"id": "25777", "fid": 63963753, "name": "Unnamed", "featureType": "HV_SwitchingStation", "city": null, "postcode": null, "voltage": null, "feeder": "S336", "address": null, "state": "Inservice", "layer": "hvSwitching"}, "geometry": {"type": "Point", "coordinates": [150.97504718899955, -33.728538716644785]}}, {"type": "Feature", "properties": {"id": "25914", "fid": 64221599, "name": "Unnamed", "featureType": "HV_SwitchingStation", "city": null, "postcode": null, "voltage": null, "feeder": "JBB2", "address": null, "state": "Inservice", "layer": "hvSwitching"}, "geometry": {"type": "Point", "coordinates": [150.80982497440277, -34.696775681894856]}}, {"type": "Feature", "properties": {"id": "25995", "fid": 64489090, "name": "Unnamed", "featureType": "HV_SwitchingStation", "city": null, "postcode": null, "voltage": null, "feeder": "CA1284", "address": null, "state": "Inservice", "layer": "hvSwitching"}, "geometry": {"type": "Point", "coordinates": [150.90631910090954, -33.97163323656523]}}, {"type": "Feature", "properties": {"id": "27398", "fid": 66897174, "name": "Unnamed", "featureType": "HV_SwitchingStation", "city": null, "postcode": null, "voltage": null, "feeder": "W118", "address": null, "state": "Inservice", "layer": "hvSwitching"}, "geometry": {"type": "Point", "coordinates": [150.47083699119347, -33.7330131518759]}}, {"type": "Feature", "properties": {"id": "15493", "fid": 51219811, "name": "Unnamed", "featureType": "HV_SwitchingStation", "city": null, "postcode": null, "voltage": null, "feeder": "CT1206", "address": null, "state": "Inservice", "layer": "hvSwitching"}, "geometry": {"type": "Point", "coordinates": [150.80407233861393, -34.079933483208606]}}, {"type": "Feature", "properties": {"id": "15290", "fid": 51219841, "name": "Unnamed", "featureType": "HV_SwitchingStation", "city": null, "postcode": null, "voltage": null, "feeder": "J472", "address": null, "state": "Inservice", "layer": "hvSwitching"}, "geometry": {"type": "Point", "coordinates": [150.84011830581963, -34.024156389925274]}}, {"type": "Feature", "properties": {"id": "15442", "fid": 51219865, "name": "Unnamed", "featureType": "HV_SwitchingStation", "city": null, "postcode": null, "voltage": null, "feeder": "J516", "address": null, "state": "Inservice", "layer": "hvSwitching"}, "geometry": {"type": "Point", "coordinates": [150.87219430281942, -34.00305935482911]}}, {"type": "Feature", "properties": {"id": "7519", "fid": 51219880, "name": "Unnamed", "featureType": "HV_SwitchingStation", "city": null, "postcode": null, "voltage": null, "feeder": "A339", "address": null, "state": "Inservice", "layer": "hvSwitching"}, "geometry": {"type": "Point", "coordinates": [150.93836247433228, -33.89236919216523]}}, {"type": "Feature", "properties": {"id": "12407", "fid": 51219894, "name": "Unnamed", "featureType": "HV_SwitchingStation", "city": null, "postcode": null, "voltage": null, "feeder": "HT1291", "address": null, "state": "Inservice", "layer": "hvSwitching"}, "geometry": {"type": "Point", "coordinates": [150.87290909319793, -33.79557704825635]}}, {"type": "Feature", "properties": {"id": "9916", "fid": 51219899, "name": "Unnamed", "featureType": "HV_SwitchingStation", "city": null, "postcode": null, "voltage": null, "feeder": "WQ1219", "address": null, "state": "Inservice", "layer": "hvSwitching"}, "geometry": {"type": "Point", "coordinates": [150.9056576584279, -33.84130507852802]}}, {"type": "Feature", "properties": {"id": "7447", "fid": 51219904, "name": "Unnamed", "featureType": "HV_SwitchingStation", "city": null, "postcode": null, "voltage": null, "feeder": "M166", "address": null, "state": "Inservice", "layer": "hvSwitching"}, "geometry": {"type": "Point", "coordinates": [150.94368098822002, -33.84021658324355]}}, {"type": "Feature", "properties": {"id": "14424", "fid": 51219905, "name": "Unnamed", "featureType": "HV_SwitchingStation", "city": null, "postcode": null, "voltage": null, "feeder": "M163", "address": null, "state": "Inservice", "layer": "hvSwitching"}, "geometry": {"type": "Point", "coordinates": [150.94400391311942, -33.83860252051215]}}, {"type": "Feature", "properties": {"id": "16256", "fid": 51219907, "name": "Unnamed", "featureType": "HV_SwitchingStation", "city": null, "postcode": null, "voltage": null, "feeder": "GV1208", "address": null, "state": "Inservice", "layer": "hvSwitching"}, "geometry": {"type": "Point", "coordinates": [150.98982998907846, -33.83734450317035]}}, {"type": "Feature", "properties": {"id": "9832", "fid": 51219913, "name": "Unnamed", "featureType": "HV_SwitchingStation", "city": null, "postcode": null, "voltage": null, "feeder": "WP1209", "address": null, "state": "Inservice", "layer": "hvSwitching"}, "geometry": {"type": "Point", "coordinates": [151.00215492002704, -33.81393688899269]}}, {"type": "Feature", "properties": {"id": "17102", "fid": 51219937, "name": "Unnamed", "featureType": "HV_SwitchingStation", "city": null, "postcode": null, "voltage": null, "feeder": "1958", "address": null, "state": "Inservice", "layer": "hvSwitching"}, "geometry": {"type": "Point", "coordinates": [150.91504447451598, -33.75323758966109]}}, {"type": "Feature", "properties": {"id": "12679", "fid": 51219957, "name": "Unnamed", "featureType": "HV_SwitchingStation", "city": null, "postcode": null, "voltage": null, "feeder": "R211", "address": null, "state": "Inservice", "layer": "hvSwitching"}, "geometry": {"type": "Point", "coordinates": [150.35809795773187, -33.70338130628415]}}, {"type": "Feature", "properties": {"id": "13574", "fid": 51219961, "name": "Unnamed", "featureType": "HV_SwitchingStation", "city": null, "postcode": null, "voltage": null, "feeder": "CT1296", "address": null, "state": "Inservice", "layer": "hvSwitching"}, "geometry": {"type": "Point", "coordinates": [150.7677732125555, -34.065693400539544]}}, {"type": "Feature", "properties": {"id": "19359", "fid": 51219980, "name": "Unnamed", "featureType": "HV_SwitchingStation", "city": null, "postcode": null, "voltage": null, "feeder": "BWK2", "address": null, "state": "Inservice", "layer": "hvSwitching"}, "geometry": {"type": "Point", "coordinates": [150.43788256181875, -34.492351275993336]}}, {"type": "Feature", "properties": {"id": "16920", "fid": 51219999, "name": "Unnamed", "featureType": "HV_SwitchingStation", "city": null, "postcode": null, "voltage": null, "feeder": "J514", "address": null, "state": "Inservice", "layer": "hvSwitching"}, "geometry": {"type": "Point", "coordinates": [150.88767299514078, -33.9980264230114]}}, {"type": "Feature", "properties": {"id": "18860", "fid": 51220001, "name": "Unnamed", "featureType": "HV_SwitchingStation", "city": null, "postcode": null, "voltage": null, "feeder": "J461", "address": null, "state": "Inservice", "layer": "hvSwitching"}, "geometry": {"type": "Point", "coordinates": [150.83912506629116, -34.041129167644314]}}, {"type": "Feature", "properties": {"id": "18871", "fid": 51220010, "name": "Unnamed", "featureType": "HV_SwitchingStation", "city": null, "postcode": null, "voltage": null, "feeder": "9052", "address": null, "state": "Inservice", "layer": "hvSwitching"}, "geometry": {"type": "Point", "coordinates": [150.97761601289682, -33.83393643465125]}}, {"type": "Feature", "properties": {"id": "19621", "fid": 51220014, "name": "Unnamed", "featureType": "HV_SwitchingStation", "city": null, "postcode": null, "voltage": null, "feeder": "L528", "address": null, "state": "Inservice", "layer": "hvSwitching"}, "geometry": {"type": "Point", "coordinates": [150.69564625428805, -33.7299496149636]}}, {"type": "Feature", "properties": {"id": "43333", "fid": 51220028, "name": "Unnamed", "featureType": "HV_SwitchingStation", "city": null, "postcode": null, "voltage": null, "feeder": "SHA2", "address": null, "state": "Inservice", "layer": "hvSwitching"}, "geometry": {"type": "Point", "coordinates": [150.85049353879754, -34.57788171530121]}}, {"type": "Feature", "properties": {"id": "13766", "fid": 51220029, "name": "Unnamed", "featureType": "HV_SwitchingStation", "city": null, "postcode": null, "voltage": null, "feeder": "TM1217", "address": null, "state": "Inservice", "layer": "hvSwitching"}, "geometry": {"type": "Point", "coordinates": [150.60790232583943, -35.0952619493204]}}, {"type": "Feature", "properties": {"id": "19361", "fid": 51220033, "name": "Unnamed", "featureType": "HV_SwitchingStation", "city": null, "postcode": null, "voltage": null, "feeder": "BWK2", "address": null, "state": "Inservice", "layer": "hvSwitching"}, "geometry": {"type": "Point", "coordinates": [150.45050059637916, -34.49946420447823]}}, {"type": "Feature", "properties": {"id": "23458", "fid": 61458853, "name": "Unnamed", "featureType": "HV_SwitchingStation", "city": null, "postcode": null, "voltage": null, "feeder": "HS1242", "address": null, "state": "Inservice", "layer": "hvSwitching"}, "geometry": {"type": "Point", "coordinates": [150.85344256520523, -33.813801959035345]}}, {"type": "Feature", "properties": {"id": "23888", "fid": 62488238, "name": "Unnamed", "featureType": "HV_SwitchingStation", "city": null, "postcode": null, "voltage": null, "feeder": "X871", "address": null, "state": "Inservice", "layer": "hvSwitching"}, "geometry": {"type": "Point", "coordinates": [151.0389236866153, -33.74797614116372]}}, {"type": "Feature", "properties": {"id": "24312", "fid": 62519872, "name": "Unnamed", "featureType": "HV_SwitchingStation", "city": null, "postcode": null, "voltage": null, "feeder": "27191", "address": null, "state": "Inservice", "layer": "hvSwitching"}, "geometry": {"type": "Point", "coordinates": [150.97236266704962, -33.72482711025937]}}, {"type": "Feature", "properties": {"id": "24823", "fid": 62627330, "name": "Unnamed", "featureType": "HV_SwitchingStation", "city": null, "postcode": null, "voltage": null, "feeder": "LP1332", "address": null, "state": "Inservice", "layer": "hvSwitching"}, "geometry": {"type": "Point", "coordinates": [150.92810858926484, -33.92894066791309]}}, {"type": "Feature", "properties": {"id": "2301", "fid": 62639825, "name": "Unnamed", "featureType": "HV_SwitchingStation", "city": null, "postcode": null, "voltage": null, "feeder": "WP1227", "address": null, "state": "Inservice", "layer": "hvSwitching"}, "geometry": {"type": "Point", "coordinates": [151.0027338589992, -33.81422517631583]}}, {"type": "Feature", "properties": {"id": "24343", "fid": 62651775, "name": "Unnamed", "featureType": "HV_SwitchingStation", "city": null, "postcode": null, "voltage": null, "feeder": "55891", "address": null, "state": "Inservice", "layer": "hvSwitching"}, "geometry": {"type": "Point", "coordinates": [150.98184399736724, -33.74438199472199]}}, {"type": "Feature", "properties": {"id": "24136", "fid": 62664117, "name": "Unnamed", "featureType": "HV_SwitchingStation", "city": null, "postcode": null, "voltage": null, "feeder": "AZ1231", "address": null, "state": "Inservice", "layer": "hvSwitching"}, "geometry": {"type": "Point", "coordinates": [150.93152347260707, -33.94109035720128]}}, {"type": "Feature", "properties": {"id": "25482", "fid": 62686061, "name": "Unnamed", "featureType": "HV_SwitchingStation", "city": null, "postcode": null, "voltage": null, "feeder": "WQ1256", "address": null, "state": "Inservice", "layer": "hvSwitching"}, "geometry": {"type": "Point", "coordinates": [150.91015626585025, -33.83684786693177]}}, {"type": "Feature", "properties": {"id": "24618", "fid": 62802337, "name": "Unnamed", "featureType": "HV_SwitchingStation", "city": null, "postcode": null, "voltage": null, "feeder": "A053", "address": null, "state": "Inservice", "layer": "hvSwitching"}, "geometry": {"type": "Point", "coordinates": [150.89850897962228, -33.66562438477744]}}, {"type": "Feature", "properties": {"id": "25838", "fid": 64145068, "name": "Unnamed", "featureType": "HV_SwitchingStation", "city": null, "postcode": null, "voltage": null, "feeder": "MYC2", "address": null, "state": "Inservice", "layer": "hvSwitching"}, "geometry": {"type": "Point", "coordinates": [150.88437455178422, -34.405057193775434]}}, {"type": "Feature", "properties": {"id": "28248", "fid": 66469215, "name": "Unnamed", "featureType": "HV_SwitchingStation", "city": null, "postcode": null, "voltage": null, "feeder": "A047", "address": null, "state": "Inservice", "layer": "hvSwitching"}, "geometry": {"type": "Point", "coordinates": [150.85722889378505, -33.67028660340056]}}, {"type": "Feature", "properties": {"id": "28370", "fid": 66578566, "name": "Unnamed", "featureType": "HV_SwitchingStation", "city": null, "postcode": null, "voltage": null, "feeder": "RS1292", "address": null, "state": "Inservice", "layer": "hvSwitching"}, "geometry": {"type": "Point", "coordinates": [151.03115016641576, -33.82102298005046]}}, {"type": "Feature", "properties": {"id": "29442", "fid": 77371819, "name": "Unnamed", "featureType": "HV_SwitchingStation", "city": null, "postcode": null, "voltage": null, "feeder": "SHB2", "address": null, "state": "Inservice", "layer": "hvSwitching"}, "geometry": {"type": "Point", "coordinates": [150.83900186172315, -34.56183123015987]}}, {"type": "Feature", "properties": {"id": "29940", "fid": 78006752, "name": "Unnamed", "featureType": "HV_SwitchingStation", "city": null, "postcode": null, "voltage": null, "feeder": "CA1284", "address": null, "state": "Inservice", "layer": "hvSwitching"}, "geometry": {"type": "Point", "coordinates": [150.89871835938274, -33.966281652486636]}}, {"type": "Feature", "properties": {"id": "32300", "fid": 78007873, "name": "Unnamed", "featureType": "HV_SwitchingStation", "city": null, "postcode": null, "voltage": null, "feeder": "FT1202", "address": null, "state": "Inservice", "layer": "hvSwitching"}, "geometry": {"type": "Point", "coordinates": [150.82999388549052, -34.447407518964724]}}, {"type": "Feature", "properties": {"id": "32424", "fid": 78295682, "name": "Unnamed", "featureType": "HV_SwitchingStation", "city": null, "postcode": null, "voltage": null, "feeder": "CJ1282", "address": null, "state": "Inservice", "layer": "hvSwitching"}, "geometry": {"type": "Point", "coordinates": [150.98874742427424, -33.72747712323924]}}, {"type": "Feature", "properties": {"id": "32945", "fid": 78516807, "name": "Unnamed", "featureType": "HV_SwitchingStation", "city": null, "postcode": null, "voltage": null, "feeder": "APA2", "address": null, "state": "Inservice", "layer": "hvSwitching"}, "geometry": {"type": "Point", "coordinates": [150.78115780599012, -34.590733953421015]}}, {"type": "Feature", "properties": {"id": "33811", "fid": 79045879, "name": "Unnamed", "featureType": "HV_SwitchingStation", "city": null, "postcode": null, "voltage": null, "feeder": "J493", "address": null, "state": "Inservice", "layer": "hvSwitching"}, "geometry": {"type": "Point", "coordinates": [150.84227845889967, -34.067941654728415]}}, {"type": "Feature", "properties": {"id": "33858", "fid": 79046102, "name": "Unnamed", "featureType": "HV_SwitchingStation", "city": null, "postcode": null, "voltage": null, "feeder": "D851", "address": null, "state": "Inservice", "layer": "hvSwitching"}, "geometry": {"type": "Point", "coordinates": [150.9538374933868, -33.88189544227755]}}, {"type": "Feature", "properties": {"id": "33755", "fid": 79363765, "name": "Unnamed", "featureType": "HV_SwitchingStation", "city": null, "postcode": null, "voltage": null, "feeder": "J459", "address": null, "state": "Inservice", "layer": "hvSwitching"}, "geometry": {"type": "Point", "coordinates": [150.81150277997753, -34.02518492730034]}}, {"type": "Feature", "properties": {"id": "53967", "fid": 81871527, "name": "Unnamed", "featureType": "HV_SwitchingStation", "city": null, "postcode": null, "voltage": null, "feeder": "54651", "address": null, "state": "Inservice", "layer": "hvSwitching"}, "geometry": {"type": "Point", "coordinates": [150.80849761902425, -33.83467075015593]}}, {"type": "Feature", "properties": {"id": "54212", "fid": 82054757, "name": "Unnamed", "featureType": "HV_SwitchingStation", "city": null, "postcode": null, "voltage": null, "feeder": "27338", "address": null, "state": "Inservice", "layer": "hvSwitching"}, "geometry": {"type": "Point", "coordinates": [150.85503637494458, -33.99395449900847]}}, {"type": "Feature", "properties": {"id": "54361", "fid": 81980975, "name": "Unnamed", "featureType": "HV_SwitchingStation", "city": null, "postcode": null, "voltage": null, "feeder": "MM1192", "address": null, "state": "Inservice", "layer": "hvSwitching"}, "geometry": {"type": "Point", "coordinates": [150.7735191556468, -33.822502973132096]}}, {"type": "Feature", "properties": {"id": "33978", "fid": 79084405, "name": "Unnamed", "featureType": "HV_SwitchingStation", "city": null, "postcode": null, "voltage": null, "feeder": "NA1281", "address": null, "state": "Inservice", "layer": "hvSwitching"}, "geometry": {"type": "Point", "coordinates": [150.6179082200113, -34.89615222007203]}}, {"type": "Feature", "properties": {"id": "33648", "fid": 78858020, "name": "Unnamed", "featureType": "HV_SwitchingStation", "city": null, "postcode": null, "voltage": null, "feeder": "W196", "address": null, "state": "Inservice", "layer": "hvSwitching"}, "geometry": {"type": "Point", "coordinates": [150.8663457428664, -34.00683254530687]}}, {"type": "Feature", "properties": {"id": "34163", "fid": 79420860, "name": "Unnamed", "featureType": "HV_SwitchingStation", "city": null, "postcode": null, "voltage": null, "feeder": "OP1282", "address": null, "state": "Inservice", "layer": "hvSwitching"}, "geometry": {"type": "Point", "coordinates": [150.72527910471916, -34.02615119840062]}}, {"type": "Feature", "properties": {"id": "36668", "fid": 81170043, "name": "Unnamed", "featureType": "HV_SwitchingStation", "city": null, "postcode": null, "voltage": null, "feeder": "MM1182", "address": null, "state": "Inservice", "layer": "hvSwitching"}, "geometry": {"type": "Point", "coordinates": [150.79600366558594, -33.817813964970846]}}, {"type": "Feature", "properties": {"id": "36482", "fid": 81170120, "name": "Unnamed", "featureType": "HV_SwitchingStation", "city": null, "postcode": null, "voltage": null, "feeder": "MM1182", "address": null, "state": "Inservice", "layer": "hvSwitching"}, "geometry": {"type": "Point", "coordinates": [150.7959895479425, -33.81784801182482]}}, {"type": "Feature", "properties": {"id": "36565", "fid": 82061199, "name": "Unnamed", "featureType": "HV_SwitchingStation", "city": null, "postcode": null, "voltage": null, "feeder": "AZ1294", "address": null, "state": "Inservice", "layer": "hvSwitching"}, "geometry": {"type": "Point", "coordinates": [150.92402482386152, -33.9475201879364]}}, {"type": "Feature", "properties": {"id": "54230", "fid": 82161736, "name": "Unnamed", "featureType": "HV_SwitchingStation", "city": null, "postcode": null, "voltage": null, "feeder": "54701", "address": null, "state": "Inservice", "layer": "hvSwitching"}, "geometry": {"type": "Point", "coordinates": [150.80970164222498, -33.83910008951569]}}, {"type": "Feature", "properties": {"id": "55631", "fid": 83689530, "name": "Unnamed", "featureType": "HV_SwitchingStation", "city": null, "postcode": null, "voltage": null, "feeder": "54684", "address": null, "state": "Inservice", "layer": "hvSwitching"}, "geometry": {"type": "Point", "coordinates": [150.82232812935447, -33.833957435014696]}}, {"type": "Feature", "properties": {"id": "54913", "fid": 85542709, "name": "Unnamed", "featureType": "HV_SwitchingStation", "city": null, "postcode": null, "voltage": null, "feeder": "NE1230", "address": null, "state": "Inservice", "layer": "hvSwitching"}, "geometry": {"type": "Point", "coordinates": [150.8379219364776, -33.81023954417969]}}, {"type": "Feature", "properties": {"id": "54910", "fid": 83322379, "name": "Unnamed", "featureType": "HV_SwitchingStation", "city": null, "postcode": null, "voltage": null, "feeder": "AZ1216", "address": null, "state": "Inservice", "layer": "hvSwitching"}, "geometry": {"type": "Point", "coordinates": [150.92367435969152, -33.94436491248496]}}, {"type": "Feature", "properties": {"id": "96190", "fid": 86677051, "name": "Unnamed", "featureType": "HV_SwitchingStation", "city": null, "postcode": null, "voltage": null, "feeder": "CN1254", "address": null, "state": "Inservice", "layer": "hvSwitching"}, "geometry": {"type": "Point", "coordinates": [150.96482387464474, -33.92324283105958]}}, {"type": "Feature", "properties": {"id": "36113", "fid": 82415501, "name": "Unnamed", "featureType": "HV_SwitchingStation", "city": null, "postcode": null, "voltage": null, "feeder": "19816", "address": null, "state": "Inservice", "layer": "hvSwitching"}, "geometry": {"type": "Point", "coordinates": [150.99886858591623, -33.70349118492432]}}, {"type": "Feature", "properties": {"id": "96595", "fid": 88730989, "name": "Unnamed", "featureType": "HV_SwitchingStation", "city": null, "postcode": null, "voltage": null, "feeder": "MR2291", "address": null, "state": "Inservice", "layer": "hvSwitching"}, "geometry": {"type": "Point", "coordinates": [150.92490472223693, -33.6717583038472]}}, {"type": "Feature", "properties": {"id": "96596", "fid": 88730994, "name": "Unnamed", "featureType": "HV_SwitchingStation", "city": null, "postcode": null, "voltage": null, "feeder": "MR2270", "address": null, "state": "Inservice", "layer": "hvSwitching"}, "geometry": {"type": "Point", "coordinates": [150.92495903129998, -33.67179115463001]}}, {"type": "Feature", "properties": {"id": "95408", "fid": 85941521, "name": "Unnamed", "featureType": "HV_SwitchingStation", "city": null, "postcode": null, "voltage": null, "feeder": "W187", "address": null, "state": "Inservice", "layer": "hvSwitching"}, "geometry": {"type": "Point", "coordinates": [150.841840309779, -34.00529520338223]}}, {"type": "Feature", "properties": {"id": "95406", "fid": 85941525, "name": "Unnamed", "featureType": "HV_SwitchingStation", "city": null, "postcode": null, "voltage": null, "feeder": "27340", "address": null, "state": "Inservice", "layer": "hvSwitching"}, "geometry": {"type": "Point", "coordinates": [150.84201750465795, -34.00539534905747]}}, {"type": "Feature", "properties": {"id": "42091", "fid": 66815476, "name": "Unnamed", "featureType": "HV_SwitchingStation", "city": null, "postcode": null, "voltage": null, "feeder": "NWF2", "address": null, "state": "Inservice", "layer": "hvSwitching"}, "geometry": {"type": "Point", "coordinates": [150.8928553877109, -34.411569802407094]}}, {"type": "Feature", "properties": {"id": "18874", "fid": 83277380, "name": "Unnamed", "featureType": "HV_SwitchingStation", "city": null, "postcode": null, "voltage": null, "feeder": "WP1212", "address": null, "state": "Inservice", "layer": "hvSwitching"}, "geometry": {"type": "Point", "coordinates": [151.00681533282727, -33.81498934725656]}}, {"type": "Feature", "properties": {"id": "54797", "fid": 83381999, "name": "Unnamed", "featureType": "HV_SwitchingStation", "city": null, "postcode": null, "voltage": null, "feeder": "9015", "address": null, "state": "Inservice", "layer": "hvSwitching"}, "geometry": {"type": "Point", "coordinates": [150.71169481851092, -33.75887834250758]}}, {"type": "Feature", "properties": {"id": "95092", "fid": 85680662, "name": "Unnamed", "featureType": "HV_SwitchingStation", "city": null, "postcode": null, "voltage": null, "feeder": "MM1232", "address": null, "state": "Inservice", "layer": "hvSwitching"}, "geometry": {"type": "Point", "coordinates": [150.79953485897926, -33.82677877022806]}}, {"type": "Feature", "properties": {"id": "55155", "fid": 85960951, "name": "Unnamed", "featureType": "HV_SwitchingStation", "city": null, "postcode": null, "voltage": null, "feeder": "WM1142", "address": null, "state": "Inservice", "layer": "hvSwitching"}, "geometry": {"type": "Point", "coordinates": [150.98849447163553, -33.807623148312956]}}, {"type": "Feature", "properties": {"id": "55613", "fid": 86557838, "name": "Unnamed", "featureType": "HV_SwitchingStation", "city": null, "postcode": null, "voltage": null, "feeder": "35769", "address": null, "state": "Inservice", "layer": "hvSwitching"}, "geometry": {"type": "Point", "coordinates": [150.76264781288253, -33.74100084587786]}}, {"type": "Feature", "properties": {"id": "10748", "fid": 51219955, "name": "Unnamed", "featureType": "HV_SwitchingStation", "city": null, "postcode": null, "voltage": null, "feeder": "SC1216", "address": null, "state": "Inservice", "layer": "hvSwitching"}, "geometry": {"type": "Point", "coordinates": [150.88366562557442, -33.7120610046058]}}, {"type": "Feature", "properties": {"id": "55047", "fid": 83185821, "name": "Unnamed", "featureType": "HV_SwitchingStation", "city": null, "postcode": null, "voltage": null, "feeder": "NE1279", "address": null, "state": "Inservice", "layer": "hvSwitching"}, "geometry": {"type": "Point", "coordinates": [150.83733095108263, -33.80463441103505]}}, {"type": "Feature", "properties": {"id": "13606", "fid": 83701577, "name": "Unnamed", "featureType": "HV_SwitchingStation", "city": null, "postcode": null, "voltage": null, "feeder": "CT1243", "address": null, "state": "Inservice", "layer": "hvSwitching"}, "geometry": {"type": "Point", "coordinates": [150.81533870535583, -34.06624399000405]}}, {"type": "Feature", "properties": {"id": "97567", "fid": 88929778, "name": "Unnamed", "featureType": "HV_SwitchingStation", "city": null, "postcode": null, "voltage": null, "feeder": "SK2242", "address": null, "state": "Inservice", "layer": "hvSwitching"}, "geometry": {"type": "Point", "coordinates": [150.78299569307853, -33.84293619548385]}}, {"type": "Feature", "properties": {"id": "15307", "fid": 82399724, "name": "Unnamed", "featureType": "HV_SwitchingStation", "city": null, "postcode": null, "voltage": null, "feeder": "CV1210", "address": null, "state": "Inservice", "layer": "hvSwitching"}, "geometry": {"type": "Point", "coordinates": [150.93250147065413, -33.89141233579756]}}, {"type": "Feature", "properties": {"id": "36821", "fid": 82199235, "name": "Unnamed", "featureType": "HV_SwitchingStation", "city": null, "postcode": null, "voltage": null, "feeder": "68204", "address": null, "state": "Inservice", "layer": "hvSwitching"}, "geometry": {"type": "Point", "coordinates": [150.91242425480556, -33.86453372344893]}}, {"type": "Feature", "properties": {"id": "29453", "fid": 77711134, "name": "Unnamed", "featureType": "HV_SwitchingStation", "city": null, "postcode": null, "voltage": null, "feeder": "C891", "address": null, "state": "Inservice", "layer": "hvSwitching"}, "geometry": {"type": "Point", "coordinates": [150.75954963799714, -33.75111239818499]}}, {"type": "Feature", "properties": {"id": "96409", "fid": 88652596, "name": "Unnamed", "featureType": "HV_SwitchingStation", "city": null, "postcode": null, "voltage": null, "feeder": "SK2242", "address": null, "state": "Inservice", "layer": "hvSwitching"}, "geometry": {"type": "Point", "coordinates": [150.78806933113955, -33.83769912715151]}}, {"type": "Feature", "properties": {"id": "15456", "fid": 51219852, "name": "Unnamed", "featureType": "HV_SwitchingStation", "city": null, "postcode": null, "voltage": null, "feeder": "J482", "address": null, "state": "Inservice", "layer": "hvSwitching"}, "geometry": {"type": "Point", "coordinates": [150.83955825733221, -34.05202841038275]}}, {"type": "Feature", "properties": {"id": "12686", "fid": 51219877, "name": "Unnamed", "featureType": "HV_SwitchingStation", "city": null, "postcode": null, "voltage": null, "feeder": "35442", "address": null, "state": "Inservice", "layer": "hvSwitching"}, "geometry": {"type": "Point", "coordinates": [150.9347805016634, -33.92147532161231]}}, {"type": "Feature", "properties": {"id": "22461", "fid": 60226727, "name": "Unnamed", "featureType": "HV_SwitchingStation", "city": null, "postcode": null, "voltage": null, "feeder": "BL1213", "address": null, "state": "Inservice", "layer": "hvSwitching"}, "geometry": {"type": "Point", "coordinates": [150.91723278967507, -34.32929064725605]}}, {"type": "Feature", "properties": {"id": "27277", "fid": 64910298, "name": "Unnamed", "featureType": "HV_SwitchingStation", "city": null, "postcode": null, "voltage": null, "feeder": "WL1254", "address": null, "state": "Inservice", "layer": "hvSwitching"}, "geometry": {"type": "Point", "coordinates": [150.87240593010756, -33.93267424663982]}}, {"type": "Feature", "properties": {"id": "27573", "fid": 66023330, "name": "Unnamed", "featureType": "HV_SwitchingStation", "city": null, "postcode": null, "voltage": null, "feeder": "NE1212", "address": null, "state": "Inservice", "layer": "hvSwitching"}, "geometry": {"type": "Point", "coordinates": [150.83933773001277, -33.80267360073749]}}, {"type": "Feature", "properties": {"id": "27628", "fid": 66161607, "name": "Unnamed", "featureType": "HV_SwitchingStation", "city": null, "postcode": null, "voltage": null, "feeder": "BJ1255", "address": null, "state": "Inservice", "layer": "hvSwitching"}, "geometry": {"type": "Point", "coordinates": [150.36695657249228, -34.52096503245799]}}, {"type": "Feature", "properties": {"id": "27602", "fid": 66178877, "name": "Unnamed", "featureType": "HV_SwitchingStation", "city": null, "postcode": null, "voltage": null, "feeder": "HT1277", "address": null, "state": "Inservice", "layer": "hvSwitching"}, "geometry": {"type": "Point", "coordinates": [150.8875053688977, -33.80443963530733]}}, {"type": "Feature", "properties": {"id": "27379", "fid": 66229856, "name": "Unnamed", "featureType": "HV_SwitchingStation", "city": null, "postcode": null, "voltage": null, "feeder": "OP1262", "address": null, "state": "Inservice", "layer": "hvSwitching"}, "geometry": {"type": "Point", "coordinates": [150.76065331567696, -34.01986611470947]}}, {"type": "Feature", "properties": {"id": "28069", "fid": 66299814, "name": "Unnamed", "featureType": "HV_SwitchingStation", "city": null, "postcode": null, "voltage": null, "feeder": "49373", "address": null, "state": "Inservice", "layer": "hvSwitching"}, "geometry": {"type": "Point", "coordinates": [150.9500166278447, -33.74403196842061]}}, {"type": "Feature", "properties": {"id": "29058", "fid": 67151852, "name": "Unnamed", "featureType": "HV_SwitchingStation", "city": null, "postcode": null, "voltage": null, "feeder": "54699", "address": null, "state": "Inservice", "layer": "hvSwitching"}, "geometry": {"type": "Point", "coordinates": [150.83768268388957, -33.81645869567056]}}, {"type": "Feature", "properties": {"id": "15452", "fid": 51219820, "name": "Unnamed", "featureType": "HV_SwitchingStation", "city": null, "postcode": null, "voltage": null, "feeder": "J502", "address": null, "state": "Inservice", "layer": "hvSwitching"}, "geometry": {"type": "Point", "coordinates": [150.81771006473485, -34.08299764922628]}}, {"type": "Feature", "properties": {"id": "21115", "fid": 51220038, "name": "Unnamed", "featureType": "HV_SwitchingStation", "city": null, "postcode": null, "voltage": null, "feeder": "SHA2", "address": null, "state": "Inservice", "layer": "hvSwitching"}, "geometry": {"type": "Point", "coordinates": [150.83187481558346, -34.56897908982681]}}, {"type": "Feature", "properties": {"id": "23461", "fid": 61461020, "name": "Unnamed", "featureType": "HV_SwitchingStation", "city": null, "postcode": null, "voltage": null, "feeder": "49341", "address": null, "state": "Inservice", "layer": "hvSwitching"}, "geometry": {"type": "Point", "coordinates": [150.9568793654662, -33.75619197896395]}}, {"type": "Feature", "properties": {"id": "24291", "fid": 62579736, "name": "Unnamed", "featureType": "HV_SwitchingStation", "city": null, "postcode": null, "voltage": null, "feeder": "A046", "address": null, "state": "Inservice", "layer": "hvSwitching"}, "geometry": {"type": "Point", "coordinates": [150.85916207914946, -33.64651904002926]}}, {"type": "Feature", "properties": {"id": "24936", "fid": 62801638, "name": "Unnamed", "featureType": "HV_SwitchingStation", "city": null, "postcode": null, "voltage": null, "feeder": "SHB2", "address": null, "state": "Inservice", "layer": "hvSwitching"}, "geometry": {"type": "Point", "coordinates": [150.8551085364296, -34.56738359030356]}}, {"type": "Feature", "properties": {"id": "13290", "fid": 51219830, "name": "Unnamed", "featureType": "HV_SwitchingStation", "city": null, "postcode": null, "voltage": null, "feeder": "J480", "address": null, "state": "Inservice", "layer": "hvSwitching"}, "geometry": {"type": "Point", "coordinates": [150.81713145787668, -34.02306558717811]}}, {"type": "Feature", "properties": {"id": "15287", "fid": 51219835, "name": "Unnamed", "featureType": "HV_SwitchingStation", "city": null, "postcode": null, "voltage": null, "feeder": "J462", "address": null, "state": "Inservice", "layer": "hvSwitching"}, "geometry": {"type": "Point", "coordinates": [150.83721191773813, -34.031619423445335]}}, {"type": "Feature", "properties": {"id": "15458", "fid": 51219851, "name": "Unnamed", "featureType": "HV_SwitchingStation", "city": null, "postcode": null, "voltage": null, "feeder": "J491", "address": null, "state": "Inservice", "layer": "hvSwitching"}, "geometry": {"type": "Point", "coordinates": [150.84206070821136, -34.05520182805151]}}, {"type": "Feature", "properties": {"id": "3900", "fid": 51219857, "name": "Unnamed", "featureType": "HV_SwitchingStation", "city": null, "postcode": null, "voltage": null, "feeder": "W182", "address": null, "state": "Inservice", "layer": "hvSwitching"}, "geometry": {"type": "Point", "coordinates": [150.8495491251379, -34.00113973485444]}}, {"type": "Feature", "properties": {"id": "17631", "fid": 51219884, "name": "Unnamed", "featureType": "HV_SwitchingStation", "city": null, "postcode": null, "voltage": null, "feeder": "CN1210", "address": null, "state": "Inservice", "layer": "hvSwitching"}, "geometry": {"type": "Point", "coordinates": [150.94836659269646, -33.90221100635749]}}, {"type": "Feature", "properties": {"id": "14485", "fid": 51219886, "name": "Unnamed", "featureType": "HV_SwitchingStation", "city": null, "postcode": null, "voltage": null, "feeder": "4870", "address": null, "state": "Inservice", "layer": "hvSwitching"}, "geometry": {"type": "Point", "coordinates": [150.97937784637966, -33.87139897538699]}}, {"type": "Feature", "properties": {"id": "17848", "fid": 51219891, "name": "Unnamed", "featureType": "HV_SwitchingStation", "city": null, "postcode": null, "voltage": null, "feeder": "WH1224", "address": null, "state": "Inservice", "layer": "hvSwitching"}, "geometry": {"type": "Point", "coordinates": [150.83338671713156, -33.790071298003745]}}, {"type": "Feature", "properties": {"id": "17248", "fid": 51219945, "name": "Unnamed", "featureType": "HV_SwitchingStation", "city": null, "postcode": null, "voltage": null, "feeder": "NK1362", "address": null, "state": "Inservice", "layer": "hvSwitching"}, "geometry": {"type": "Point", "coordinates": [151.01022416453455, -33.772275857864635]}}, {"type": "Feature", "properties": {"id": "18414", "fid": 51219951, "name": "Unnamed", "featureType": "HV_SwitchingStation", "city": null, "postcode": null, "voltage": null, "feeder": "CJ1253", "address": null, "state": "Inservice", "layer": "hvSwitching"}, "geometry": {"type": "Point", "coordinates": [150.98587338010347, -33.72363985235169]}}, {"type": "Feature", "properties": {"id": "13888", "fid": 51220007, "name": "Unnamed", "featureType": "HV_SwitchingStation", "city": null, "postcode": null, "voltage": null, "feeder": "J480", "address": null, "state": "Inservice", "layer": "hvSwitching"}, "geometry": {"type": "Point", "coordinates": [150.82509239161308, -34.02388810976355]}}, {"type": "Feature", "properties": {"id": "28108", "fid": 61447933, "name": "Unnamed", "featureType": "HV_SwitchingStation", "city": null, "postcode": null, "voltage": null, "feeder": "48203", "address": null, "state": "Inservice", "layer": "hvSwitching"}, "geometry": {"type": "Point", "coordinates": [150.85067790689038, -33.91478669785481]}}, {"type": "Feature", "properties": {"id": "22979", "fid": 61449364, "name": "Unnamed", "featureType": "HV_SwitchingStation", "city": null, "postcode": null, "voltage": null, "feeder": "SHH2", "address": null, "state": "Inservice", "layer": "hvSwitching"}, "geometry": {"type": "Point", "coordinates": [150.84836444089748, -34.59532697457892]}}, {"type": "Feature", "properties": {"id": "24619", "fid": 63963023, "name": "Unnamed", "featureType": "HV_SwitchingStation", "city": null, "postcode": null, "voltage": null, "feeder": "A055", "address": null, "state": "Inservice", "layer": "hvSwitching"}, "geometry": {"type": "Point", "coordinates": [150.89044824751184, -33.66182527894472]}}, {"type": "Feature", "properties": {"id": "25752", "fid": 64121041, "name": "Unnamed", "featureType": "HV_SwitchingStation", "city": null, "postcode": null, "voltage": null, "feeder": "46397", "address": null, "state": "Inservice", "layer": "hvSwitching"}, "geometry": {"type": "Point", "coordinates": [150.9135760475409, -33.76395999691957]}}, {"type": "Feature", "properties": {"id": "25979", "fid": 64344750, "name": "Unnamed", "featureType": "HV_SwitchingStation", "city": null, "postcode": null, "voltage": null, "feeder": "49008", "address": null, "state": "Inservice", "layer": "hvSwitching"}, "geometry": {"type": "Point", "coordinates": [150.89106543231608, -33.73861704773784]}}, {"type": "Feature", "properties": {"id": "26611", "fid": 66240115, "name": "Unnamed", "featureType": "HV_SwitchingStation", "city": null, "postcode": null, "voltage": null, "feeder": "HR1250", "address": null, "state": "Inservice", "layer": "hvSwitching"}, "geometry": {"type": "Point", "coordinates": [150.9699508129545, -33.8072721136733]}}, {"type": "Feature", "properties": {"id": "29057", "fid": 67151860, "name": "Unnamed", "featureType": "HV_SwitchingStation", "city": null, "postcode": null, "voltage": null, "feeder": "54647", "address": null, "state": "Inservice", "layer": "hvSwitching"}, "geometry": {"type": "Point", "coordinates": [150.83760618859122, -33.81641461465991]}}, {"type": "Feature", "properties": {"id": "28202", "fid": 67253994, "name": "Unnamed", "featureType": "HV_SwitchingStation", "city": null, "postcode": null, "voltage": null, "feeder": "A318", "address": null, "state": "Inservice", "layer": "hvSwitching"}, "geometry": {"type": "Point", "coordinates": [150.93768208792955, -33.91838158671147]}}, {"type": "Feature", "properties": {"id": "28201", "fid": 67254003, "name": "Unnamed", "featureType": "HV_SwitchingStation", "city": null, "postcode": null, "voltage": null, "feeder": "A318", "address": null, "state": "Inservice", "layer": "hvSwitching"}, "geometry": {"type": "Point", "coordinates": [150.9376717419654, -33.91842761557465]}}, {"type": "Feature", "properties": {"id": "29214", "fid": 77789326, "name": "Unnamed", "featureType": "HV_SwitchingStation", "city": null, "postcode": null, "voltage": null, "feeder": "NN1281", "address": null, "state": "Inservice", "layer": "hvSwitching"}, "geometry": {"type": "Point", "coordinates": [150.72209288061643, -34.07324151097098]}}, {"type": "Feature", "properties": {"id": "29876", "fid": 77740365, "name": "Unnamed", "featureType": "HV_SwitchingStation", "city": null, "postcode": null, "voltage": null, "feeder": "FT1202", "address": null, "state": "Inservice", "layer": "hvSwitching"}, "geometry": {"type": "Point", "coordinates": [150.82841782477914, -34.45128536864485]}}, {"type": "Feature", "properties": {"id": "29730", "fid": 78005553, "name": "Unnamed", "featureType": "HV_SwitchingStation", "city": null, "postcode": null, "voltage": null, "feeder": "GV1297", "address": null, "state": "Inservice", "layer": "hvSwitching"}, "geometry": {"type": "Point", "coordinates": [151.01551170570826, -33.84076084297346]}}, {"type": "Feature", "properties": {"id": "95417", "fid": 86301186, "name": "Unnamed", "featureType": "HV_SwitchingStation", "city": null, "postcode": null, "voltage": null, "feeder": "MM1232", "address": null, "state": "Inservice", "layer": "hvSwitching"}, "geometry": {"type": "Point", "coordinates": [150.77365501317132, -33.82201470906946]}}, {"type": "Feature", "properties": {"id": "29361", "fid": 78062749, "name": "Unnamed", "featureType": "HV_SwitchingStation", "city": null, "postcode": null, "voltage": null, "feeder": "LP1442", "address": null, "state": "Inservice", "layer": "hvSwitching"}, "geometry": {"type": "Point", "coordinates": [150.9288763843044, -33.920468607936236]}}, {"type": "Feature", "properties": {"id": "29502", "fid": 78117826, "name": "Unnamed", "featureType": "HV_SwitchingStation", "city": null, "postcode": null, "voltage": null, "feeder": "SC1289", "address": null, "state": "Inservice", "layer": "hvSwitching"}, "geometry": {"type": "Point", "coordinates": [150.90445788898086, -33.69490959128994]}}, {"type": "Feature", "properties": {"id": "33115", "fid": 78566581, "name": "Unnamed", "featureType": "HV_SwitchingStation", "city": null, "postcode": null, "voltage": null, "feeder": "RV1220", "address": null, "state": "Inservice", "layer": "hvSwitching"}, "geometry": {"type": "Point", "coordinates": [150.90714378064632, -34.340920903751986]}}, {"type": "Feature", "properties": {"id": "29592", "fid": 77357323, "name": "Unnamed", "featureType": "HV_SwitchingStation", "city": null, "postcode": null, "voltage": null, "feeder": "ULC2", "address": null, "state": "Inservice", "layer": "hvSwitching"}, "geometry": {"type": "Point", "coordinates": [150.46223348097976, -35.32542779823271]}}, {"type": "Feature", "properties": {"id": "33055", "fid": 79242146, "name": "Unnamed", "featureType": "HV_SwitchingStation", "city": null, "postcode": null, "voltage": null, "feeder": "MS1122", "address": null, "state": "Inservice", "layer": "hvSwitching"}, "geometry": {"type": "Point", "coordinates": [150.83249775397246, -33.69811489227965]}}, {"type": "Feature", "properties": {"id": "33677", "fid": 79077199, "name": "Unnamed", "featureType": "HV_SwitchingStation", "city": null, "postcode": null, "voltage": null, "feeder": "NM1243", "address": null, "state": "Inservice", "layer": "hvSwitching"}, "geometry": {"type": "Point", "coordinates": [150.9990006788047, -33.79753970329385]}}, {"type": "Feature", "properties": {"id": "33678", "fid": 79077293, "name": "Unnamed", "featureType": "HV_SwitchingStation", "city": null, "postcode": null, "voltage": null, "feeder": "NM1243", "address": null, "state": "Inservice", "layer": "hvSwitching"}, "geometry": {"type": "Point", "coordinates": [150.99905482789873, -33.79762620831047]}}, {"type": "Feature", "properties": {"id": "34771", "fid": 79617187, "name": "Unnamed", "featureType": "HV_SwitchingStation", "city": null, "postcode": null, "voltage": null, "feeder": "MR2298", "address": null, "state": "Inservice", "layer": "hvSwitching"}, "geometry": {"type": "Point", "coordinates": [150.92622554441854, -33.67303009086225]}}, {"type": "Feature", "properties": {"id": "36333", "fid": 81315766, "name": "Unnamed", "featureType": "HV_SwitchingStation", "city": null, "postcode": null, "voltage": null, "feeder": "NA1225", "address": null, "state": "Inservice", "layer": "hvSwitching"}, "geometry": {"type": "Point", "coordinates": [150.58087069705553, -34.90545941194398]}}, {"type": "Feature", "properties": {"id": "33902", "fid": 79164980, "name": "Unnamed", "featureType": "HV_SwitchingStation", "city": null, "postcode": null, "voltage": null, "feeder": "WQ1249", "address": null, "state": "Inservice", "layer": "hvSwitching"}, "geometry": {"type": "Point", "coordinates": [150.91351937043, -33.85071428689314]}}, {"type": "Feature", "properties": {"id": "33655", "fid": 78993272, "name": "Unnamed", "featureType": "HV_SwitchingStation", "city": null, "postcode": null, "voltage": null, "feeder": "J514", "address": null, "state": "Inservice", "layer": "hvSwitching"}, "geometry": {"type": "Point", "coordinates": [150.89484754558865, -33.98824835775205]}}, {"type": "Feature", "properties": {"id": "36615", "fid": 81051084, "name": "Unnamed", "featureType": "HV_SwitchingStation", "city": null, "postcode": null, "voltage": null, "feeder": "X872", "address": null, "state": "Inservice", "layer": "hvSwitching"}, "geometry": {"type": "Point", "coordinates": [151.03334340464093, -33.73820477596653]}}, {"type": "Feature", "properties": {"id": "36669", "fid": 81169951, "name": "Unnamed", "featureType": "HV_SwitchingStation", "city": null, "postcode": null, "voltage": null, "feeder": "MM1272", "address": null, "state": "Inservice", "layer": "hvSwitching"}, "geometry": {"type": "Point", "coordinates": [150.7962564778033, -33.817174029993346]}}, {"type": "Feature", "properties": {"id": "35905", "fid": 80780107, "name": "Unnamed", "featureType": "HV_SwitchingStation", "city": null, "postcode": null, "voltage": null, "feeder": "SQ1212", "address": null, "state": "Inservice", "layer": "hvSwitching"}, "geometry": {"type": "Point", "coordinates": [150.83895510220086, -33.7194364311747]}}, {"type": "Feature", "properties": {"id": "96356", "fid": 86427606, "name": "Unnamed", "featureType": "HV_SwitchingStation", "city": null, "postcode": null, "voltage": null, "feeder": "CT1243", "address": null, "state": "Inservice", "layer": "hvSwitching"}, "geometry": {"type": "Point", "coordinates": [150.81630942949224, -34.06732628899704]}}, {"type": "Feature", "properties": {"id": "96233", "fid": 86633906, "name": "Unnamed", "featureType": "HV_SwitchingStation", "city": null, "postcode": null, "voltage": null, "feeder": "SHC2", "address": null, "state": "Inservice", "layer": "hvSwitching"}, "geometry": {"type": "Point", "coordinates": [150.84511362229023, -34.600398703314845]}}, {"type": "Feature", "properties": {"id": "96234", "fid": 86633912, "name": "Unnamed", "featureType": "HV_SwitchingStation", "city": null, "postcode": null, "voltage": null, "feeder": "SHK2", "address": null, "state": "Inservice", "layer": "hvSwitching"}, "geometry": {"type": "Point", "coordinates": [150.8450581320726, -34.600484084783055]}}, {"type": "Feature", "properties": {"id": "96994", "fid": 89112076, "name": "Unnamed", "featureType": "HV_SwitchingStation", "city": null, "postcode": null, "voltage": null, "feeder": "48185", "address": null, "state": "Inservice", "layer": "hvSwitching"}, "geometry": {"type": "Point", "coordinates": [150.81283422652746, -33.933333365986165]}}, {"type": "Feature", "properties": {"id": "96358", "fid": 87009993, "name": "Unnamed", "featureType": "HV_SwitchingStation", "city": null, "postcode": null, "voltage": null, "feeder": "WQ1234", "address": null, "state": "Inservice", "layer": "hvSwitching"}, "geometry": {"type": "Point", "coordinates": [150.90851998564708, -33.84171435226276]}}, {"type": "Feature", "properties": {"id": "96942", "fid": 88385460, "name": "Unnamed", "featureType": "HV_SwitchingStation", "city": null, "postcode": null, "voltage": null, "feeder": "SK2312", "address": null, "state": "Inservice", "layer": "hvSwitching"}, "geometry": {"type": "Point", "coordinates": [150.80331226552084, -33.84399344821221]}}, {"type": "Feature", "properties": {"id": "96946", "fid": 88385571, "name": "Unnamed", "featureType": "HV_SwitchingStation", "city": null, "postcode": null, "voltage": null, "feeder": "SK2312", "address": null, "state": "Inservice", "layer": "hvSwitching"}, "geometry": {"type": "Point", "coordinates": [150.7975453808201, -33.84858386933725]}}, {"type": "Feature", "properties": {"id": "36656", "fid": 82348922, "name": "Unnamed", "featureType": "HV_SwitchingStation", "city": null, "postcode": null, "voltage": null, "feeder": "WP1201", "address": null, "state": "Inservice", "layer": "hvSwitching"}, "geometry": {"type": "Point", "coordinates": [151.00574579805675, -33.8159915611173]}}, {"type": "Feature", "properties": {"id": "97120", "fid": 89408804, "name": "Unnamed", "featureType": "HV_SwitchingStation", "city": null, "postcode": null, "voltage": null, "feeder": null, "address": null, "state": "Proposed", "layer": "hvSwitching"}, "geometry": {"type": "Point", "coordinates": [150.91306196099785, -33.749173280007476]}}, {"type": "Feature", "properties": {"id": "97199", "fid": 89038930, "name": "Unnamed", "featureType": "HV_SwitchingStation", "city": null, "postcode": null, "voltage": null, "feeder": null, "address": null, "state": "Proposed", "layer": "hvSwitching"}, "geometry": {"type": "Point", "coordinates": [151.0112567200869, -33.817555298585795]}}, {"type": "Feature", "properties": {"id": "96267", "fid": 86630128, "name": "Unnamed", "featureType": "HV_SwitchingStation", "city": null, "postcode": null, "voltage": null, "feeder": null, "address": null, "state": "Proposed", "layer": "hvSwitching"}, "geometry": {"type": "Point", "coordinates": [150.95436257256972, -33.84941399357396]}}, {"type": "Feature", "properties": {"id": "97699", "fid": 89826805, "name": "Unnamed", "featureType": "HV_SwitchingStation", "city": null, "postcode": null, "voltage": null, "feeder": null, "address": null, "state": "Proposed", "layer": "hvSwitching"}, "geometry": {"type": "Point", "coordinates": [150.84944278662576, -33.654627979235705]}}, {"type": "Feature", "properties": {"id": "53740", "fid": 82136777, "name": "Unnamed", "featureType": "HV_SwitchingStation", "city": null, "postcode": null, "voltage": null, "feeder": "A095", "address": null, "state": "Proposed", "layer": "hvSwitching"}, "geometry": {"type": "Point", "coordinates": [150.73455838914782, -33.844469613620284]}}, {"type": "Feature", "properties": {"id": "97766", "fid": 89517311, "name": "Unnamed", "featureType": "HV_SwitchingStation", "city": null, "postcode": null, "voltage": null, "feeder": null, "address": null, "state": "Proposed", "layer": "hvSwitching"}, "geometry": {"type": "Point", "coordinates": [150.98948872528996, -33.726085666346435]}}, {"type": "Feature", "properties": {"id": "54936", "fid": 82837152, "name": "Unnamed", "featureType": "HV_SwitchingStation", "city": null, "postcode": null, "voltage": null, "feeder": null, "address": null, "state": "Proposed", "layer": "hvSwitching"}, "geometry": {"type": "Point", "coordinates": [150.7287594216071, -33.939354658529496]}}, {"type": "Feature", "properties": {"id": "97150", "fid": 89934912, "name": "Unnamed", "featureType": "HV_SwitchingStation", "city": null, "postcode": null, "voltage": null, "feeder": null, "address": null, "state": "Proposed", "layer": "hvSwitching"}, "geometry": {"type": "Point", "coordinates": [150.85209825641235, -33.82242590443877]}}, {"type": "Feature", "properties": {"id": "98106", "fid": 90003733, "name": "Unnamed", "featureType": "HV_SwitchingStation", "city": null, "postcode": null, "voltage": null, "feeder": null, "address": null, "state": "Proposed", "layer": "hvSwitching"}, "geometry": {"type": "Point", "coordinates": [150.92415705666016, -33.92556801692482]}}, {"type": "Feature", "properties": {"id": "97731", "fid": 90018632, "name": "Unnamed", "featureType": "HV_SwitchingStation", "city": null, "postcode": null, "voltage": null, "feeder": null, "address": null, "state": "Proposed", "layer": "hvSwitching"}, "geometry": {"type": "Point", "coordinates": [150.79137584443006, -33.85264789191714]}}, {"type": "Feature", "properties": {"id": "95109", "fid": 86457808, "name": "Unnamed", "featureType": "HV_SwitchingStation", "city": null, "postcode": null, "voltage": null, "feeder": null, "address": null, "state": "Proposed", "layer": "hvSwitching"}, "geometry": {"type": "Point", "coordinates": [150.73639275116807, -33.884896987824526]}}, {"type": "Feature", "properties": {"id": "97698", "fid": 89826808, "name": "Unnamed", "featureType": "HV_SwitchingStation", "city": null, "postcode": null, "voltage": null, "feeder": null, "address": null, "state": "Proposed", "layer": "hvSwitching"}, "geometry": {"type": "Point", "coordinates": [150.84946071847116, -33.654587642874176]}}, {"type": "Feature", "properties": {"id": "97849", "fid": 89784758, "name": "Unnamed", "featureType": "HV_SwitchingStation", "city": null, "postcode": null, "voltage": null, "feeder": null, "address": null, "state": "Proposed", "layer": "hvSwitching"}, "geometry": {"type": "Point", "coordinates": [150.8191113039474, -33.68423914391402]}}, {"type": "Feature", "properties": {"id": "55654", "fid": 85664253, "name": "Unnamed", "featureType": "HV_SwitchingStation", "city": null, "postcode": null, "voltage": null, "feeder": "A081", "address": null, "state": "Proposed Removed", "layer": "hvSwitching"}, "geometry": {"type": "Point", "coordinates": [150.9475866259198, -33.779802033853905]}}, {"type": "Feature", "properties": {"id": "55140", "fid": 85669267, "name": "Unnamed", "featureType": "HV_SwitchingStation", "city": null, "postcode": null, "voltage": null, "feeder": "CS1221", "address": null, "state": "Proposed Removed", "layer": "hvSwitching"}, "geometry": {"type": "Point", "coordinates": [150.7507339914725, -33.78517370527383]}}, {"type": "Feature", "properties": {"id": "55141", "fid": 85669269, "name": "Unnamed", "featureType": "HV_SwitchingStation", "city": null, "postcode": null, "voltage": null, "feeder": "CS1291", "address": null, "state": "Proposed Removed", "layer": "hvSwitching"}, "geometry": {"type": "Point", "coordinates": [150.7507323706334, -33.78511801646821]}}, {"type": "Feature", "properties": {"id": "15286", "fid": 51219845, "name": "Unnamed", "featureType": "HV_SwitchingStation", "city": null, "postcode": null, "voltage": null, "feeder": "J462", "address": null, "state": "Proposed Removed", "layer": "hvSwitching"}, "geometry": {"type": "Point", "coordinates": [150.83583489749753, -34.03515514025873]}}, {"type": "Feature", "properties": {"id": "15471", "fid": 51219843, "name": "Unnamed", "featureType": "HV_SwitchingStation", "city": null, "postcode": null, "voltage": null, "feeder": "CT1225", "address": null, "state": "Proposed Removed", "layer": "hvSwitching"}, "geometry": {"type": "Point", "coordinates": [150.80954711520747, -34.044515139417534]}}, {"type": "Feature", "properties": {"id": "27916", "fid": 66956979, "name": "Unnamed", "featureType": "HV_SwitchingStation", "city": null, "postcode": null, "voltage": null, "feeder": "RD1229", "address": null, "state": "Proposed Removed", "layer": "hvSwitching"}, "geometry": {"type": "Point", "coordinates": [151.03859711869183, -33.81167131835531]}}, {"type": "Feature", "properties": {"id": "33679", "fid": 78870196, "name": "Unnamed", "featureType": "HV_SwitchingStation", "city": null, "postcode": null, "voltage": null, "feeder": "CT1225", "address": null, "state": "Proposed Removed", "layer": "hvSwitching"}, "geometry": {"type": "Point", "coordinates": [150.80532653001524, -34.043874570430255]}}]}